Workbook

Sheet Chênh lệch ST tháng 08
F1: =5.635+5.08+0.47 -> 11.185 | G1: =F1-I26314 -> 11.185 | J1: =4.08+4.24+4.22 -> 12.54
B2: c | E2: , | H2: =SUBTOTAL(9,H4:H2084) -> 15490.6 | I2: =SUBTOTAL(9,I4:I2084) -> 13152.002 | J2: =SUBTOTAL(9,J4:J2084) -> 2338.598 | K2: =SUBTOTAL(9,K4:K76990) -> 0 | N2: =SUBTOTAL(9,N4:N2084) -> 122.039 | O2: =SUBTOTAL(9,O4:O2084) -> 108.577 | P2: =SUBTOTAL(9,P4:P2084) -> 2107.982 | Q2: =J2-N2-O2-P2 -> 0 | W2: Nơi nhận | AB2: DC phản hồi | AD2: KFM THÔNG TIN | AI2: =SUBTOTAL(9,AI4:AI153632) -> #N/A | AJ2: =SUBTOTAL(9,AJ4:AJ153632) -> #N/A | AK2: =SUBTOTAL(9,AK4:AK153632) -> #N/A | AL2: =SUBTOTAL(9,AL4:AL153632) -> #N/A | AM2: =SUBTOTAL(9,AM4:AM153632) -> #N/A | AN2: =SUBTOTAL(9,AN4:AN153632) -> #N/A
A3: Người xử lý | B3: Ngày chuyển hàng | C3: Chi nhánh nhận | D3: ID ST | E3: Mã hàng | F3: Tên Hàng | G3: ĐVT | H3: Số lượng chuyển | I3: Số lượng nhận | J3: Chênh lệch | K3: PT chuyển hàng | L3: Column 50 | M3: TO | N3: Hạo hụt tự nhiên | O3: SL trả tồn về ST | P3: SL chênh lệch CXD | Q3: PT Trả tồn về ST | R3: PT trả tồn về DC | S3: PT DC pick dư | T3: NOTE | U3: Trạng thái | V3: Lỗi | W3: Hao hụt | X3: Siêu thị | Y3: Kho rau | Z3: Xử lý | AA3: Link hình ảnh | AB3: DC xác nhận | AC3: NOTE 2 | AD3: KFM phản hồi | AE3: NOTE 3 | AF3: CLV2 | AG3: Loại hàng | AH3: % Hao hụt | AI3: Giá nhập ( -VAT) | AJ3: Tổng GT | AK3: Tổng hao hụt | AL3: Tổng ST | AM3: Tổng kho rau | AN3: Tổng chưa xác định | AO3: GSM phụ trách | AP3: RSM phụ trách | AQ3: Khu vực | AR3: Thọ Note | AS3: Lịch đi hàng | AT3: Cột 46 | AU3: CLV4 | AV3: Column 48 | AW3: Column 49 | AX3: Column 50 2
B4: 46235 | C4: KFM_HCM_Q09 - 367 Nguyễn Văn Tăng | D4: =VLOOKUP(C4,'DS ST'!A:B,2,0) -> NVT | E4: 1100992 | F4: DƯA LƯỚI VỎ XANH RUỘT CAM | G4: KG | H4: 10.1 | I4: 10.06 | J4: =H4-I4 -> 0.04 | K4: PT1598490 | L4: =K4&E4 -> PT15984901100992 | M4: TO227271 | N4: 0.04 | P4: =H4-I4-N4-O4 -> 0 | T4: hình kdb | U4: Thiếu Item trong kiện | V4: Hao hụt | W4: =IF(VALUE(N4)<=0,"",IF(TRIM(V4)="Hao hụt","Hao hụt","Hao hụt")) -> Hao hụt | X4: =IF(AND(N(O4)>0,OR(V4="DC giao bù",V4="VT giao sai điểm",V4="ST nhập thiếu",V4="DC pick sai",V4="ST kiểm sai QT",V4="ST thông tin sai")),"Siêu thị","") | Y4: =IF(N(P4)<=0,"",IF(OR(T4="Hình KDB",T4="Hình tele",ISNUMBER(SEARCH("Hình KDB",T4)),ISNUMBER(SEARCH("Hình tele",T4)),ISNUMBER(SEARCH("sai code",T4)),ISNUMBER(SEARCH("Thiếu kiện",U4))),"Kho rau",IF(AND(T4<>"Hình KDB",T4<>"Hình tele"),"Chưa xác định",IF(N(O4)>0,IF(OR(T4="Hình KDB",T4="Hình tele",ISNUMBER(SEARCH("Hình KDB",T4)),ISNUMBER(SEARCH("Hình tele",T4)),ISNUMBER(SEARCH("sai code",T4)),ISNUMBER(SEARCH("Thiếu kiện",U4))),"Kho rau","Chưa xác định"),IF(OR(T4="Hình KDB",T4="Hình tele",ISNUMBER(SEARCH("Hình KDB",T4)),ISNUMBER(SEARCH("Hình tele",T4)),ISNUMBER(SEARCH("sai code",T4)),ISNUMBER(SEARCH("Thiếu kiện",U4))),"Kho rau",IF(V4="Chưa xác định","Chưa xác định",IF(OR(V4="DC giao thiếu",V4="TX giao thiếu kiện",V4="Hàng không đạt CL"),"Kho rau",""))))))) | Z4: Hoàn Thành | AF4: {=xlookup($E:$E,'CLV2'!$A:$A,'CLV2'!E:E)} -> 2.FRUITS | AG4: =if(G4="KG","KG","Pack") -> KG | AH4: =J4/H4 -> 0.003960396 | AI4: {=XLOOKUP(E4,'Đơn giá'!A:A,'Đơn giá'!D:D)} -> 37000 | AJ4: =AI4*J4 -> 1480 | AK4: =IF($W:$W="Hao hụt", AI4*N4, 0) -> 1480 | AL4: =IF($X:$X="Siêu thị", AI4*O4, 0) -> 0 | AM4: =IF($Y:$Y="Kho rau", AI4*P4, 0) -> 0 | AN4: =IF($Y:$Y="Chưa xác định", AI4*P4, 0) -> 0 | AO4: {=XLOOKUP($D:$D,'DS ST'!$J:$J,'DS ST'!K:K)} -> SC002203 - Nguyễn Thị Ngọc Bích | AP4: {=XLOOKUP($D:$D,'DS ST'!$J:$J,'DS ST'!L:L)} -> Nguyễn Thị Cà | AQ4: {=XLOOKUP($D:$D,'DS ST'!$J:$J,'DS ST'!M:M)} -> HCM 005 | AT4: {=xlookup($E:$E,'CLV2'!$A:$A,'CLV2'!$F:$F)} -> 3.LOCAL FRUITS | AU4: {=xlookup($E:$E,'CLV2'!$A:$A,'CLV2'!$G:$G)} -> 4.Dưa Lưới
B5: 46235 | C5: KFM_HCM_Q09 - 367 Nguyễn Văn Tăng | D5: =VLOOKUP(C5,'DS ST'!A:B,2,0) -> NVT | E5: 1101302 | F5: CHUỐI GIÀ GIỐNG NAM MỸ | G5: KG | H5: 8 | I5: 7.98 | J5: =H5-I5 -> 0.02 | K5: PT1598490 | L5: =K5&E5 -> PT15984901101302 | M5: TO227271 | N5: 0.02 | P5: =H5-I5-N5-O5 -> 0 | T5: hình kdb | U5: Thiếu Item trong kiện | V5: Hao hụt | W5: =IF(VALUE(N5)<=0,"",IF(TRIM(V5)="Hao hụt","Hao hụt","Hao hụt")) -> Hao hụt | X5: =IF(AND(N(O5)>0,OR(V5="DC giao bù",V5="VT giao sai điểm",V5="ST nhập thiếu",V5="DC pick sai",V5="ST kiểm sai QT",V5="ST thông tin sai")),"Siêu thị","") | Y5: =IF(N(P5)<=0,"",IF(OR(T5="Hình KDB",T5="Hình tele",ISNUMBER(SEARCH("Hình KDB",T5)),ISNUMBER(SEARCH("Hình tele",T5)),ISNUMBER(SEARCH("sai code",T5)),ISNUMBER(SEARCH("Thiếu kiện",U5))),"Kho rau",IF(AND(T5<>"Hình KDB",T5<>"Hình tele"),"Chưa xác định",IF(N(O5)>0,IF(OR(T5="Hình KDB",T5="Hình tele",ISNUMBER(SEARCH("Hình KDB",T5)),ISNUMBER(SEARCH("Hình tele",T5)),ISNUMBER(SEARCH("sai code",T5)),ISNUMBER(SEARCH("Thiếu kiện",U5))),"Kho rau","Chưa xác định"),IF(OR(T5="Hình KDB",T5="Hình tele",ISNUMBER(SEARCH("Hình KDB",T5)),ISNUMBER(SEARCH("Hình tele",T5)),ISNUMBER(SEARCH("sai code",T5)),ISNUMBER(SEARCH("Thiếu kiện",U5))),"Kho rau",IF(V5="Chưa xác định","Chưa xác định",IF(OR(V5="DC giao thiếu",V5="TX giao thiếu kiện",V5="Hàng không đạt CL"),"Kho rau",""))))))) | Z5: Hoàn Thành | AF5: {=xlookup($E:$E,'CLV2'!$A:$A,'CLV2'!E:E)} -> 2.FRUITS | AG5: =if(G5="KG","KG","Pack") -> KG | AH5: =J5/H5 -> 0.0025 | AI5: {=XLOOKUP(E5,'Đơn giá'!A:A,'Đơn giá'!D:D)} -> 17500 | AJ5: =AI5*J5 -> 350 | AK5: =IF($W:$W="Hao hụt", AI5*N5, 0) -> 350 | AL5: =IF($X:$X="Siêu thị", AI5*O5, 0) -> 0 | AM5: =IF($Y:$Y="Kho rau", AI5*P5, 0) -> 0 | AN5: =IF($Y:$Y="Chưa xác định", AI5*P5, 0) -> 0 | AO5: {=XLOOKUP($D:$D,'DS ST'!$J:$J,'DS ST'!K:K)} -> SC002203 - Nguyễn Thị Ngọc Bích | AP5: {=XLOOKUP($D:$D,'DS ST'!$J:$J,'DS ST'!L:L)} -> Nguyễn Thị Cà | AQ5: {=XLOOKUP($D:$D,'DS ST'!$J:$J,'DS ST'!M:M)} -> HCM 005 | AT5: {=xlookup($E:$E,'CLV2'!$A:$A,'CLV2'!$F:$F)} -> 3.LOCAL FRUITS | AU5: {=xlookup($E:$E,'CLV2'!$A:$A,'CLV2'!$G:$G)} -> 4.Chuối
B6: 46235 | C6: KFM_HCM_BTA - 46 Nguyễn Thị Tú | D6: =VLOOKUP(C6,'DS ST'!A:B,2,0) -> NTU | E6: SP001932 | F6: BON - BÁNH DONUT 80G | G6: CÁI | H6: 1 | I6: 0 | J6: =H6-I6 -> 1 | K6: PT1598563 | L6: =K6&E6 -> PT1598563SP001932 | M6: TO227296 | O6: 1 | P6: =H6-I6-N6-O6 -> 0 | Q6: PT1610050 | U6: Thiếu Item trong kiện | V6: ST nhập thiếu | W6: =IF(VALUE(N6)<=0,"",IF(TRIM(V6)="Hao hụt","Hao hụt","Hao hụt")) | X6: =IF(AND(N(O6)>0,OR(V6="DC giao bù",V6="VT giao sai điểm",V6="ST nhập thiếu",V6="DC pick sai",V6="ST kiểm sai QT",V6="ST thông tin sai")),"Siêu thị","") -> Siêu thị | Z6: Hoàn Thành | AF6: {=xlookup($E:$E,'CLV2'!$A:$A,'CLV2'!E:E)} -> 2.BAKERY | AG6: =if(G6="KG","KG","Pack") -> Pack | AH6: =J6/H6 -> 1 | AI6: {=XLOOKUP(E6,'Đơn giá'!A:A,'Đơn giá'!D:D)} -> 10299 | AJ6: =AI6*J6 -> 10299 | AK6: =IF($W:$W="Hao hụt", AI6*N6, 0) -> 0 | AL6: =IF($X:$X="Siêu thị", AI6*O6, 0) -> 10299 | AM6: =IF($Y:$Y="Kho rau", AI6*P6, 0) -> 0 | AN6: =IF($Y:$Y="Chưa xác định", AI6*P6, 0) -> 0 | AO6: {=XLOOKUP($D:$D,'DS ST'!$J:$J,'DS ST'!K:K)} -> SC013823 - Lê Văn Ninh | AP6: {=XLOOKUP($D:$D,'DS ST'!$J:$J,'DS ST'!L:L)} -> Võ Thị Huệ | AQ6: {=XLOOKUP($D:$D,'DS ST'!$J:$J,'DS ST'!M:M)} -> HCM 012 | AT6: {=xlookup($E:$E,'CLV2'!$A:$A,'CLV2'!$F:$F)} -> 3.BREADS | AU6: {=xlookup($E:$E,'CLV2'!$A:$A,'CLV2'!$G:$G)} -> 4.BÁNH TƯƠI DATE NGẮN
B7: 46235 | C7: KFM_HCM_BTA - 46 Nguyễn Thị Tú | D7: =VLOOKUP(C7,'DS ST'!A:B,2,0) -> NTU | E7: SP001572 | F7: BON - BÁNH SANDWICH LÚA MẠCH 200G | G7: GÓI | H7: 1 | I7: 0 | J7: =H7-I7 -> 1 | K7: PT1598563 | L7: =K7&E7 -> PT1598563SP001572 | M7: TO227296 | O7: 1 | P7: =H7-I7-N7-O7 -> 0 | Q7: PT1610050 | U7: Thiếu Item trong kiện | V7: ST nhập thiếu | W7: =IF(VALUE(N7)<=0,"",IF(TRIM(V7)="Hao hụt","Hao hụt","Hao hụt")) | X7: =IF(AND(N(O7)>0,OR(V7="DC giao bù",V7="VT giao sai điểm",V7="ST nhập thiếu",V7="DC pick sai",V7="ST kiểm sai QT",V7="ST thông tin sai")),"Siêu thị","") -> Siêu thị | Z7: Hoàn Thành | AF7: {=xlookup($E:$E,'CLV2'!$A:$A,'CLV2'!E:E)} -> 2.BAKERY | AG7: =if(G7="KG","KG","Pack") -> Pack | AH7: =J7/H7 -> 1 | AI7: {=XLOOKUP(E7,'Đơn giá'!A:A,'Đơn giá'!D:D)} -> 21493 | AJ7: =AI7*J7 -> 21493 | AK7: =IF($W:$W="Hao hụt", AI7*N7, 0) -> 0 | AL7: =IF($X:$X="Siêu thị", AI7*O7, 0) -> 21493 | AM7: =IF($Y:$Y="Kho rau", AI7*P7, 0) -> 0 | AN7: =IF($Y:$Y="Chưa xác định", AI7*P7, 0) -> 0 | AO7: {=XLOOKUP($D:$D,'DS ST'!$J:$J,'DS ST'!K:K)} -> SC013823 - Lê Văn Ninh | AP7: {=XLOOKUP($D:$D,'DS ST'!$J:$J,'DS ST'!L:L)} -> Võ Thị Huệ | AQ7: {=XLOOKUP($D:$D,'DS ST'!$J:$J,'DS ST'!M:M)} -> HCM 012 | AT7: {=xlookup($E:$E,'CLV2'!$A:$A,'CLV2'!$F:$F)} -> 3.BREADS | AU7: {=xlookup($E:$E,'CLV2'!$A:$A,'CLV2'!$G:$G)} -> 4.BÁNH TƯƠI DATE NGẮN
B8: 46235 | C8: KFM_HCM_BTA - 46 Nguyễn Thị Tú | D8: =VLOOKUP(C8,'DS ST'!A:B,2,0) -> NTU | E8: 8936109824228 | F8: SAINT HONORE - BÁNH MÌ TRUYỀN THỐNG MINI 200G (40G x 5 CÁI) | G8: GÓI | H8: 2 | I8: 0 | J8: =H8-I8 -> 2 | K8: PT1598563 | L8: =K8&E8 -> PT15985638936109824228 | M8: TO227296 | O8: 2 | P8: =H8-I8-N8-O8 -> 0 | Q8: PT1610050 | U8: Thiếu Item trong kiện | V8: ST nhập thiếu | W8: =IF(VALUE(N8)<=0,"",IF(TRIM(V8)="Hao hụt","Hao hụt","Hao hụt")) | X8: =IF(AND(N(O8)>0,OR(V8="DC giao bù",V8="VT giao sai điểm",V8="ST nhập thiếu",V8="DC pick sai",V8="ST kiểm sai QT",V8="ST thông tin sai")),"Siêu thị","") -> Siêu thị | Z8: Hoàn Thành | AF8: {=xlookup($E:$E,'CLV2'!$A:$A,'CLV2'!E:E)} -> 2.BAKERY | AG8: =if(G8="KG","KG","Pack") -> Pack | AH8: =J8/H8 -> 1 | AI8: {=XLOOKUP(E8,'Đơn giá'!A:A,'Đơn giá'!D:D)} -> 10500 | AJ8: =AI8*J8 -> 21000 | AK8: =IF($W:$W="Hao hụt", AI8*N8, 0) -> 0 | AL8: =IF($X:$X="Siêu thị", AI8*O8, 0) -> 21000 | AM8: =IF($Y:$Y="Kho rau", AI8*P8, 0) -> 0 | AN8: =IF($Y:$Y="Chưa xác định", AI8*P8, 0) -> 0 | AO8: {=XLOOKUP($D:$D,'DS ST'!$J:$J,'DS ST'!K:K)} -> SC013823 - Lê Văn Ninh | AP8: {=XLOOKUP($D:$D,'DS ST'!$J:$J,'DS ST'!L:L)} -> Võ Thị Huệ | AQ8: {=XLOOKUP($D:$D,'DS ST'!$J:$J,'DS ST'!M:M)} -> HCM 012 | AT8: {=xlookup($E:$E,'CLV2'!$A:$A,'CLV2'!$F:$F)} -> 3.BREADS | AU8: {=xlookup($E:$E,'CLV2'!$A:$A,'CLV2'!$G:$G)} -> 4.BÁNH TƯƠI DATE NGẮN
B9: 46235 | C9: KFM_HCM_BTA - 46 Nguyễn Thị Tú | D9: =VLOOKUP(C9,'DS ST'!A:B,2,0) -> NTU | E9: SP001587 | F9: BON - BÁNH CROISSANT BƠ TỎI 120G (20G x 6 CÁI) | G9: HỘP | H9: 2 | I9: 0 | J9: =H9-I9 -> 2 | K9: PT1598563 | L9: =K9&E9 -> PT1598563SP001587 | M9: TO227296 | O9: 2 | P9: =H9-I9-N9-O9 -> 0 | Q9: PT1610050 | U9: Thiếu Item trong kiện | V9: ST nhập thiếu | W9: =IF(VALUE(N9)<=0,"",IF(TRIM(V9)="Hao hụt","Hao hụt","Hao hụt")) | X9: =IF(AND(N(O9)>0,OR(V9="DC giao bù",V9="VT giao sai điểm",V9="ST nhập thiếu",V9="DC pick sai",V9="ST kiểm sai QT",V9="ST thông tin sai")),"Siêu thị","") -> Siêu thị | Z9: Hoàn Thành | AF9: {=xlookup($E:$E,'CLV2'!$A:$A,'CLV2'!E:E)} -> 2.BAKERY | AG9: =if(G9="KG","KG","Pack") -> Pack | AH9: =J9/H9 -> 1 | AI9: {=XLOOKUP(E9,'Đơn giá'!A:A,'Đơn giá'!D:D)} -> 15329 | AJ9: =AI9*J9 -> 30658 | AK9: =IF($W:$W="Hao hụt", AI9*N9, 0) -> 0 | AL9: =IF($X:$X="Siêu thị", AI9*O9, 0) -> 30658 | AM9: =IF($Y:$Y="Kho rau", AI9*P9, 0) -> 0 | AN9: =IF($Y:$Y="Chưa xác định", AI9*P9, 0) -> 0 | AO9: {=XLOOKUP($D:$D,'DS ST'!$J:$J,'DS ST'!K:K)} -> SC013823 - Lê Văn Ninh | AP9: {=XLOOKUP($D:$D,'DS ST'!$J:$J,'DS ST'!L:L)} -> Võ Thị Huệ | AQ9: {=XLOOKUP($D:$D,'DS ST'!$J:$J,'DS ST'!M:M)} -> HCM 012 | AT9: {=xlookup($E:$E,'CLV2'!$A:$A,'CLV2'!$F:$F)} -> 3.BREADS | AU9: {=xlookup($E:$E,'CLV2'!$A:$A,'CLV2'!$G:$G)} -> 4.BÁNH TƯƠI DATE NGẮN
B10: 46235 | C10: KFM_HCM_BCH - 511 Quốc Lộ 50 | D10: =VLOOKUP(C10,'DS ST'!A:B,2,0) -> Q50 | E10: 1100992 | F10: DƯA LƯỚI VỎ XANH RUỘT CAM | G10: KG | H10: 10.1 | I10: 10 | J10: =H10-I10 -> 0.1 | K10: PT1598561 | L10: =K10&E10 -> PT15985611100992 | M10: TO227245 | N10: 0.1 | P10: =H10-I10-N10-O10 -> 0 | T10: hình kdb | U10: Thiếu Item trong kiện | V10: Hao hụt | W10: =IF(VALUE(N10)<=0,"",IF(TRIM(V10)="Hao hụt","Hao hụt","Hao hụt")) -> Hao hụt | X10: =IF(AND(N(O10)>0,OR(V10="DC giao bù",V10="VT giao sai điểm",V10="ST nhập thiếu",V10="DC pick sai",V10="ST kiểm sai QT",V10="ST thông tin sai")),"Siêu thị","") | Y10: =IF(N(P10)<=0,"",IF(OR(T10="Hình KDB",T10="Hình tele",ISNUMBER(SEARCH("Hình KDB",T10)),ISNUMBER(SEARCH("Hình tele",T10)),ISNUMBER(SEARCH("sai code",T10)),ISNUMBER(SEARCH("Thiếu kiện",U10))),"Kho rau",IF(AND(T10<>"Hình KDB",T10<>"Hình tele"),"Chưa xác định",IF(N(O10)>0,IF(OR(T10="Hình KDB",T10="Hình tele",ISNUMBER(SEARCH("Hình KDB",T10)),ISNUMBER(SEARCH("Hình tele",T10)),ISNUMBER(SEARCH("sai code",T10)),ISNUMBER(SEARCH("Thiếu kiện",U10))),"Kho rau","Chưa xác định"),IF(OR(T10="Hình KDB",T10="Hình tele",ISNUMBER(SEARCH("Hình KDB",T10)),ISNUMBER(SEARCH("Hình tele",T10)),ISNUMBER(SEARCH("sai code",T10)),ISNUMBER(SEARCH("Thiếu kiện",U10))),"Kho rau",IF(V10="Chưa xác định","Chưa xác định",IF(OR(V10="DC giao thiếu",V10="TX giao thiếu kiện",V10="Hàng không đạt CL"),"Kho rau",""))))))) | Z10: Hoàn Thành | AF10: {=xlookup($E:$E,'CLV2'!$A:$A,'CLV2'!E:E)} -> 2.FRUITS | AG10: =if(G10="KG","KG","Pack") -> KG | AH10: =J10/H10 -> 0.0099009901 | AI10: {=XLOOKUP(E10,'Đơn giá'!A:A,'Đơn giá'!D:D)} -> 37000 | AJ10: =AI10*J10 -> 3700 | AK10: =IF($W:$W="Hao hụt", AI10*N10, 0) -> 3700 | AL10: =IF($X:$X="Siêu thị", AI10*O10, 0) -> 0 | AM10: =IF($Y:$Y="Kho rau", AI10*P10, 0) -> 0 | AN10: =IF($Y:$Y="Chưa xác định", AI10*P10, 0) -> 0 | AO10: {=XLOOKUP($D:$D,'DS ST'!$J:$J,'DS ST'!K:K)} -> SC005255 - Hồng Trọng Nghĩa | AP10: {=XLOOKUP($D:$D,'DS ST'!$J:$J,'DS ST'!L:L)} -> Võ Thị Huệ | AQ10: {=XLOOKUP($D:$D,'DS ST'!$J:$J,'DS ST'!M:M)} -> HCM 022 | AT10: {=xlookup($E:$E,'CLV2'!$A:$A,'CLV2'!$F:$F)} -> 3.LOCAL FRUITS | AU10: {=xlookup($E:$E,'CLV2'!$A:$A,'CLV2'!$G:$G)} -> 4.Dưa Lưới
B11: 46235 | C11: KFM_HCM_Q07 - 116 Đường Số 8 KDC Nam Long | D11: =VLOOKUP(C11,'DS ST'!A:B,2,0) -> A220 | E11: 1101812 | F11: DƯA HẤU GIỐNG MỸ | G11: KG | H11: 15.4 | I11: 15.18 | J11: =H11-I11 -> 0.22 | K11: PT1598558 | L11: =K11&E11 -> PT15985581101812 | M11: TO227204 | N11: 0.22 | P11: =H11-I11-N11-O11 -> 0 | T11: hình kdb | U11: Thiếu Item trong kiện | V11: Hao hụt | W11: =IF(VALUE(N11)<=0,"",IF(TRIM(V11)="Hao hụt","Hao hụt","Hao hụt")) -> Hao hụt | X11: =IF(AND(N(O11)>0,OR(V11="DC giao bù",V11="VT giao sai điểm",V11="ST nhập thiếu",V11="DC pick sai",V11="ST kiểm sai QT",V11="ST thông tin sai")),"Siêu thị","") | Y11: =IF(N(P11)<=0,"",IF(OR(T11="Hình KDB",T11="Hình tele",ISNUMBER(SEARCH("Hình KDB",T11)),ISNUMBER(SEARCH("Hình tele",T11)),ISNUMBER(SEARCH("sai code",T11)),ISNUMBER(SEARCH("Thiếu kiện",U11))),"Kho rau",IF(AND(T11<>"Hình KDB",T11<>"Hình tele"),"Chưa xác định",IF(N(O11)>0,IF(OR(T11="Hình KDB",T11="Hình tele",ISNUMBER(SEARCH("Hình KDB",T11)),ISNUMBER(SEARCH("Hình tele",T11)),ISNUMBER(SEARCH("sai code",T11)),ISNUMBER(SEARCH("Thiếu kiện",U11))),"Kho rau","Chưa xác định"),IF(OR(T11="Hình KDB",T11="Hình tele",ISNUMBER(SEARCH("Hình KDB",T11)),ISNUMBER(SEARCH("Hình tele",T11)),ISNUMBER(SEARCH("sai code",T11)),ISNUMBER(SEARCH("Thiếu kiện",U11))),"Kho rau",IF(V11="Chưa xác định","Chưa xác định",IF(OR(V11="DC giao thiếu",V11="TX giao thiếu kiện",V11="Hàng không đạt CL"),"Kho rau",""))))))) | Z11: Hoàn Thành | AF11: {=xlookup($E:$E,'CLV2'!$A:$A,'CLV2'!E:E)} -> 2.FRUITS | AG11: =if(G11="KG","KG","Pack") -> KG | AH11: =J11/H11 -> 0.014285714 | AI11: {=XLOOKUP(E11,'Đơn giá'!A:A,'Đơn giá'!D:D)} -> 23000 | AJ11: =AI11*J11 -> 5060 | AK11: =IF($W:$W="Hao hụt", AI11*N11, 0) -> 5060 | AL11: =IF($X:$X="Siêu thị", AI11*O11, 0) -> 0 | AM11: =IF($Y:$Y="Kho rau", AI11*P11, 0) -> 0 | AN11: =IF($Y:$Y="Chưa xác định", AI11*P11, 0) -> 0 | AO11: {=XLOOKUP($D:$D,'DS ST'!$J:$J,'DS ST'!K:K)} -> #N/A | AP11: {=XLOOKUP($D:$D,'DS ST'!$J:$J,'DS ST'!L:L)} -> #N/A | AQ11: {=XLOOKUP($D:$D,'DS ST'!$J:$J,'DS ST'!M:M)} -> #N/A | AT11: {=xlookup($E:$E,'CLV2'!$A:$A,'CLV2'!$F:$F)} -> 3.LOCAL FRUITS | AU11: {=xlookup($E:$E,'CLV2'!$A:$A,'CLV2'!$G:$G)} -> 4.Dưa Hấu
B12: 46235 | C12: KFM_HCM_TDU - 222 Lê Văn Thịnh | D12: =VLOOKUP(C12,'DS ST'!A:B,2,0) -> LVH | E12: 11695 | F12: HÀNH TÂY TÍM ĐÀ LẠT 500G | G12: PACK | H12: 1 | I12: 0 | J12: =H12-I12 -> 1 | K12: PT1598557 | L12: =K12&E12 -> PT159855711695 | M12: TO227389 | P12: =H12-I12-N12-O12 -> 1 | U12: Thiếu Item trong kiện | V12: DC giao thiếu | W12: =IF(VALUE(N12)<=0,"",IF(TRIM(V12)="Hao hụt","Hao hụt","Hao hụt")) | X12: =IF(AND(N(O12)>0,OR(V12="DC giao bù",V12="VT giao sai điểm",V12="ST nhập thiếu",V12="DC pick sai",V12="ST kiểm sai QT",V12="ST thông tin sai")),"Siêu thị","") | Y12: Kho rau | Z12: Hoàn Thành | AF12: {=xlookup($E:$E,'CLV2'!$A:$A,'CLV2'!E:E)} -> 2.VEGETABLES | AG12: =if(G12="KG","KG","Pack") -> Pack | AH12: =J12/H12 -> 1 | AI12: {=XLOOKUP(E12,'Đơn giá'!A:A,'Đơn giá'!D:D)} -> 17893 | AJ12: =AI12*J12 -> 17893 | AK12: =IF($W:$W="Hao hụt", AI12*N12, 0) -> 0 | AL12: =IF($X:$X="Siêu thị", AI12*O12, 0) -> 0 | AM12: =IF($Y:$Y="Kho rau", AI12*P12, 0) -> 17893 | AN12: =IF($Y:$Y="Chưa xác định", AI12*P12, 0) -> 0 | AO12: {=XLOOKUP($D:$D,'DS ST'!$J:$J,'DS ST'!K:K)} -> SC010667 - Đào Hồng Hiện | AP12: {=XLOOKUP($D:$D,'DS ST'!$J:$J,'DS ST'!L:L)} -> Nguyễn Thị Cà | AQ12: {=XLOOKUP($D:$D,'DS ST'!$J:$J,'DS ST'!M:M)} -> HCM 035 | AT12: {=xlookup($E:$E,'CLV2'!$A:$A,'CLV2'!$F:$F)} -> 3.ROOT VEGGIES | AU12: {=xlookup($E:$E,'CLV2'!$A:$A,'CLV2'!$G:$G)} -> 4.Hành Tây
A13: Như | B13: 46235 | C13: KFM_HCM_BCH - A7-8 Valora Mizuki | D13: =VLOOKUP(C13,'DS ST'!A:B,2,0) -> MZ2 | E13: 8936076270318 | F13: SAVOURE - BÁNH HÌNH CUA NHỎ (CROISSANT MINI) 135G | G13: CÁI | H13: 6 | I13: 5 | J13: =H13-I13 -> 1 | K13: PT1598555 | L13: =K13&E13 -> PT15985558936076270318 | M13: TO227289 | P13: =H13-I13-N13-O13 -> 1 | T13: hình kdb | U13: Thiếu Item trong kiện | V13: DC giao thiếu | W13: =IF(VALUE(N13)<=0,"",IF(TRIM(V13)="Hao hụt","Hao hụt","Hao hụt")) | X13: =IF(AND(N(O13)>0,OR(V13="DC giao bù",V13="VT giao sai điểm",V13="ST nhập thiếu",V13="DC pick sai",V13="ST kiểm sai QT",V13="ST thông tin sai")),"Siêu thị","") | Y13: =IF(N(P13)<=0,"",IF(OR(T13="Hình KDB",T13="Hình tele",ISNUMBER(SEARCH("Hình KDB",T13)),ISNUMBER(SEARCH("Hình tele",T13)),ISNUMBER(SEARCH("sai code",T13)),ISNUMBER(SEARCH("Thiếu kiện",U13))),"Kho rau",IF(AND(T13<>"Hình KDB",T13<>"Hình tele"),"Chưa xác định",IF(N(O13)>0,IF(OR(T13="Hình KDB",T13="Hình tele",ISNUMBER(SEARCH("Hình KDB",T13)),ISNUMBER(SEARCH("Hình tele",T13)),ISNUMBER(SEARCH("sai code",T13)),ISNUMBER(SEARCH("Thiếu kiện",U13))),"Kho rau","Chưa xác định"),IF(OR(T13="Hình KDB",T13="Hình tele",ISNUMBER(SEARCH("Hình KDB",T13)),ISNUMBER(SEARCH("Hình tele",T13)),ISNUMBER(SEARCH("sai code",T13)),ISNUMBER(SEARCH("Thiếu kiện",U13))),"Kho rau",IF(V13="Chưa xác định","Chưa xác định",IF(OR(V13="DC giao thiếu",V13="TX giao thiếu kiện",V13="Hàng không đạt CL"),"Kho rau",""))))))) -> Kho rau | Z13: Hoàn Thành | AB13: Đồng ý claim | AF13: {=xlookup($E:$E,'CLV2'!$A:$A,'CLV2'!E:E)} -> 2.BAKERY | AG13: =if(G13="KG","KG","Pack") -> Pack | AH13: =J13/H13 -> 0.16666667 | AI13: {=XLOOKUP(E13,'Đơn giá'!A:A,'Đơn giá'!D:D)} -> 11865 | AJ13: =AI13*J13 -> 11865 | AK13: =IF($W:$W="Hao hụt", AI13*N13, 0) -> 0 | AL13: =IF($X:$X="Siêu thị", AI13*O13, 0) -> 0 | AM13: =IF($Y:$Y="Kho rau", AI13*P13, 0) -> 11865 | AN13: =IF($Y:$Y="Chưa xác định", AI13*P13, 0) -> 0 | AO13: {=XLOOKUP($D:$D,'DS ST'!$J:$J,'DS ST'!K:K)} -> SC005255 - Hồng Trọng Nghĩa | AP13: {=XLOOKUP($D:$D,'DS ST'!$J:$J,'DS ST'!L:L)} -> Võ Thị Huệ | AQ13: {=XLOOKUP($D:$D,'DS ST'!$J:$J,'DS ST'!M:M)} -> HCM 022 | AT13: {=xlookup($E:$E,'CLV2'!$A:$A,'CLV2'!$F:$F)} -> 3.BREADS | AU13: {=xlookup($E:$E,'CLV2'!$A:$A,'CLV2'!$G:$G)} -> 4.BÁNH TƯƠI DATE NGẮN
B14: 46235 | C14: KFM_HCM_Q06 - 229A Tân Hòa Đông | D14: =VLOOKUP(C14,'DS ST'!A:B,2,0) -> THD | E14: 11670 | F14: MĂNG TÂY SIZE LỚN 250G | G14: GÓI | H14: 1 | I14: 0 | J14: =H14-I14 -> 1 | K14: PT1598554 | L14: =K14&E14 -> PT159855411670 | M14: TO227304 | P14: =H14-I14-N14-O14 -> 1 | R14: x | U14: Thiếu Item trong kiện | V14: DC giao thiếu | W14: =IF(VALUE(N14)<=0,"",IF(TRIM(V14)="Hao hụt","Hao hụt","Hao hụt")) | X14: =IF(AND(N(O14)>0,OR(V14="DC giao bù",V14="VT giao sai điểm",V14="ST nhập thiếu",V14="DC pick sai",V14="ST kiểm sai QT",V14="ST thông tin sai")),"Siêu thị","") | Y14: Kho rau | Z14: Hoàn Thành | AF14: {=xlookup($E:$E,'CLV2'!$A:$A,'CLV2'!E:E)} -> 2.VEGETABLES | AG14: =if(G14="KG","KG","Pack") -> Pack | AH14: =J14/H14 -> 1 | AI14: {=XLOOKUP(E14,'Đơn giá'!A:A,'Đơn giá'!D:D)} -> 28230 | AJ14: =AI14*J14 -> 28230 | AK14: =IF($W:$W="Hao hụt", AI14*N14, 0) -> 0 | AL14: =IF($X:$X="Siêu thị", AI14*O14, 0) -> 0 | AM14: =IF($Y:$Y="Kho rau", AI14*P14, 0) -> 28230 | AN14: =IF($Y:$Y="Chưa xác định", AI14*P14, 0) -> 0 | AO14: {=XLOOKUP($D:$D,'DS ST'!$J:$J,'DS ST'!K:K)} -> SC008805 - Nguyễn Thị Ngọc Giàu | AP14: {=XLOOKUP($D:$D,'DS ST'!$J:$J,'DS ST'!L:L)} -> Võ Thị Huệ | AQ14: {=XLOOKUP($D:$D,'DS ST'!$J:$J,'DS ST'!M:M)} -> HCM 031 | AT14: {=xlookup($E:$E,'CLV2'!$A:$A,'CLV2'!$F:$F)} -> 3.LEAFY VEGGIES | AU14: {=xlookup($E:$E,'CLV2'!$A:$A,'CLV2'!$G:$G)} -> 4.Rau Ăn Thân, Lá Khác
B15: 46235 | C15: KFM_HCM_Q06 - 123 Lý Chiêu Hoàng | D15: =VLOOKUP(C15,'DS ST'!A:B,2,0) -> A121 | E15: 1101366 | F15: BÔNG CẢI XANH ĐÀ LẠT (KG) | G15: KG | H15: 4.3 | I15: 4.24 | J15: =H15-I15 -> 0.06 | K15: PT1598553 | L15: =K15&E15 -> PT15985531101366 | M15: TO227298 | N15: 0.06 | P15: =H15-I15-N15-O15 -> 0 | T15: hình kdb | U15: Thiếu Item trong kiện | V15: Hao hụt | W15: =IF(VALUE(N15)<=0,"",IF(TRIM(V15)="Hao hụt","Hao hụt","Hao hụt")) -> Hao hụt | X15: =IF(AND(N(O15)>0,OR(V15="DC giao bù",V15="VT giao sai điểm",V15="ST nhập thiếu",V15="DC pick sai",V15="ST kiểm sai QT",V15="ST thông tin sai")),"Siêu thị","") | Y15: =IF(N(P15)<=0,"",IF(OR(T15="Hình KDB",T15="Hình tele",ISNUMBER(SEARCH("Hình KDB",T15)),ISNUMBER(SEARCH("Hình tele",T15)),ISNUMBER(SEARCH("sai code",T15)),ISNUMBER(SEARCH("Thiếu kiện",U15))),"Kho rau",IF(AND(T15<>"Hình KDB",T15<>"Hình tele"),"Chưa xác định",IF(N(O15)>0,IF(OR(T15="Hình KDB",T15="Hình tele",ISNUMBER(SEARCH("Hình KDB",T15)),ISNUMBER(SEARCH("Hình tele",T15)),ISNUMBER(SEARCH("sai code",T15)),ISNUMBER(SEARCH("Thiếu kiện",U15))),"Kho rau","Chưa xác định"),IF(OR(T15="Hình KDB",T15="Hình tele",ISNUMBER(SEARCH("Hình KDB",T15)),ISNUMBER(SEARCH("Hình tele",T15)),ISNUMBER(SEARCH("sai code",T15)),ISNUMBER(SEARCH("Thiếu kiện",U15))),"Kho rau",IF(V15="Chưa xác định","Chưa xác định",IF(OR(V15="DC giao thiếu",V15="TX giao thiếu kiện",V15="Hàng không đạt CL"),"Kho rau",""))))))) | Z15: Hoàn Thành | AF15: {=xlookup($E:$E,'CLV2'!$A:$A,'CLV2'!E:E)} -> 2.VEGETABLES | AG15: =if(G15="KG","KG","Pack") -> KG | AH15: =J15/H15 -> 0.013953488 | AI15: {=XLOOKUP(E15,'Đơn giá'!A:A,'Đơn giá'!D:D)} -> 55000 | AJ15: =AI15*J15 -> 3300 | AK15: =IF($W:$W="Hao hụt", AI15*N15, 0) -> 3300 | AL15: =IF($X:$X="Siêu thị", AI15*O15, 0) -> 0 | AM15: =IF($Y:$Y="Kho rau", AI15*P15, 0) -> 0 | AN15: =IF($Y:$Y="Chưa xác định", AI15*P15, 0) -> 0 | AO15: {=XLOOKUP($D:$D,'DS ST'!$J:$J,'DS ST'!K:K)} -> SC003242 - Võ Văn Phi Hùng | AP15: {=XLOOKUP($D:$D,'DS ST'!$J:$J,'DS ST'!L:L)} -> Võ Thị Huệ | AQ15: {=XLOOKUP($D:$D,'DS ST'!$J:$J,'DS ST'!M:M)} -> HCM 029 | AT15: {=xlookup($E:$E,'CLV2'!$A:$A,'CLV2'!$F:$F)} -> 3.LEAFY VEGGIES | AU15: {=xlookup($E:$E,'CLV2'!$A:$A,'CLV2'!$G:$G)} -> 4.Rau Ăn Bông
B16: 46235 | C16: KFM_HCM_TDU - SH-1C 2 Đường A5 KDC Palm Residence | D16: =VLOOKUP(C16,'DS ST'!A:B,2,0) -> A207 | E16: 1100992 | F16: DƯA LƯỚI VỎ XANH RUỘT CAM | G16: KG | H16: 10.2 | I16: 9.96 | J16: =H16-I16 -> 0.24 | K16: PT1598552 | L16: =K16&E16 -> PT15985521100992 | M16: TO227196 | N16: 0.24 | P16: =H16-I16-N16-O16 -> 0 | T16: hình kdb | U16: Thiếu Item trong kiện | V16: Hao hụt | W16: =IF(VALUE(N16)<=0,"",IF(TRIM(V16)="Hao hụt","Hao hụt","Hao hụt")) -> Hao hụt | X16: =IF(AND(N(O16)>0,OR(V16="DC giao bù",V16="VT giao sai điểm",V16="ST nhập thiếu",V16="DC pick sai",V16="ST kiểm sai QT",V16="ST thông tin sai")),"Siêu thị","") | Y16: =IF(N(P16)<=0,"",IF(OR(T16="Hình KDB",T16="Hình tele",ISNUMBER(SEARCH("Hình KDB",T16)),ISNUMBER(SEARCH("Hình tele",T16)),ISNUMBER(SEARCH("sai code",T16)),ISNUMBER(SEARCH("Thiếu kiện",U16))),"Kho rau",IF(AND(T16<>"Hình KDB",T16<>"Hình tele"),"Chưa xác định",IF(N(O16)>0,IF(OR(T16="Hình KDB",T16="Hình tele",ISNUMBER(SEARCH("Hình KDB",T16)),ISNUMBER(SEARCH("Hình tele",T16)),ISNUMBER(SEARCH("sai code",T16)),ISNUMBER(SEARCH("Thiếu kiện",U16))),"Kho rau","Chưa xác định"),IF(OR(T16="Hình KDB",T16="Hình tele",ISNUMBER(SEARCH("Hình KDB",T16)),ISNUMBER(SEARCH("Hình tele",T16)),ISNUMBER(SEARCH("sai code",T16)),ISNUMBER(SEARCH("Thiếu kiện",U16))),"Kho rau",IF(V16="Chưa xác định","Chưa xác định",IF(OR(V16="DC giao thiếu",V16="TX giao thiếu kiện",V16="Hàng không đạt CL"),"Kho rau",""))))))) | Z16: Hoàn Thành | AF16: {=xlookup($E:$E,'CLV2'!$A:$A,'CLV2'!E:E)} -> 2.FRUITS | AG16: =if(G16="KG","KG","Pack") -> KG | AH16: =J16/H16 -> 0.023529412 | AI16: {=XLOOKUP(E16,'Đơn giá'!A:A,'Đơn giá'!D:D)} -> 37000 | AJ16: =AI16*J16 -> 8880 | AK16: =IF($W:$W="Hao hụt", AI16*N16, 0) -> 8880 | AL16: =IF($X:$X="Siêu thị", AI16*O16, 0) -> 0 | AM16: =IF($Y:$Y="Kho rau", AI16*P16, 0) -> 0 | AN16: =IF($Y:$Y="Chưa xác định", AI16*P16, 0) -> 0 | AO16: {=XLOOKUP($D:$D,'DS ST'!$J:$J,'DS ST'!K:K)} -> SC010667 - Đào Hồng Hiện | AP16: {=XLOOKUP($D:$D,'DS ST'!$J:$J,'DS ST'!L:L)} -> Nguyễn Thị Cà | AQ16: {=XLOOKUP($D:$D,'DS ST'!$J:$J,'DS ST'!M:M)} -> HCM 035 | AT16: {=xlookup($E:$E,'CLV2'!$A:$A,'CLV2'!$F:$F)} -> 3.LOCAL FRUITS | AU16: {=xlookup($E:$E,'CLV2'!$A:$A,'CLV2'!$G:$G)} -> 4.Dưa Lưới
B17: 46235 | C17: KFM_HCM_TDU - SH-1C 2 Đường A5 KDC Palm Residence | D17: =VLOOKUP(C17,'DS ST'!A:B,2,0) -> A207 | E17: 1101077 | F17: CHANH DÂY | G17: KG | H17: 3 | I17: 2.78 | J17: =H17-I17 -> 0.22 | K17: PT1598552 | L17: =K17&E17 -> PT15985521101077 | M17: TO227196 | P17: =H17-I17-N17-O17 -> 0.22 | T17: hình kdb | U17: Thiếu Item trong kiện | V17: DC giao thiếu | W17: =IF(VALUE(N17)<=0,"",IF(TRIM(V17)="Hao hụt","Hao hụt","Hao hụt")) | X17: =IF(AND(N(O17)>0,OR(V17="DC giao bù",V17="VT giao sai điểm",V17="ST nhập thiếu",V17="DC pick sai",V17="ST kiểm sai QT",V17="ST thông tin sai")),"Siêu thị","") | Y17: =IF(N(P17)<=0,"",IF(OR(T17="Hình KDB",T17="Hình tele",ISNUMBER(SEARCH("Hình KDB",T17)),ISNUMBER(SEARCH("Hình tele",T17)),ISNUMBER(SEARCH("sai code",T17)),ISNUMBER(SEARCH("Thiếu kiện",U17))),"Kho rau",IF(AND(T17<>"Hình KDB",T17<>"Hình tele"),"Chưa xác định",IF(N(O17)>0,IF(OR(T17="Hình KDB",T17="Hình tele",ISNUMBER(SEARCH("Hình KDB",T17)),ISNUMBER(SEARCH("Hình tele",T17)),ISNUMBER(SEARCH("sai code",T17)),ISNUMBER(SEARCH("Thiếu kiện",U17))),"Kho rau","Chưa xác định"),IF(OR(T17="Hình KDB",T17="Hình tele",ISNUMBER(SEARCH("Hình KDB",T17)),ISNUMBER(SEARCH("Hình tele",T17)),ISNUMBER(SEARCH("sai code",T17)),ISNUMBER(SEARCH("Thiếu kiện",U17))),"Kho rau",IF(V17="Chưa xác định","Chưa xác định",IF(OR(V17="DC giao thiếu",V17="TX giao thiếu kiện",V17="Hàng không đạt CL"),"Kho rau",""))))))) -> Kho rau | Z17: Hoàn Thành | AF17: {=xlookup($E:$E,'CLV2'!$A:$A,'CLV2'!E:E)} -> 2.FRUITS | AG17: =if(G17="KG","KG","Pack") -> KG | AH17: =J17/H17 -> 0.073333333 | AI17: {=XLOOKUP(E17,'Đơn giá'!A:A,'Đơn giá'!D:D)} -> 45000 | AJ17: =AI17*J17 -> 9900 | AK17: =IF($W:$W="Hao hụt", AI17*N17, 0) -> 0 | AL17: =IF($X:$X="Siêu thị", AI17*O17, 0) -> 0 | AM17: =IF($Y:$Y="Kho rau", AI17*P17, 0) -> 9900 | AN17: =IF($Y:$Y="Chưa xác định", AI17*P17, 0) -> 0 | AO17: {=XLOOKUP($D:$D,'DS ST'!$J:$J,'DS ST'!K:K)} -> SC010667 - Đào Hồng Hiện | AP17: {=XLOOKUP($D:$D,'DS ST'!$J:$J,'DS ST'!L:L)} -> Nguyễn Thị Cà | AQ17: {=XLOOKUP($D:$D,'DS ST'!$J:$J,'DS ST'!M:M)} -> HCM 035 | AT17: {=xlookup($E:$E,'CLV2'!$A:$A,'CLV2'!$F:$F)} -> 3.LOCAL FRUITS | AU17: {=xlookup($E:$E,'CLV2'!$A:$A,'CLV2'!$G:$G)} -> 4.Trái Cây Đa Dạng
B18: 46235 | C18: KFM_HCM_TDU - SH-1C 2 Đường A5 KDC Palm Residence | D18: =VLOOKUP(C18,'DS ST'!A:B,2,0) -> A207 | E18: 1101079 | F18: BƠ 034 | G18: KG | H18: 9.2 | I18: 9.06 | J18: =H18-I18 -> 0.14 | K18: PT1598552 | L18: =K18&E18 -> PT15985521101079 | M18: TO227196 | N18: 0.14 | P18: =H18-I18-N18-O18 -> 0 | T18: hình kdb | U18: Thiếu Item trong kiện | V18: Hao hụt | W18: =IF(VALUE(N18)<=0,"",IF(TRIM(V18)="Hao hụt","Hao hụt","Hao hụt")) -> Hao hụt | X18: =IF(AND(N(O18)>0,OR(V18="DC giao bù",V18="VT giao sai điểm",V18="ST nhập thiếu",V18="DC pick sai",V18="ST kiểm sai QT",V18="ST thông tin sai")),"Siêu thị","") | Y18: =IF(N(P18)<=0,"",IF(OR(T18="Hình KDB",T18="Hình tele",ISNUMBER(SEARCH("Hình KDB",T18)),ISNUMBER(SEARCH("Hình tele",T18)),ISNUMBER(SEARCH("sai code",T18)),ISNUMBER(SEARCH("Thiếu kiện",U18))),"Kho rau",IF(AND(T18<>"Hình KDB",T18<>"Hình tele"),"Chưa xác định",IF(N(O18)>0,IF(OR(T18="Hình KDB",T18="Hình tele",ISNUMBER(SEARCH("Hình KDB",T18)),ISNUMBER(SEARCH("Hình tele",T18)),ISNUMBER(SEARCH("sai code",T18)),ISNUMBER(SEARCH("Thiếu kiện",U18))),"Kho rau","Chưa xác định"),IF(OR(T18="Hình KDB",T18="Hình tele",ISNUMBER(SEARCH("Hình KDB",T18)),ISNUMBER(SEARCH("Hình tele",T18)),ISNUMBER(SEARCH("sai code",T18)),ISNUMBER(SEARCH("Thiếu kiện",U18))),"Kho rau",IF(V18="Chưa xác định","Chưa xác định",IF(OR(V18="DC giao thiếu",V18="TX giao thiếu kiện",V18="Hàng không đạt CL"),"Kho rau",""))))))) | Z18: Hoàn Thành | AF18: {=xlookup($E:$E,'CLV2'!$A:$A,'CLV2'!E:E)} -> 2.FRUITS | AG18: =if(G18="KG","KG","Pack") -> KG | AH18: =J18/H18 -> 0.015217391 | AI18: {=XLOOKUP(E18,'Đơn giá'!A:A,'Đơn giá'!D:D)} -> 69416 | AJ18: =AI18*J18 -> 9718.24 | AK18: =IF($W:$W="Hao hụt", AI18*N18, 0) -> 9718.24 | AL18: =IF($X:$X="Siêu thị", AI18*O18, 0) -> 0 | AM18: =IF($Y:$Y="Kho rau", AI18*P18, 0) -> 0 | AN18: =IF($Y:$Y="Chưa xác định", AI18*P18, 0) -> 0 | AO18: {=XLOOKUP($D:$D,'DS ST'!$J:$J,'DS ST'!K:K)} -> SC010667 - Đào Hồng Hiện | AP18: {=XLOOKUP($D:$D,'DS ST'!$J:$J,'DS ST'!L:L)} -> Nguyễn Thị Cà | AQ18: {=XLOOKUP($D:$D,'DS ST'!$J:$J,'DS ST'!M:M)} -> HCM 035 | AT18: {=xlookup($E:$E,'CLV2'!$A:$A,'CLV2'!$F:$F)} -> 3.LOCAL FRUITS | AU18: {=xlookup($E:$E,'CLV2'!$A:$A,'CLV2'!$G:$G)} -> 4.Bơ
B19: 46235 | C19: KFM_HCM_TDU - SH-1C 2 Đường A5 KDC Palm Residence | D19: =VLOOKUP(C19,'DS ST'!A:B,2,0) -> A207 | E19: 1101366 | F19: BÔNG CẢI XANH ĐÀ LẠT (KG) | G19: KG | H19: 4.1 | I19: 4.06 | J19: =H19-I19 -> 0.04 | K19: PT1598552 | L19: =K19&E19 -> PT15985521101366 | M19: TO227196 | N19: 0.04 | P19: =H19-I19-N19-O19 -> 0 | T19: hình kdb | U19: Thiếu Item trong kiện | V19: Hao hụt | W19: =IF(VALUE(N19)<=0,"",IF(TRIM(V19)="Hao hụt","Hao hụt","Hao hụt")) -> Hao hụt | X19: =IF(AND(N(O19)>0,OR(V19="DC giao bù",V19="VT giao sai điểm",V19="ST nhập thiếu",V19="DC pick sai",V19="ST kiểm sai QT",V19="ST thông tin sai")),"Siêu thị","") | Y19: =IF(N(P19)<=0,"",IF(OR(T19="Hình KDB",T19="Hình tele",ISNUMBER(SEARCH("Hình KDB",T19)),ISNUMBER(SEARCH("Hình tele",T19)),ISNUMBER(SEARCH("sai code",T19)),ISNUMBER(SEARCH("Thiếu kiện",U19))),"Kho rau",IF(AND(T19<>"Hình KDB",T19<>"Hình tele"),"Chưa xác định",IF(N(O19)>0,IF(OR(T19="Hình KDB",T19="Hình tele",ISNUMBER(SEARCH("Hình KDB",T19)),ISNUMBER(SEARCH("Hình tele",T19)),ISNUMBER(SEARCH("sai code",T19)),ISNUMBER(SEARCH("Thiếu kiện",U19))),"Kho rau","Chưa xác định"),IF(OR(T19="Hình KDB",T19="Hình tele",ISNUMBER(SEARCH("Hình KDB",T19)),ISNUMBER(SEARCH("Hình tele",T19)),ISNUMBER(SEARCH("sai code",T19)),ISNUMBER(SEARCH("Thiếu kiện",U19))),"Kho rau",IF(V19="Chưa xác định","Chưa xác định",IF(OR(V19="DC giao thiếu",V19="TX giao thiếu kiện",V19="Hàng không đạt CL"),"Kho rau",""))))))) | Z19: Hoàn Thành | AF19: {=xlookup($E:$E,'CLV2'!$A:$A,'CLV2'!E:E)} -> 2.VEGETABLES | AG19: =if(G19="KG","KG","Pack") -> KG | AH19: =J19/H19 -> 0.0097560976 | AI19: {=XLOOKUP(E19,'Đơn giá'!A:A,'Đơn giá'!D:D)} -> 55000 | AJ19: =AI19*J19 -> 2200 | AK19: =IF($W:$W="Hao hụt", AI19*N19, 0) -> 2200 | AL19: =IF($X:$X="Siêu thị", AI19*O19, 0) -> 0 | AM19: =IF($Y:$Y="Kho rau", AI19*P19, 0) -> 0 | AN19: =IF($Y:$Y="Chưa xác định", AI19*P19, 0) -> 0 | AO19: {=XLOOKUP($D:$D,'DS ST'!$J:$J,'DS ST'!K:K)} -> SC010667 - Đào Hồng Hiện | AP19: {=XLOOKUP($D:$D,'DS ST'!$J:$J,'DS ST'!L:L)} -> Nguyễn Thị Cà | AQ19: {=XLOOKUP($D:$D,'DS ST'!$J:$J,'DS ST'!M:M)} -> HCM 035 | AT19: {=xlookup($E:$E,'CLV2'!$A:$A,'CLV2'!$F:$F)} -> 3.LEAFY VEGGIES | AU19: {=xlookup($E:$E,'CLV2'!$A:$A,'CLV2'!$G:$G)} -> 4.Rau Ăn Bông
B20: 46235 | C20: KFM_HCM_GVA - 372 Dương Quảng Hàm | D20: =VLOOKUP(C20,'DS ST'!A:B,2,0) -> DQH | E20: 11020 | F20: CHANH VÀNG NỘI ĐỊA TRUNG 140G up | G20: QUẢ | H20: 4 | I20: 2 | J20: =H20-I20 -> 2 | K20: PT1598543 | L20: =K20&E20 -> PT159854311020 | M20: TO227542 | P20: =H20-I20-N20-O20 -> 2 | U20: Thiếu Item trong kiện | V20: DC giao thiếu | W20: =IF(VALUE(N20)<=0,"",IF(TRIM(V20)="Hao hụt","Hao hụt","Hao hụt")) | X20: =IF(AND(N(O20)>0,OR(V20="DC giao bù",V20="VT giao sai điểm",V20="ST nhập thiếu",V20="DC pick sai",V20="ST kiểm sai QT",V20="ST thông tin sai")),"Siêu thị","") | Y20: Kho rau | Z20: Hoàn Thành | AF20: {=xlookup($E:$E,'CLV2'!$A:$A,'CLV2'!E:E)} -> 2.VEGETABLES | AG20: =if(G20="KG","KG","Pack") -> Pack | AH20: =J20/H20 -> 0.5 | AI20: {=XLOOKUP(E20,'Đơn giá'!A:A,'Đơn giá'!D:D)} -> 17000 | AJ20: =AI20*J20 -> 34000 | AK20: =IF($W:$W="Hao hụt", AI20*N20, 0) -> 0 | AL20: =IF($X:$X="Siêu thị", AI20*O20, 0) -> 0 | AM20: =IF($Y:$Y="Kho rau", AI20*P20, 0) -> 34000 | AN20: =IF($Y:$Y="Chưa xác định", AI20*P20, 0) -> 0 | AO20: {=XLOOKUP($D:$D,'DS ST'!$J:$J,'DS ST'!K:K)} -> SC006189 - Huỳnh Ngọc Phương | AP20: {=XLOOKUP($D:$D,'DS ST'!$J:$J,'DS ST'!L:L)} -> Nguyễn Thị Cà | AQ20: {=XLOOKUP($D:$D,'DS ST'!$J:$J,'DS ST'!M:M)} -> HCM 033 | AT20: {=xlookup($E:$E,'CLV2'!$A:$A,'CLV2'!$F:$F)} -> 3.HERBS | AU20: {=xlookup($E:$E,'CLV2'!$A:$A,'CLV2'!$G:$G)} -> 4.Chanh, Ớt
B21: 46235 | C21: KFM_HCM_GVA - 372 Dương Quảng Hàm | D21: =VLOOKUP(C21,'DS ST'!A:B,2,0) -> DQH | E21: 1101077 | F21: CHANH DÂY | G21: KG | H21: 3 | I21: 2.92 | J21: =H21-I21 -> 0.08 | K21: PT1598543 | L21: =K21&E21 -> PT15985431101077 | M21: TO227542 | N21: 0.08 | P21: =H21-I21-N21-O21 -> 0 | T21: hình kdb | U21: Thiếu Item trong kiện | V21: Hao hụt | W21: =IF(VALUE(N21)<=0,"",IF(TRIM(V21)="Hao hụt","Hao hụt","Hao hụt")) -> Hao hụt | X21: =IF(AND(N(O21)>0,OR(V21="DC giao bù",V21="VT giao sai điểm",V21="ST nhập thiếu",V21="DC pick sai",V21="ST kiểm sai QT",V21="ST thông tin sai")),"Siêu thị","") | Y21: =IF(N(P21)<=0,"",IF(OR(T21="Hình KDB",T21="Hình tele",ISNUMBER(SEARCH("Hình KDB",T21)),ISNUMBER(SEARCH("Hình tele",T21)),ISNUMBER(SEARCH("sai code",T21)),ISNUMBER(SEARCH("Thiếu kiện",U21))),"Kho rau",IF(AND(T21<>"Hình KDB",T21<>"Hình tele"),"Chưa xác định",IF(N(O21)>0,IF(OR(T21="Hình KDB",T21="Hình tele",ISNUMBER(SEARCH("Hình KDB",T21)),ISNUMBER(SEARCH("Hình tele",T21)),ISNUMBER(SEARCH("sai code",T21)),ISNUMBER(SEARCH("Thiếu kiện",U21))),"Kho rau","Chưa xác định"),IF(OR(T21="Hình KDB",T21="Hình tele",ISNUMBER(SEARCH("Hình KDB",T21)),ISNUMBER(SEARCH("Hình tele",T21)),ISNUMBER(SEARCH("sai code",T21)),ISNUMBER(SEARCH("Thiếu kiện",U21))),"Kho rau",IF(V21="Chưa xác định","Chưa xác định",IF(OR(V21="DC giao thiếu",V21="TX giao thiếu kiện",V21="Hàng không đạt CL"),"Kho rau",""))))))) | Z21: Hoàn Thành | AF21: {=xlookup($E:$E,'CLV2'!$A:$A,'CLV2'!E:E)} -> 2.FRUITS | AG21: =if(G21="KG","KG","Pack") -> KG | AH21: =J21/H21 -> 0.026666667 | AI21: {=XLOOKUP(E21,'Đơn giá'!A:A,'Đơn giá'!D:D)} -> 45000 | AJ21: =AI21*J21 -> 3600 | AK21: =IF($W:$W="Hao hụt", AI21*N21, 0) -> 3600 | AL21: =IF($X:$X="Siêu thị", AI21*O21, 0) -> 0 | AM21: =IF($Y:$Y="Kho rau", AI21*P21, 0) -> 0 | AN21: =IF($Y:$Y="Chưa xác định", AI21*P21, 0) -> 0 | AO21: {=XLOOKUP($D:$D,'DS ST'!$J:$J,'DS ST'!K:K)} -> SC006189 - Huỳnh Ngọc Phương | AP21: {=XLOOKUP($D:$D,'DS ST'!$J:$J,'DS ST'!L:L)} -> Nguyễn Thị Cà | AQ21: {=XLOOKUP($D:$D,'DS ST'!$J:$J,'DS ST'!M:M)} -> HCM 033 | AT21: {=xlookup($E:$E,'CLV2'!$A:$A,'CLV2'!$F:$F)} -> 3.LOCAL FRUITS | AU21: {=xlookup($E:$E,'CLV2'!$A:$A,'CLV2'!$G:$G)} -> 4.Trái Cây Đa Dạng
B22: 46235 | C22: KFM_HCM_GVA - 372 Dương Quảng Hàm | D22: =VLOOKUP(C22,'DS ST'!A:B,2,0) -> DQH | E22: 1101366 | F22: BÔNG CẢI XANH ĐÀ LẠT (KG) | G22: KG | H22: 8.3 | I22: 8.18 | J22: =H22-I22 -> 0.12 | K22: PT1598543 | L22: =K22&E22 -> PT15985431101366 | M22: TO227542 | N22: 0.12 | P22: =H22-I22-N22-O22 -> 0 | T22: hình kdb | U22: Thiếu Item trong kiện | V22: Hao hụt | W22: =IF(VALUE(N22)<=0,"",IF(TRIM(V22)="Hao hụt","Hao hụt","Hao hụt")) -> Hao hụt | X22: =IF(AND(N(O22)>0,OR(V22="DC giao bù",V22="VT giao sai điểm",V22="ST nhập thiếu",V22="DC pick sai",V22="ST kiểm sai QT",V22="ST thông tin sai")),"Siêu thị","") | Y22: =IF(N(P22)<=0,"",IF(OR(T22="Hình KDB",T22="Hình tele",ISNUMBER(SEARCH("Hình KDB",T22)),ISNUMBER(SEARCH("Hình tele",T22)),ISNUMBER(SEARCH("sai code",T22)),ISNUMBER(SEARCH("Thiếu kiện",U22))),"Kho rau",IF(AND(T22<>"Hình KDB",T22<>"Hình tele"),"Chưa xác định",IF(N(O22)>0,IF(OR(T22="Hình KDB",T22="Hình tele",ISNUMBER(SEARCH("Hình KDB",T22)),ISNUMBER(SEARCH("Hình tele",T22)),ISNUMBER(SEARCH("sai code",T22)),ISNUMBER(SEARCH("Thiếu kiện",U22))),"Kho rau","Chưa xác định"),IF(OR(T22="Hình KDB",T22="Hình tele",ISNUMBER(SEARCH("Hình KDB",T22)),ISNUMBER(SEARCH("Hình tele",T22)),ISNUMBER(SEARCH("sai code",T22)),ISNUMBER(SEARCH("Thiếu kiện",U22))),"Kho rau",IF(V22="Chưa xác định","Chưa xác định",IF(OR(V22="DC giao thiếu",V22="TX giao thiếu kiện",V22="Hàng không đạt CL"),"Kho rau",""))))))) | Z22: Hoàn Thành | AF22: {=xlookup($E:$E,'CLV2'!$A:$A,'CLV2'!E:E)} -> 2.VEGETABLES | AG22: =if(G22="KG","KG","Pack") -> KG | AH22: =J22/H22 -> 0.014457831 | AI22: {=XLOOKUP(E22,'Đơn giá'!A:A,'Đơn giá'!D:D)} -> 55000 | AJ22: =AI22*J22 -> 6600 | AK22: =IF($W:$W="Hao hụt", AI22*N22, 0) -> 6600 | AL22: =IF($X:$X="Siêu thị", AI22*O22, 0) -> 0 | AM22: =IF($Y:$Y="Kho rau", AI22*P22, 0) -> 0 | AN22: =IF($Y:$Y="Chưa xác định", AI22*P22, 0) -> 0 | AO22: {=XLOOKUP($D:$D,'DS ST'!$J:$J,'DS ST'!K:K)} -> SC006189 - Huỳnh Ngọc Phương | AP22: {=XLOOKUP($D:$D,'DS ST'!$J:$J,'DS ST'!L:L)} -> Nguyễn Thị Cà | AQ22: {=XLOOKUP($D:$D,'DS ST'!$J:$J,'DS ST'!M:M)} -> HCM 033 | AT22: {=xlookup($E:$E,'CLV2'!$A:$A,'CLV2'!$F:$F)} -> 3.LEAFY VEGGIES | AU22: {=xlookup($E:$E,'CLV2'!$A:$A,'CLV2'!$G:$G)} -> 4.Rau Ăn Bông
B23: 46235 | C23: KFM_HCM_Q07 - 1016/21 Chung Cư Sky Garden 2-R1-2 | D23: =VLOOKUP(C23,'DS ST'!A:B,2,0) -> A177 | E23: 10793 | F23: DIẾP CÁ (DẤP CÁ) VIETGAP 100G | G23: GÓI | H23: 2 | I23: 0 | J23: =H23-I23 -> 2 | K23: PT1598541 | L23: =K23&E23 -> PT159854110793 | M23: TO227323 | P23: =H23-I23-N23-O23 -> 2 | U23: Thiếu Item trong kiện | V23: DC giao thiếu | W23: =IF(VALUE(N23)<=0,"",IF(TRIM(V23)="Hao hụt","Hao hụt","Hao hụt")) | X23: =IF(AND(N(O23)>0,OR(V23="DC giao bù",V23="VT giao sai điểm",V23="ST nhập thiếu",V23="DC pick sai",V23="ST kiểm sai QT",V23="ST thông tin sai")),"Siêu thị","") | Y23: Kho rau | Z23: Hoàn Thành | AF23: {=xlookup($E:$E,'CLV2'!$A:$A,'CLV2'!E:E)} -> 2.VEGETABLES | AG23: =if(G23="KG","KG","Pack") -> Pack | AH23: =J23/H23 -> 1 | AI23: {=XLOOKUP(E23,'Đơn giá'!A:A,'Đơn giá'!D:D)} -> 5500 | AJ23: =AI23*J23 -> 11000 | AK23: =IF($W:$W="Hao hụt", AI23*N23, 0) -> 0 | AL23: =IF($X:$X="Siêu thị", AI23*O23, 0) -> 0 | AM23: =IF($Y:$Y="Kho rau", AI23*P23, 0) -> 11000 | AN23: =IF($Y:$Y="Chưa xác định", AI23*P23, 0) -> 0 | AO23: {=XLOOKUP($D:$D,'DS ST'!$J:$J,'DS ST'!K:K)} -> SC005377 - Nguyễn Minh Thắng | AP23: {=XLOOKUP($D:$D,'DS ST'!$J:$J,'DS ST'!L:L)} -> Võ Thị Huệ | AQ23: {=XLOOKUP($D:$D,'DS ST'!$J:$J,'DS ST'!M:M)} -> HCM 001 | AT23: {=xlookup($E:$E,'CLV2'!$A:$A,'CLV2'!$F:$F)} -> 3.HERBS | AU23: {=xlookup($E:$E,'CLV2'!$A:$A,'CLV2'!$G:$G)} -> 4.Rau Thơm, Rau Nêm
B24: 46235 | C24: KFM_HCM_Q07 - 1016/21 Chung Cư Sky Garden 2-R1-2 | D24: =VLOOKUP(C24,'DS ST'!A:B,2,0) -> A177 | E24: 1101992 | F24: XOÀI TỨ QUÝ | G24: KG | H24: 2 | I24: 1.6 | J24: =H24-I24 -> 0.4 | K24: PT1598541 | L24: =K24&E24 -> PT15985411101992 | M24: TO227323 | P24: =H24-I24-N24-O24 -> 0.4 | T24: hình kdb | U24: Thiếu Item trong kiện | V24: DC giao thiếu | W24: =IF(VALUE(N24)<=0,"",IF(TRIM(V24)="Hao hụt","Hao hụt","Hao hụt")) | X24: =IF(AND(N(O24)>0,OR(V24="DC giao bù",V24="VT giao sai điểm",V24="ST nhập thiếu",V24="DC pick sai",V24="ST kiểm sai QT",V24="ST thông tin sai")),"Siêu thị","") | Y24: =IF(N(P24)<=0,"",IF(OR(T24="Hình KDB",T24="Hình tele",ISNUMBER(SEARCH("Hình KDB",T24)),ISNUMBER(SEARCH("Hình tele",T24)),ISNUMBER(SEARCH("sai code",T24)),ISNUMBER(SEARCH("Thiếu kiện",U24))),"Kho rau",IF(AND(T24<>"Hình KDB",T24<>"Hình tele"),"Chưa xác định",IF(N(O24)>0,IF(OR(T24="Hình KDB",T24="Hình tele",ISNUMBER(SEARCH("Hình KDB",T24)),ISNUMBER(SEARCH("Hình tele",T24)),ISNUMBER(SEARCH("sai code",T24)),ISNUMBER(SEARCH("Thiếu kiện",U24))),"Kho rau","Chưa xác định"),IF(OR(T24="Hình KDB",T24="Hình tele",ISNUMBER(SEARCH("Hình KDB",T24)),ISNUMBER(SEARCH("Hình tele",T24)),ISNUMBER(SEARCH("sai code",T24)),ISNUMBER(SEARCH("Thiếu kiện",U24))),"Kho rau",IF(V24="Chưa xác định","Chưa xác định",IF(OR(V24="DC giao thiếu",V24="TX giao thiếu kiện",V24="Hàng không đạt CL"),"Kho rau",""))))))) -> Kho rau | Z24: Hoàn Thành | AF24: {=xlookup($E:$E,'CLV2'!$A:$A,'CLV2'!E:E)} -> 2.FRUITS | AG24: =if(G24="KG","KG","Pack") -> KG | AH24: =J24/H24 -> 0.2 | AI24: {=XLOOKUP(E24,'Đơn giá'!A:A,'Đơn giá'!D:D)} -> 37000 | AJ24: =AI24*J24 -> 14800 | AK24: =IF($W:$W="Hao hụt", AI24*N24, 0) -> 0 | AL24: =IF($X:$X="Siêu thị", AI24*O24, 0) -> 0 | AM24: =IF($Y:$Y="Kho rau", AI24*P24, 0) -> 14800 | AN24: =IF($Y:$Y="Chưa xác định", AI24*P24, 0) -> 0 | AO24: {=XLOOKUP($D:$D,'DS ST'!$J:$J,'DS ST'!K:K)} -> SC005377 - Nguyễn Minh Thắng | AP24: {=XLOOKUP($D:$D,'DS ST'!$J:$J,'DS ST'!L:L)} -> Võ Thị Huệ | AQ24: {=XLOOKUP($D:$D,'DS ST'!$J:$J,'DS ST'!M:M)} -> HCM 001 | AT24: {=xlookup($E:$E,'CLV2'!$A:$A,'CLV2'!$F:$F)} -> 3.LOCAL FRUITS | AU24: {=xlookup($E:$E,'CLV2'!$A:$A,'CLV2'!$G:$G)} -> 4.Xoài
B25: 46235 | C25: KFM_HCM_GVA - 8 Nguyễn Văn Dung | D25: =VLOOKUP(C25,'DS ST'!A:B,2,0) -> A224 | E25: 11373 | F25: RAU THƠM HỖN HỢP VIETGAP 100G | G25: GÓI | H25: 2 | I25: 1 | J25: =H25-I25 -> 1 | K25: PT1598539 | L25: =K25&E25 -> PT159853911373 | M25: TO227292 | P25: =H25-I25-N25-O25 -> 1 | T25: hình kdb | U25: Thiếu Item trong kiện | V25: DC giao thiếu | W25: =IF(VALUE(N25)<=0,"",IF(TRIM(V25)="Hao hụt","Hao hụt","Hao hụt")) | X25: =IF(AND(N(O25)>0,OR(V25="DC giao bù",V25="VT giao sai điểm",V25="ST nhập thiếu",V25="DC pick sai",V25="ST kiểm sai QT",V25="ST thông tin sai")),"Siêu thị","") | Y25: =IF(N(P25)<=0,"",IF(OR(T25="Hình KDB",T25="Hình tele",ISNUMBER(SEARCH("Hình KDB",T25)),ISNUMBER(SEARCH("Hình tele",T25)),ISNUMBER(SEARCH("sai code",T25)),ISNUMBER(SEARCH("Thiếu kiện",U25))),"Kho rau",IF(AND(T25<>"Hình KDB",T25<>"Hình tele"),"Chưa xác định",IF(N(O25)>0,IF(OR(T25="Hình KDB",T25="Hình tele",ISNUMBER(SEARCH("Hình KDB",T25)),ISNUMBER(SEARCH("Hình tele",T25)),ISNUMBER(SEARCH("sai code",T25)),ISNUMBER(SEARCH("Thiếu kiện",U25))),"Kho rau","Chưa xác định"),IF(OR(T25="Hình KDB",T25="Hình tele",ISNUMBER(SEARCH("Hình KDB",T25)),ISNUMBER(SEARCH("Hình tele",T25)),ISNUMBER(SEARCH("sai code",T25)),ISNUMBER(SEARCH("Thiếu kiện",U25))),"Kho rau",IF(V25="Chưa xác định","Chưa xác định",IF(OR(V25="DC giao thiếu",V25="TX giao thiếu kiện",V25="Hàng không đạt CL"),"Kho rau",""))))))) -> Kho rau | Z25: Hoàn Thành | AF25: {=xlookup($E:$E,'CLV2'!$A:$A,'CLV2'!E:E)} -> 2.VEGETABLES | AG25: =if(G25="KG","KG","Pack") -> Pack | AH25: =J25/H25 -> 0.5 | AI25: {=XLOOKUP(E25,'Đơn giá'!A:A,'Đơn giá'!D:D)} -> 8500 | AJ25: =AI25*J25 -> 8500 | AK25: =IF($W:$W="Hao hụt", AI25*N25, 0) -> 0 | AL25: =IF($X:$X="Siêu thị", AI25*O25, 0) -> 0 | AM25: =IF($Y:$Y="Kho rau", AI25*P25, 0) -> 8500 | AN25: =IF($Y:$Y="Chưa xác định", AI25*P25, 0) -> 0 | AO25: {=XLOOKUP($D:$D,'DS ST'!$J:$J,'DS ST'!K:K)} | AP25: {=XLOOKUP($D:$D,'DS ST'!$J:$J,'DS ST'!L:L)} | AQ25: {=XLOOKUP($D:$D,'DS ST'!$J:$J,'DS ST'!M:M)} | AT25: {=xlookup($E:$E,'CLV2'!$A:$A,'CLV2'!$F:$F)} -> 3.HERBS | AU25: {=xlookup($E:$E,'CLV2'!$A:$A,'CLV2'!$G:$G)} -> 4.Rau Thơm, Rau Nêm
B26: 46235 | C26: KFM_BDU_DAN - 01-06 TMDV Him Lam Phú Đông | D26: =VLOOKUP(C26,'DS ST'!A:B,2,0) -> HPD | E26: 1101992 | F26: XOÀI TỨ QUÝ | G26: KG | H26: 3 | I26: 2.98 | J26: =H26-I26 -> 0.02 | K26: PT1598531 | L26: =K26&E26 -> PT15985311101992 | M26: TO227307 | N26: 0.02 | P26: =H26-I26-N26-O26 -> 0 | T26: hình kdb | U26: Thiếu Item trong kiện | V26: Hao hụt | W26: =IF(VALUE(N26)<=0,"",IF(TRIM(V26)="Hao hụt","Hao hụt","Hao hụt")) -> Hao hụt | X26: =IF(AND(N(O26)>0,OR(V26="DC giao bù",V26="VT giao sai điểm",V26="ST nhập thiếu",V26="DC pick sai",V26="ST kiểm sai QT",V26="ST thông tin sai")),"Siêu thị","") | Y26: =IF(N(P26)<=0,"",IF(OR(T26="Hình KDB",T26="Hình tele",ISNUMBER(SEARCH("Hình KDB",T26)),ISNUMBER(SEARCH("Hình tele",T26)),ISNUMBER(SEARCH("sai code",T26)),ISNUMBER(SEARCH("Thiếu kiện",U26))),"Kho rau",IF(AND(T26<>"Hình KDB",T26<>"Hình tele"),"Chưa xác định",IF(N(O26)>0,IF(OR(T26="Hình KDB",T26="Hình tele",ISNUMBER(SEARCH("Hình KDB",T26)),ISNUMBER(SEARCH("Hình tele",T26)),ISNUMBER(SEARCH("sai code",T26)),ISNUMBER(SEARCH("Thiếu kiện",U26))),"Kho rau","Chưa xác định"),IF(OR(T26="Hình KDB",T26="Hình tele",ISNUMBER(SEARCH("Hình KDB",T26)),ISNUMBER(SEARCH("Hình tele",T26)),ISNUMBER(SEARCH("sai code",T26)),ISNUMBER(SEARCH("Thiếu kiện",U26))),"Kho rau",IF(V26="Chưa xác định","Chưa xác định",IF(OR(V26="DC giao thiếu",V26="TX giao thiếu kiện",V26="Hàng không đạt CL"),"Kho rau",""))))))) | Z26: Hoàn Thành | AF26: {=xlookup($E:$E,'CLV2'!$A:$A,'CLV2'!E:E)} -> 2.FRUITS | AG26: =if(G26="KG","KG","Pack") -> KG | AH26: =J26/H26 -> 0.0066666667 | AI26: {=XLOOKUP(E26,'Đơn giá'!A:A,'Đơn giá'!D:D)} -> 37000 | AJ26: =AI26*J26 -> 740 | AK26: =IF($W:$W="Hao hụt", AI26*N26, 0) -> 740 | AL26: =IF($X:$X="Siêu thị", AI26*O26, 0) -> 0 | AM26: =IF($Y:$Y="Kho rau", AI26*P26, 0) -> 0 | AN26: =IF($Y:$Y="Chưa xác định", AI26*P26, 0) -> 0 | AO26: {=XLOOKUP($D:$D,'DS ST'!$J:$J,'DS ST'!K:K)} -> SC011505 - Lê Ngọc Phát | AP26: {=XLOOKUP($D:$D,'DS ST'!$J:$J,'DS ST'!L:L)} -> Nguyễn Thị Cà | AQ26: {=XLOOKUP($D:$D,'DS ST'!$J:$J,'DS ST'!M:M)} -> HCM 027 | AT26: {=xlookup($E:$E,'CLV2'!$A:$A,'CLV2'!$F:$F)} -> 3.LOCAL FRUITS | AU26: {=xlookup($E:$E,'CLV2'!$A:$A,'CLV2'!$G:$G)} -> 4.Xoài
B27: 46235 | C27: KFM_HCM_TPH - RS4 Richstar | D27: =VLOOKUP(C27,'DS ST'!A:B,2,0) -> RS4 | E27: 1101366 | F27: BÔNG CẢI XANH ĐÀ LẠT (KG) | G27: KG | H27: 4.2 | I27: 4 | J27: =H27-I27 -> 0.2 | K27: PT1598529 | L27: =K27&E27 -> PT15985291101366 | M27: TO227343 | N27: 0.11 | O27: 0.09 | P27: =H27-I27-N27-O27 -> 0 | Q27: PT1601999 | R27: x | T27: HÌnh kdb | U27: Thiếu Item trong kiện | V27: ST nhập thiếu | W27: =IF(VALUE(N27)<=0,"",IF(TRIM(V27)="Hao hụt","Hao hụt","Hao hụt")) -> Hao hụt | X27: =IF(AND(N(O27)>0,OR(V27="DC giao bù",V27="VT giao sai điểm",V27="ST nhập thiếu",V27="DC pick sai",V27="ST kiểm sai QT",V27="ST thông tin sai")),"Siêu thị","") -> Siêu thị | Y27: Kho rau | Z27: Hoàn Thành | AF27: {=xlookup($E:$E,'CLV2'!$A:$A,'CLV2'!E:E)} -> 2.VEGETABLES | AG27: =if(G27="KG","KG","Pack") -> KG | AH27: =J27/H27 -> 0.047619048 | AI27: {=XLOOKUP(E27,'Đơn giá'!A:A,'Đơn giá'!D:D)} -> 55000 | AJ27: =AI27*J27 -> 11000 | AK27: =IF($W:$W="Hao hụt", AI27*N27, 0) -> 6050 | AL27: =IF($X:$X="Siêu thị", AI27*O27, 0) -> 4950 | AM27: =IF($Y:$Y="Kho rau", AI27*P27, 0) -> 0 | AN27: =IF($Y:$Y="Chưa xác định", AI27*P27, 0) -> 0 | AO27: {=XLOOKUP($D:$D,'DS ST'!$J:$J,'DS ST'!K:K)} -> SC005375 - Trần Văn Hiếu | AP27: {=XLOOKUP($D:$D,'DS ST'!$J:$J,'DS ST'!L:L)} -> Võ Thị Huệ | AQ27: {=XLOOKUP($D:$D,'DS ST'!$J:$J,'DS ST'!M:M)} -> HCM 014 | AT27: {=xlookup($E:$E,'CLV2'!$A:$A,'CLV2'!$F:$F)} -> 3.LEAFY VEGGIES | AU27: {=xlookup($E:$E,'CLV2'!$A:$A,'CLV2'!$G:$G)} -> 4.Rau Ăn Bông
A28: Như | B28: 46235 | C28: KFM_HCM_TPH - RS4 Richstar | D28: =VLOOKUP(C28,'DS ST'!A:B,2,0) -> RS4 | E28: 8936192440282 | F28: VFARM - TRỨNG GÀ LÒNG ĐỎ ĐẬM MÀU (VỈ 10 QUẢ) | G28: VỈ | H28: 8 | I28: 4 | J28: =H28-I28 -> 4 | K28: PT1598529 | L28: =K28&E28 -> PT15985298936192440282 | M28: TO227343 | P28: =H28-I28-N28-O28 -> 4 | R28: x | T28: HÌnh kdb | U28: Thiếu Item trong kiện | V28: DC giao thiếu | W28: =IF(VALUE(N28)<=0,"",IF(TRIM(V28)="Hao hụt","Hao hụt","Hao hụt")) | X28: =IF(AND(N(O28)>0,OR(V28="DC giao bù",V28="VT giao sai điểm",V28="ST nhập thiếu",V28="DC pick sai",V28="ST kiểm sai QT",V28="ST thông tin sai")),"Siêu thị","") | Y28: =IF(N(P28)<=0,"",IF(OR(T28="Hình KDB",T28="Hình tele",ISNUMBER(SEARCH("Hình KDB",T28)),ISNUMBER(SEARCH("Hình tele",T28)),ISNUMBER(SEARCH("sai code",T28)),ISNUMBER(SEARCH("Thiếu kiện",U28))),"Kho rau",IF(AND(T28<>"Hình KDB",T28<>"Hình tele"),"Chưa xác định",IF(N(O28)>0,IF(OR(T28="Hình KDB",T28="Hình tele",ISNUMBER(SEARCH("Hình KDB",T28)),ISNUMBER(SEARCH("Hình tele",T28)),ISNUMBER(SEARCH("sai code",T28)),ISNUMBER(SEARCH("Thiếu kiện",U28))),"Kho rau","Chưa xác định"),IF(OR(T28="Hình KDB",T28="Hình tele",ISNUMBER(SEARCH("Hình KDB",T28)),ISNUMBER(SEARCH("Hình tele",T28)),ISNUMBER(SEARCH("sai code",T28)),ISNUMBER(SEARCH("Thiếu kiện",U28))),"Kho rau",IF(V28="Chưa xác định","Chưa xác định",IF(OR(V28="DC giao thiếu",V28="TX giao thiếu kiện",V28="Hàng không đạt CL"),"Kho rau",""))))))) -> Kho rau | Z28: Hoàn Thành | AB28: Đồng ý claim | AF28: {=xlookup($E:$E,'CLV2'!$A:$A,'CLV2'!E:E)} -> 2.EGGS | AG28: =if(G28="KG","KG","Pack") -> Pack | AH28: =J28/H28 -> 0.5 | AI28: {=XLOOKUP(E28,'Đơn giá'!A:A,'Đơn giá'!D:D)} -> 29043 | AJ28: =AI28*J28 -> 116172 | AK28: =IF($W:$W="Hao hụt", AI28*N28, 0) -> 0 | AL28: =IF($X:$X="Siêu thị", AI28*O28, 0) -> 0 | AM28: =IF($Y:$Y="Kho rau", AI28*P28, 0) -> 116172 | AN28: =IF($Y:$Y="Chưa xác định", AI28*P28, 0) -> 0 | AO28: {=XLOOKUP($D:$D,'DS ST'!$J:$J,'DS ST'!K:K)} -> SC005375 - Trần Văn Hiếu | AP28: {=XLOOKUP($D:$D,'DS ST'!$J:$J,'DS ST'!L:L)} -> Võ Thị Huệ | AQ28: {=XLOOKUP($D:$D,'DS ST'!$J:$J,'DS ST'!M:M)} -> HCM 014 | AT28: {=xlookup($E:$E,'CLV2'!$A:$A,'CLV2'!$F:$F)} -> 3.FRESH EGGS | AU28: {=xlookup($E:$E,'CLV2'!$A:$A,'CLV2'!$G:$G)} -> 4.Trứng Gà Khác
B29: 46235 | C29: KFM_HCM_BTH - 61 Bùi Đình Túy | D29: =VLOOKUP(C29,'DS ST'!A:B,2,0) -> A192 | E29: 1101062 | F29: CHUỐI LABA ĐÀ LẠT | G29: KG | H29: 10.1 | I29: 10.06 | J29: =H29-I29 -> 0.04 | K29: PT1598524 | L29: =K29&E29 -> PT15985241101062 | M29: TO227159 | O29: 0.04 | P29: =H29-I29-N29-O29 -> 0 | Q29: PT1605691 | U29: Thiếu Item trong kiện | V29: ST kiểm sai QT | W29: =IF(VALUE(N29)<=0,"",IF(TRIM(V29)="Hao hụt","Hao hụt","Hao hụt")) | X29: Siêu thị | Z29: Hoàn Thành | AF29: {=xlookup($E:$E,'CLV2'!$A:$A,'CLV2'!E:E)} -> 2.FRUITS | AG29: =if(G29="KG","KG","Pack") -> KG | AH29: =J29/H29 -> 0.003960396 | AI29: {=XLOOKUP(E29,'Đơn giá'!A:A,'Đơn giá'!D:D)} -> 23000 | AJ29: =AI29*J29 -> 920 | AK29: =IF($W:$W="Hao hụt", AI29*N29, 0) -> 0 | AL29: =IF($X:$X="Siêu thị", AI29*O29, 0) -> 920 | AM29: =IF($Y:$Y="Kho rau", AI29*P29, 0) -> 0 | AN29: =IF($Y:$Y="Chưa xác định", AI29*P29, 0) -> 0 | AO29: {=XLOOKUP($D:$D,'DS ST'!$J:$J,'DS ST'!K:K)} -> SC009915 - Đoàn Ngọc Thịnh | AP29: {=XLOOKUP($D:$D,'DS ST'!$J:$J,'DS ST'!L:L)} -> Nguyễn Thị Cà | AQ29: {=XLOOKUP($D:$D,'DS ST'!$J:$J,'DS ST'!M:M)} -> HCM 025 | AT29: {=xlookup($E:$E,'CLV2'!$A:$A,'CLV2'!$F:$F)} -> 3.LOCAL FRUITS | AU29: {=xlookup($E:$E,'CLV2'!$A:$A,'CLV2'!$G:$G)} -> 4.Chuối
B30: 46235 | C30: KFM_HCM_TPH - 83 Khuông Việt | D30: =VLOOKUP(C30,'DS ST'!A:B,2,0) -> A143 | E30: 1100917 | F30: BÍ ĐỎ TRÒN | G30: KG | H30: 7.1 | I30: 6.96 | J30: =H30-I30 -> 0.14 | K30: PT1598522 | L30: =K30&E30 -> PT15985221100917 | M30: TO227201 | N30: 0.14 | P30: =H30-I30-N30-O30 -> 0 | T30: hình kdb | U30: Thiếu Item trong kiện | V30: Hao hụt | W30: =IF(VALUE(N30)<=0,"",IF(TRIM(V30)="Hao hụt","Hao hụt","Hao hụt")) -> Hao hụt | X30: =IF(AND(N(O30)>0,OR(V30="DC giao bù",V30="VT giao sai điểm",V30="ST nhập thiếu",V30="DC pick sai",V30="ST kiểm sai QT",V30="ST thông tin sai")),"Siêu thị","") | Y30: Kho rau | Z30: Hoàn Thành | AF30: {=xlookup($E:$E,'CLV2'!$A:$A,'CLV2'!E:E)} -> 2.VEGETABLES | AG30: =if(G30="KG","KG","Pack") -> KG | AH30: =J30/H30 -> 0.01971831 | AI30: {=XLOOKUP(E30,'Đơn giá'!A:A,'Đơn giá'!D:D)} -> 24500 | AJ30: =AI30*J30 -> 3430 | AK30: =IF($W:$W="Hao hụt", AI30*N30, 0) -> 3430 | AL30: =IF($X:$X="Siêu thị", AI30*O30, 0) -> 0 | AM30: =IF($Y:$Y="Kho rau", AI30*P30, 0) -> 0 | AN30: =IF($Y:$Y="Chưa xác định", AI30*P30, 0) -> 0 | AO30: {=XLOOKUP($D:$D,'DS ST'!$J:$J,'DS ST'!K:K)} -> SC003733 - Trần Huỳnh Thơ | AP30: {=XLOOKUP($D:$D,'DS ST'!$J:$J,'DS ST'!L:L)} -> Võ Thị Huệ | AQ30: {=XLOOKUP($D:$D,'DS ST'!$J:$J,'DS ST'!M:M)} -> HCM 013 | AT30: {=xlookup($E:$E,'CLV2'!$A:$A,'CLV2'!$F:$F)} -> 3.FRUIT VEGGIES | AU30: {=xlookup($E:$E,'CLV2'!$A:$A,'CLV2'!$G:$G)} -> 4.Bầu, Bí, Mướp
B31: 46235 | C31: KFM_HCM_TPH - 83 Khuông Việt | D31: =VLOOKUP(C31,'DS ST'!A:B,2,0) -> A143 | E31: 1101366 | F31: BÔNG CẢI XANH ĐÀ LẠT (KG) | G31: KG | H31: 4 | I31: 3.98 | J31: =H31-I31 -> 0.02 | K31: PT1598522 | L31: =K31&E31 -> PT15985221101366 | M31: TO227201 | N31: 0.02 | P31: =H31-I31-N31-O31 -> 0 | T31: hình kdb | U31: Thiếu Item trong kiện | V31: Hao hụt | W31: =IF(VALUE(N31)<=0,"",IF(TRIM(V31)="Hao hụt","Hao hụt","Hao hụt")) -> Hao hụt | X31: =IF(AND(N(O31)>0,OR(V31="DC giao bù",V31="VT giao sai điểm",V31="ST nhập thiếu",V31="DC pick sai",V31="ST kiểm sai QT",V31="ST thông tin sai")),"Siêu thị","") | Y31: Kho rau | Z31: Hoàn Thành | AF31: {=xlookup($E:$E,'CLV2'!$A:$A,'CLV2'!E:E)} -> 2.VEGETABLES | AG31: =if(G31="KG","KG","Pack") -> KG | AH31: =J31/H31 -> 0.005 | AI31: {=XLOOKUP(E31,'Đơn giá'!A:A,'Đơn giá'!D:D)} -> 55000 | AJ31: =AI31*J31 -> 1100 | AK31: =IF($W:$W="Hao hụt", AI31*N31, 0) -> 1100 | AL31: =IF($X:$X="Siêu thị", AI31*O31, 0) -> 0 | AM31: =IF($Y:$Y="Kho rau", AI31*P31, 0) -> 0 | AN31: =IF($Y:$Y="Chưa xác định", AI31*P31, 0) -> 0 | AO31: {=XLOOKUP($D:$D,'DS ST'!$J:$J,'DS ST'!K:K)} -> SC003733 - Trần Huỳnh Thơ | AP31: {=XLOOKUP($D:$D,'DS ST'!$J:$J,'DS ST'!L:L)} -> Võ Thị Huệ | AQ31: {=XLOOKUP($D:$D,'DS ST'!$J:$J,'DS ST'!M:M)} -> HCM 013 | AT31: {=xlookup($E:$E,'CLV2'!$A:$A,'CLV2'!$F:$F)} -> 3.LEAFY VEGGIES | AU31: {=xlookup($E:$E,'CLV2'!$A:$A,'CLV2'!$G:$G)} -> 4.Rau Ăn Bông
B32: 46235 | C32: KFM_HCM_Q08 - 296 Hoàng Ngân | D32: =VLOOKUP(C32,'DS ST'!A:B,2,0) -> HNN | E32: 10901 | F32: CẢI NGỌT VIETGAP 300G | G32: GÓI | H32: 4 | I32: 3 | J32: =H32-I32 -> 1 | K32: PT1598521 | L32: =K32&E32 -> PT159852110901 | M32: TO227291 | P32: =H32-I32-N32-O32 -> 1 | T32: hình tele | U32: Thiếu Item trong kiện | V32: DC giao thiếu | W32: =IF(VALUE(N32)<=0,"",IF(TRIM(V32)="Hao hụt","Hao hụt","Hao hụt")) | X32: =IF(AND(N(O32)>0,OR(V32="DC giao bù",V32="VT giao sai điểm",V32="ST nhập thiếu",V32="DC pick sai",V32="ST kiểm sai QT",V32="ST thông tin sai")),"Siêu thị","") | Y32: =IF(N(P32)<=0,"",IF(OR(T32="Hình KDB",T32="Hình tele",ISNUMBER(SEARCH("Hình KDB",T32)),ISNUMBER(SEARCH("Hình tele",T32)),ISNUMBER(SEARCH("sai code",T32)),ISNUMBER(SEARCH("Thiếu kiện",U32))),"Kho rau",IF(AND(T32<>"Hình KDB",T32<>"Hình tele"),"Chưa xác định",IF(N(O32)>0,IF(OR(T32="Hình KDB",T32="Hình tele",ISNUMBER(SEARCH("Hình KDB",T32)),ISNUMBER(SEARCH("Hình tele",T32)),ISNUMBER(SEARCH("sai code",T32)),ISNUMBER(SEARCH("Thiếu kiện",U32))),"Kho rau","Chưa xác định"),IF(OR(T32="Hình KDB",T32="Hình tele",ISNUMBER(SEARCH("Hình KDB",T32)),ISNUMBER(SEARCH("Hình tele",T32)),ISNUMBER(SEARCH("sai code",T32)),ISNUMBER(SEARCH("Thiếu kiện",U32))),"Kho rau",IF(V32="Chưa xác định","Chưa xác định",IF(OR(V32="DC giao thiếu",V32="TX giao thiếu kiện",V32="Hàng không đạt CL"),"Kho rau",""))))))) -> Kho rau | Z32: Hoàn Thành | AF32: {=xlookup($E:$E,'CLV2'!$A:$A,'CLV2'!E:E)} -> 2.VEGETABLES | AG32: =if(G32="KG","KG","Pack") -> Pack | AH32: =J32/H32 -> 0.25 | AI32: {=XLOOKUP(E32,'Đơn giá'!A:A,'Đơn giá'!D:D)} -> 9000 | AJ32: =AI32*J32 -> 9000 | AK32: =IF($W:$W="Hao hụt", AI32*N32, 0) -> 0 | AL32: =IF($X:$X="Siêu thị", AI32*O32, 0) -> 0 | AM32: =IF($Y:$Y="Kho rau", AI32*P32, 0) -> 9000 | AN32: =IF($Y:$Y="Chưa xác định", AI32*P32, 0) -> 0 | AO32: {=XLOOKUP($D:$D,'DS ST'!$J:$J,'DS ST'!K:K)} -> SC003943 - Lâm Văn Tú | AP32: {=XLOOKUP($D:$D,'DS ST'!$J:$J,'DS ST'!L:L)} -> Võ Thị Huệ | AQ32: {=XLOOKUP($D:$D,'DS ST'!$J:$J,'DS ST'!M:M)} -> HCM 011 | AT32: {=xlookup($E:$E,'CLV2'!$A:$A,'CLV2'!$F:$F)} -> 3.LEAFY VEGGIES | AU32: {=xlookup($E:$E,'CLV2'!$A:$A,'CLV2'!$G:$G)} -> 4.Rau Cải
B33: 46235 | C33: KFM_HCM_Q08 - 296 Hoàng Ngân | D33: =VLOOKUP(C33,'DS ST'!A:B,2,0) -> HNN | E33: 11024 | F33: LÁ VỪNG (LÁ MÈ) 50G | G33: GÓI | H33: 2 | I33: 1 | J33: =H33-I33 -> 1 | K33: PT1598521 | L33: =K33&E33 -> PT159852111024 | M33: TO227291 | P33: =H33-I33-N33-O33 -> 1 | T33: hình tele | U33: Thiếu Item trong kiện | V33: DC giao thiếu | W33: =IF(VALUE(N33)<=0,"",IF(TRIM(V33)="Hao hụt","Hao hụt","Hao hụt")) | X33: =IF(AND(N(O33)>0,OR(V33="DC giao bù",V33="VT giao sai điểm",V33="ST nhập thiếu",V33="DC pick sai",V33="ST kiểm sai QT",V33="ST thông tin sai")),"Siêu thị","") | Y33: =IF(N(P33)<=0,"",IF(OR(T33="Hình KDB",T33="Hình tele",ISNUMBER(SEARCH("Hình KDB",T33)),ISNUMBER(SEARCH("Hình tele",T33)),ISNUMBER(SEARCH("sai code",T33)),ISNUMBER(SEARCH("Thiếu kiện",U33))),"Kho rau",IF(AND(T33<>"Hình KDB",T33<>"Hình tele"),"Chưa xác định",IF(N(O33)>0,IF(OR(T33="Hình KDB",T33="Hình tele",ISNUMBER(SEARCH("Hình KDB",T33)),ISNUMBER(SEARCH("Hình tele",T33)),ISNUMBER(SEARCH("sai code",T33)),ISNUMBER(SEARCH("Thiếu kiện",U33))),"Kho rau","Chưa xác định"),IF(OR(T33="Hình KDB",T33="Hình tele",ISNUMBER(SEARCH("Hình KDB",T33)),ISNUMBER(SEARCH("Hình tele",T33)),ISNUMBER(SEARCH("sai code",T33)),ISNUMBER(SEARCH("Thiếu kiện",U33))),"Kho rau",IF(V33="Chưa xác định","Chưa xác định",IF(OR(V33="DC giao thiếu",V33="TX giao thiếu kiện",V33="Hàng không đạt CL"),"Kho rau",""))))))) -> Kho rau | Z33: Hoàn Thành | AF33: {=xlookup($E:$E,'CLV2'!$A:$A,'CLV2'!E:E)} -> 2.VEGETABLES | AG33: =if(G33="KG","KG","Pack") -> Pack | AH33: =J33/H33 -> 0.5 | AI33: {=XLOOKUP(E33,'Đơn giá'!A:A,'Đơn giá'!D:D)} -> 8000 | AJ33: =AI33*J33 -> 8000 | AK33: =IF($W:$W="Hao hụt", AI33*N33, 0) -> 0 | AL33: =IF($X:$X="Siêu thị", AI33*O33, 0) -> 0 | AM33: =IF($Y:$Y="Kho rau", AI33*P33, 0) -> 8000 | AN33: =IF($Y:$Y="Chưa xác định", AI33*P33, 0) -> 0 | AO33: {=XLOOKUP($D:$D,'DS ST'!$J:$J,'DS ST'!K:K)} -> SC003943 - Lâm Văn Tú | AP33: {=XLOOKUP($D:$D,'DS ST'!$J:$J,'DS ST'!L:L)} -> Võ Thị Huệ | AQ33: {=XLOOKUP($D:$D,'DS ST'!$J:$J,'DS ST'!M:M)} -> HCM 011 | AT33: {=xlookup($E:$E,'CLV2'!$A:$A,'CLV2'!$F:$F)} -> 3.HERBS | AU33: {=xlookup($E:$E,'CLV2'!$A:$A,'CLV2'!$G:$G)} -> 4.Rau Thơm, Rau Nêm
B34: 46235 | C34: KFM_HCM_Q08 - 296 Hoàng Ngân | D34: =VLOOKUP(C34,'DS ST'!A:B,2,0) -> HNN | E34: 11375 | F34: RAU BỒ NGÓT VIETGAP 300G | G34: GÓI | H34: 4 | I34: 2 | J34: =H34-I34 -> 2 | K34: PT1598521 | L34: =K34&E34 -> PT159852111375 | M34: TO227291 | P34: =H34-I34-N34-O34 -> 2 | T34: hình tele | U34: Thiếu Item trong kiện | V34: DC giao thiếu | W34: =IF(VALUE(N34)<=0,"",IF(TRIM(V34)="Hao hụt","Hao hụt","Hao hụt")) | X34: =IF(AND(N(O34)>0,OR(V34="DC giao bù",V34="VT giao sai điểm",V34="ST nhập thiếu",V34="DC pick sai",V34="ST kiểm sai QT",V34="ST thông tin sai")),"Siêu thị","") | Y34: =IF(N(P34)<=0,"",IF(OR(T34="Hình KDB",T34="Hình tele",ISNUMBER(SEARCH("Hình KDB",T34)),ISNUMBER(SEARCH("Hình tele",T34)),ISNUMBER(SEARCH("sai code",T34)),ISNUMBER(SEARCH("Thiếu kiện",U34))),"Kho rau",IF(AND(T34<>"Hình KDB",T34<>"Hình tele"),"Chưa xác định",IF(N(O34)>0,IF(OR(T34="Hình KDB",T34="Hình tele",ISNUMBER(SEARCH("Hình KDB",T34)),ISNUMBER(SEARCH("Hình tele",T34)),ISNUMBER(SEARCH("sai code",T34)),ISNUMBER(SEARCH("Thiếu kiện",U34))),"Kho rau","Chưa xác định"),IF(OR(T34="Hình KDB",T34="Hình tele",ISNUMBER(SEARCH("Hình KDB",T34)),ISNUMBER(SEARCH("Hình tele",T34)),ISNUMBER(SEARCH("sai code",T34)),ISNUMBER(SEARCH("Thiếu kiện",U34))),"Kho rau",IF(V34="Chưa xác định","Chưa xác định",IF(OR(V34="DC giao thiếu",V34="TX giao thiếu kiện",V34="Hàng không đạt CL"),"Kho rau",""))))))) -> Kho rau | Z34: Hoàn Thành | AF34: {=xlookup($E:$E,'CLV2'!$A:$A,'CLV2'!E:E)} -> 2.VEGETABLES | AG34: =if(G34="KG","KG","Pack") -> Pack | AH34: =J34/H34 -> 0.5 | AI34: {=XLOOKUP(E34,'Đơn giá'!A:A,'Đơn giá'!D:D)} -> 13000 | AJ34: =AI34*J34 -> 26000 | AK34: =IF($W:$W="Hao hụt", AI34*N34, 0) -> 0 | AL34: =IF($X:$X="Siêu thị", AI34*O34, 0) -> 0 | AM34: =IF($Y:$Y="Kho rau", AI34*P34, 0) -> 26000 | AN34: =IF($Y:$Y="Chưa xác định", AI34*P34, 0) -> 0 | AO34: {=XLOOKUP($D:$D,'DS ST'!$J:$J,'DS ST'!K:K)} -> SC003943 - Lâm Văn Tú | AP34: {=XLOOKUP($D:$D,'DS ST'!$J:$J,'DS ST'!L:L)} -> Võ Thị Huệ | AQ34: {=XLOOKUP($D:$D,'DS ST'!$J:$J,'DS ST'!M:M)} -> HCM 011 | AT34: {=xlookup($E:$E,'CLV2'!$A:$A,'CLV2'!$F:$F)} -> 3.LEAFY VEGGIES | AU34: {=xlookup($E:$E,'CLV2'!$A:$A,'CLV2'!$G:$G)} -> 4.Rau Ăn Lá Thông Dụng
B35: 46235 | C35: KFM_HCM_Q08 - 296 Hoàng Ngân | D35: =VLOOKUP(C35,'DS ST'!A:B,2,0) -> HNN | E35: 1101812 | F35: DƯA HẤU GIỐNG MỸ | G35: KG | H35: 15.8 | I35: 15.7 | J35: =H35-I35 -> 0.1 | K35: PT1598521 | L35: =K35&E35 -> PT15985211101812 | M35: TO227291 | N35: 0.1 | P35: =H35-I35-N35-O35 -> 0 | T35: hình tele | U35: Thiếu Item trong kiện | V35: Hao hụt | W35: =IF(VALUE(N35)<=0,"",IF(TRIM(V35)="Hao hụt","Hao hụt","Hao hụt")) -> Hao hụt | X35: =IF(AND(N(O35)>0,OR(V35="DC giao bù",V35="VT giao sai điểm",V35="ST nhập thiếu",V35="DC pick sai",V35="ST kiểm sai QT",V35="ST thông tin sai")),"Siêu thị","") | Y35: Kho rau | Z35: Hoàn Thành | AF35: {=xlookup($E:$E,'CLV2'!$A:$A,'CLV2'!E:E)} -> 2.FRUITS | AG35: =if(G35="KG","KG","Pack") -> KG | AH35: =J35/H35 -> 0.0063291139 | AI35: {=XLOOKUP(E35,'Đơn giá'!A:A,'Đơn giá'!D:D)} -> 23000 | AJ35: =AI35*J35 -> 2300 | AK35: =IF($W:$W="Hao hụt", AI35*N35, 0) -> 2300 | AL35: =IF($X:$X="Siêu thị", AI35*O35, 0) -> 0 | AM35: =IF($Y:$Y="Kho rau", AI35*P35, 0) -> 0 | AN35: =IF($Y:$Y="Chưa xác định", AI35*P35, 0) -> 0 | AO35: {=XLOOKUP($D:$D,'DS ST'!$J:$J,'DS ST'!K:K)} -> SC003943 - Lâm Văn Tú | AP35: {=XLOOKUP($D:$D,'DS ST'!$J:$J,'DS ST'!L:L)} -> Võ Thị Huệ | AQ35: {=XLOOKUP($D:$D,'DS ST'!$J:$J,'DS ST'!M:M)} -> HCM 011 | AT35: {=xlookup($E:$E,'CLV2'!$A:$A,'CLV2'!$F:$F)} -> 3.LOCAL FRUITS | AU35: {=xlookup($E:$E,'CLV2'!$A:$A,'CLV2'!$G:$G)} -> 4.Dưa Hấu
B36: 46235 | C36: KFM_HCM_Q08 - 296 Hoàng Ngân | D36: =VLOOKUP(C36,'DS ST'!A:B,2,0) -> HNN | E36: 1101992 | F36: XOÀI TỨ QUÝ | G36: KG | H36: 3 | I36: 2.4 | J36: =H36-I36 -> 0.6 | K36: PT1598521 | L36: =K36&E36 -> PT15985211101992 | M36: TO227291 | P36: =H36-I36-N36-O36 -> 0.6 | T36: hình tele | U36: Thiếu Item trong kiện | V36: DC giao thiếu | W36: =IF(VALUE(N36)<=0,"",IF(TRIM(V36)="Hao hụt","Hao hụt","Hao hụt")) | X36: =IF(AND(N(O36)>0,OR(V36="DC giao bù",V36="VT giao sai điểm",V36="ST nhập thiếu",V36="DC pick sai",V36="ST kiểm sai QT",V36="ST thông tin sai")),"Siêu thị","") | Y36: Kho rau | Z36: Hoàn Thành | AF36: {=xlookup($E:$E,'CLV2'!$A:$A,'CLV2'!E:E)} -> 2.FRUITS | AG36: =if(G36="KG","KG","Pack") -> KG | AH36: =J36/H36 -> 0.2 | AI36: {=XLOOKUP(E36,'Đơn giá'!A:A,'Đơn giá'!D:D)} -> 37000 | AJ36: =AI36*J36 -> 22200 | AK36: =IF($W:$W="Hao hụt", AI36*N36, 0) -> 0 | AL36: =IF($X:$X="Siêu thị", AI36*O36, 0) -> 0 | AM36: =IF($Y:$Y="Kho rau", AI36*P36, 0) -> 22200 | AN36: =IF($Y:$Y="Chưa xác định", AI36*P36, 0) -> 0 | AO36: {=XLOOKUP($D:$D,'DS ST'!$J:$J,'DS ST'!K:K)} -> SC003943 - Lâm Văn Tú | AP36: {=XLOOKUP($D:$D,'DS ST'!$J:$J,'DS ST'!L:L)} -> Võ Thị Huệ | AQ36: {=XLOOKUP($D:$D,'DS ST'!$J:$J,'DS ST'!M:M)} -> HCM 011 | AT36: {=xlookup($E:$E,'CLV2'!$A:$A,'CLV2'!$F:$F)} -> 3.LOCAL FRUITS | AU36: {=xlookup($E:$E,'CLV2'!$A:$A,'CLV2'!$G:$G)} -> 4.Xoài
B37: 46235 | C37: KFM_HCM_Q06 - 145 Đường Số 23 Bình Phú | D37: =VLOOKUP(C37,'DS ST'!A:B,2,0) -> A160 | E37: 10704 | F37: RAU TẦN Ô 300G | G37: GÓI | H37: 2 | I37: 0 | J37: =H37-I37 -> 2 | K37: PT1598519 | L37: =K37&E37 -> PT159851910704 | M37: TO227335 | P37: =H37-I37-N37-O37 -> 2 | U37: Thiếu Item trong kiện | V37: DC giao thiếu | W37: =IF(VALUE(N37)<=0,"",IF(TRIM(V37)="Hao hụt","Hao hụt","Hao hụt")) | X37: =IF(AND(N(O37)>0,OR(V37="DC giao bù",V37="VT giao sai điểm",V37="ST nhập thiếu",V37="DC pick sai",V37="ST kiểm sai QT",V37="ST thông tin sai")),"Siêu thị","") | Y37: Kho rau | Z37: Hoàn Thành | AF37: {=xlookup($E:$E,'CLV2'!$A:$A,'CLV2'!E:E)} -> 2.VEGETABLES | AG37: =if(G37="KG","KG","Pack") -> Pack | AH37: =J37/H37 -> 1 | AI37: {=XLOOKUP(E37,'Đơn giá'!A:A,'Đơn giá'!D:D)} -> 15000 | AJ37: =AI37*J37 -> 30000 | AK37: =IF($W:$W="Hao hụt", AI37*N37, 0) -> 0 | AL37: =IF($X:$X="Siêu thị", AI37*O37, 0) -> 0 | AM37: =IF($Y:$Y="Kho rau", AI37*P37, 0) -> 30000 | AN37: =IF($Y:$Y="Chưa xác định", AI37*P37, 0) -> 0 | AO37: {=XLOOKUP($D:$D,'DS ST'!$J:$J,'DS ST'!K:K)} -> SC003242 - Võ Văn Phi Hùng | AP37: {=XLOOKUP($D:$D,'DS ST'!$J:$J,'DS ST'!L:L)} -> Võ Thị Huệ | AQ37: {=XLOOKUP($D:$D,'DS ST'!$J:$J,'DS ST'!M:M)} -> HCM 029 | AT37: {=xlookup($E:$E,'CLV2'!$A:$A,'CLV2'!$F:$F)} -> 3.LEAFY VEGGIES | AU37: {=xlookup($E:$E,'CLV2'!$A:$A,'CLV2'!$G:$G)} -> 4.Rau Ăn Lá Thông Dụng
B38: 46235 | C38: KFM_HCM_Q06 - 145 Đường Số 23 Bình Phú | D38: =VLOOKUP(C38,'DS ST'!A:B,2,0) -> A160 | E38: 1100992 | F38: DƯA LƯỚI VỎ XANH RUỘT CAM | G38: KG | H38: 10.1 | I38: 9.98 | J38: =H38-I38 -> 0.12 | K38: PT1598519 | L38: =K38&E38 -> PT15985191100992 | M38: TO227335 | N38: 0.12 | P38: =H38-I38-N38-O38 -> 0 | T38: hình kdb | U38: Thiếu Item trong kiện | V38: Hao hụt | W38: =IF(VALUE(N38)<=0,"",IF(TRIM(V38)="Hao hụt","Hao hụt","Hao hụt")) -> Hao hụt | X38: =IF(AND(N(O38)>0,OR(V38="DC giao bù",V38="VT giao sai điểm",V38="ST nhập thiếu",V38="DC pick sai",V38="ST kiểm sai QT",V38="ST thông tin sai")),"Siêu thị","") | Y38: Kho rau | Z38: Hoàn Thành | AF38: {=xlookup($E:$E,'CLV2'!$A:$A,'CLV2'!E:E)} -> 2.FRUITS | AG38: =if(G38="KG","KG","Pack") -> KG | AH38: =J38/H38 -> 0.011881188 | AI38: {=XLOOKUP(E38,'Đơn giá'!A:A,'Đơn giá'!D:D)} -> 37000 | AJ38: =AI38*J38 -> 4440 | AK38: =IF($W:$W="Hao hụt", AI38*N38, 0) -> 4440 | AL38: =IF($X:$X="Siêu thị", AI38*O38, 0) -> 0 | AM38: =IF($Y:$Y="Kho rau", AI38*P38, 0) -> 0 | AN38: =IF($Y:$Y="Chưa xác định", AI38*P38, 0) -> 0 | AO38: {=XLOOKUP($D:$D,'DS ST'!$J:$J,'DS ST'!K:K)} -> SC003242 - Võ Văn Phi Hùng | AP38: {=XLOOKUP($D:$D,'DS ST'!$J:$J,'DS ST'!L:L)} -> Võ Thị Huệ | AQ38: {=XLOOKUP($D:$D,'DS ST'!$J:$J,'DS ST'!M:M)} -> HCM 029 | AT38: {=xlookup($E:$E,'CLV2'!$A:$A,'CLV2'!$F:$F)} -> 3.LOCAL FRUITS | AU38: {=xlookup($E:$E,'CLV2'!$A:$A,'CLV2'!$G:$G)} -> 4.Dưa Lưới
B39: 46235 | C39: KFM_HCM_Q06 - 145 Đường Số 23 Bình Phú | D39: =VLOOKUP(C39,'DS ST'!A:B,2,0) -> A160 | E39: 1101366 | F39: BÔNG CẢI XANH ĐÀ LẠT (KG) | G39: KG | H39: 4.2 | I39: 4.12 | J39: =H39-I39 -> 0.08 | K39: PT1598519 | L39: =K39&E39 -> PT15985191101366 | M39: TO227335 | N39: 0.08 | P39: =H39-I39-N39-O39 -> 0 | T39: hình kdb | U39: Thiếu Item trong kiện | V39: Hao hụt | W39: =IF(VALUE(N39)<=0,"",IF(TRIM(V39)="Hao hụt","Hao hụt","Hao hụt")) -> Hao hụt | X39: =IF(AND(N(O39)>0,OR(V39="DC giao bù",V39="VT giao sai điểm",V39="ST nhập thiếu",V39="DC pick sai",V39="ST kiểm sai QT",V39="ST thông tin sai")),"Siêu thị","") | Y39: Kho rau | Z39: Hoàn Thành | AF39: {=xlookup($E:$E,'CLV2'!$A:$A,'CLV2'!E:E)} -> 2.VEGETABLES | AG39: =if(G39="KG","KG","Pack") -> KG | AH39: =J39/H39 -> 0.019047619 | AI39: {=XLOOKUP(E39,'Đơn giá'!A:A,'Đơn giá'!D:D)} -> 55000 | AJ39: =AI39*J39 -> 4400 | AK39: =IF($W:$W="Hao hụt", AI39*N39, 0) -> 4400 | AL39: =IF($X:$X="Siêu thị", AI39*O39, 0) -> 0 | AM39: =IF($Y:$Y="Kho rau", AI39*P39, 0) -> 0 | AN39: =IF($Y:$Y="Chưa xác định", AI39*P39, 0) -> 0 | AO39: {=XLOOKUP($D:$D,'DS ST'!$J:$J,'DS ST'!K:K)} -> SC003242 - Võ Văn Phi Hùng | AP39: {=XLOOKUP($D:$D,'DS ST'!$J:$J,'DS ST'!L:L)} -> Võ Thị Huệ | AQ39: {=XLOOKUP($D:$D,'DS ST'!$J:$J,'DS ST'!M:M)} -> HCM 029 | AT39: {=xlookup($E:$E,'CLV2'!$A:$A,'CLV2'!$F:$F)} -> 3.LEAFY VEGGIES | AU39: {=xlookup($E:$E,'CLV2'!$A:$A,'CLV2'!$G:$G)} -> 4.Rau Ăn Bông
B40: 46235 | C40: KFM_HCM_TBI - 108 Bùi Thị Xuân | D40: =VLOOKUP(C40,'DS ST'!A:B,2,0) -> A146 | E40: 1101366 | F40: BÔNG CẢI XANH ĐÀ LẠT (KG) | G40: KG | H40: 4.2 | I40: 4.02 | J40: =H40-I40 -> 0.18 | K40: PT1598514 | L40: =K40&E40 -> PT15985141101366 | M40: TO227432 | N40: 0.18 | P40: =H40-I40-N40-O40 -> 0 | T40: hình tele | U40: Thiếu Item trong kiện | V40: Hao hụt | W40: =IF(VALUE(N40)<=0,"",IF(TRIM(V40)="Hao hụt","Hao hụt","Hao hụt")) -> Hao hụt | X40: =IF(AND(N(O40)>0,OR(V40="DC giao bù",V40="VT giao sai điểm",V40="ST nhập thiếu",V40="DC pick sai",V40="ST kiểm sai QT",V40="ST thông tin sai")),"Siêu thị","") | Y40: Kho rau | Z40: Hoàn Thành | AF40: {=xlookup($E:$E,'CLV2'!$A:$A,'CLV2'!E:E)} -> 2.VEGETABLES | AG40: =if(G40="KG","KG","Pack") -> KG | AH40: =J40/H40 -> 0.042857143 | AI40: {=XLOOKUP(E40,'Đơn giá'!A:A,'Đơn giá'!D:D)} -> 55000 | AJ40: =AI40*J40 -> 9900 | AK40: =IF($W:$W="Hao hụt", AI40*N40, 0) -> 9900 | AL40: =IF($X:$X="Siêu thị", AI40*O40, 0) -> 0 | AM40: =IF($Y:$Y="Kho rau", AI40*P40, 0) -> 0 | AN40: =IF($Y:$Y="Chưa xác định", AI40*P40, 0) -> 0 | AO40: {=XLOOKUP($D:$D,'DS ST'!$J:$J,'DS ST'!K:K)} -> SC007426 - Trần Hữu Vinh | AP40: {=XLOOKUP($D:$D,'DS ST'!$J:$J,'DS ST'!L:L)} -> Võ Thị Huệ | AQ40: {=XLOOKUP($D:$D,'DS ST'!$J:$J,'DS ST'!M:M)} -> HCM 015 | AT40: {=xlookup($E:$E,'CLV2'!$A:$A,'CLV2'!$F:$F)} -> 3.LEAFY VEGGIES | AU40: {=xlookup($E:$E,'CLV2'!$A:$A,'CLV2'!$G:$G)} -> 4.Rau Ăn Bông
B41: 46235 | C41: KFM_HCM_TPH - 50 Lương Minh Nguyệt | D41: =VLOOKUP(C41,'DS ST'!A:B,2,0) -> A149 | E41: 1100816 | F41: DƯA HẤU RUỘT ĐỎ | G41: KG | H41: 14.5 | I41: 14.43 | J41: =H41-I41 -> 0.07 | K41: PT1598512 | L41: =K41&E41 -> PT15985121100816 | M41: TO227259 | N41: 0.07 | P41: =H41-I41-N41-O41 -> 0 | T41: hình kdb | U41: Thiếu Item trong kiện | V41: Hao hụt | W41: =IF(VALUE(N41)<=0,"",IF(TRIM(V41)="Hao hụt","Hao hụt","Hao hụt")) -> Hao hụt | X41: =IF(AND(N(O41)>0,OR(V41="DC giao bù",V41="VT giao sai điểm",V41="ST nhập thiếu",V41="DC pick sai",V41="ST kiểm sai QT",V41="ST thông tin sai")),"Siêu thị","") | Y41: Kho rau | Z41: Hoàn Thành | AF41: {=xlookup($E:$E,'CLV2'!$A:$A,'CLV2'!E:E)} -> 2.FRUITS | AG41: =if(G41="KG","KG","Pack") -> KG | AH41: =J41/H41 -> 0.0048275862 | AI41: {=XLOOKUP(E41,'Đơn giá'!A:A,'Đơn giá'!D:D)} -> 19000 | AJ41: =AI41*J41 -> 1330 | AK41: =IF($W:$W="Hao hụt", AI41*N41, 0) -> 1330 | AL41: =IF($X:$X="Siêu thị", AI41*O41, 0) -> 0 | AM41: =IF($Y:$Y="Kho rau", AI41*P41, 0) -> 0 | AN41: =IF($Y:$Y="Chưa xác định", AI41*P41, 0) -> 0 | AO41: {=XLOOKUP($D:$D,'DS ST'!$J:$J,'DS ST'!K:K)} -> SC008805 - Nguyễn Thị Ngọc Giàu | AP41: {=XLOOKUP($D:$D,'DS ST'!$J:$J,'DS ST'!L:L)} -> Võ Thị Huệ | AQ41: {=XLOOKUP($D:$D,'DS ST'!$J:$J,'DS ST'!M:M)} -> HCM 031 | AT41: {=xlookup($E:$E,'CLV2'!$A:$A,'CLV2'!$F:$F)} -> 3.LOCAL FRUITS | AU41: {=xlookup($E:$E,'CLV2'!$A:$A,'CLV2'!$G:$G)} -> 4.Dưa Hấu
B42: 46235 | C42: KFM_HCM_TPH - 50 Lương Minh Nguyệt | D42: =VLOOKUP(C42,'DS ST'!A:B,2,0) -> A149 | E42: 1101302 | F42: CHUỐI GIÀ GIỐNG NAM MỸ | G42: KG | H42: 8 | I42: 7.845 | J42: =H42-I42 -> 0.155 | K42: PT1598512 | L42: =K42&E42 -> PT15985121101302 | M42: TO227259 | N42: 0.155 | P42: =H42-I42-N42-O42 -> 0 | T42: hình kdb | U42: Thiếu Item trong kiện | V42: Hao hụt | W42: =IF(VALUE(N42)<=0,"",IF(TRIM(V42)="Hao hụt","Hao hụt","Hao hụt")) -> Hao hụt | X42: =IF(AND(N(O42)>0,OR(V42="DC giao bù",V42="VT giao sai điểm",V42="ST nhập thiếu",V42="DC pick sai",V42="ST kiểm sai QT",V42="ST thông tin sai")),"Siêu thị","") | Y42: Kho rau | Z42: Hoàn Thành | AF42: {=xlookup($E:$E,'CLV2'!$A:$A,'CLV2'!E:E)} -> 2.FRUITS | AG42: =if(G42="KG","KG","Pack") -> KG | AH42: =J42/H42 -> 0.019375 | AI42: {=XLOOKUP(E42,'Đơn giá'!A:A,'Đơn giá'!D:D)} -> 17500 | AJ42: =AI42*J42 -> 2712.5 | AK42: =IF($W:$W="Hao hụt", AI42*N42, 0) -> 2712.5 | AL42: =IF($X:$X="Siêu thị", AI42*O42, 0) -> 0 | AM42: =IF($Y:$Y="Kho rau", AI42*P42, 0) -> 0 | AN42: =IF($Y:$Y="Chưa xác định", AI42*P42, 0) -> 0 | AO42: {=XLOOKUP($D:$D,'DS ST'!$J:$J,'DS ST'!K:K)} -> SC008805 - Nguyễn Thị Ngọc Giàu | AP42: {=XLOOKUP($D:$D,'DS ST'!$J:$J,'DS ST'!L:L)} -> Võ Thị Huệ | AQ42: {=XLOOKUP($D:$D,'DS ST'!$J:$J,'DS ST'!M:M)} -> HCM 031 | AT42: {=xlookup($E:$E,'CLV2'!$A:$A,'CLV2'!$F:$F)} -> 3.LOCAL FRUITS | AU42: {=xlookup($E:$E,'CLV2'!$A:$A,'CLV2'!$G:$G)} -> 4.Chuối
B43: 46235 | C43: KFM_HCM_TPH - 50 Lương Minh Nguyệt | D43: =VLOOKUP(C43,'DS ST'!A:B,2,0) -> A149 | E43: 1101366 | F43: BÔNG CẢI XANH ĐÀ LẠT (KG) | G43: KG | H43: 4.1 | I43: 3.96 | J43: =H43-I43 -> 0.14 | K43: PT1598512 | L43: =K43&E43 -> PT15985121101366 | M43: TO227259 | N43: 0.14 | P43: =H43-I43-N43-O43 -> 0 | T43: hình kdb | U43: Thiếu Item trong kiện | V43: Hao hụt | W43: =IF(VALUE(N43)<=0,"",IF(TRIM(V43)="Hao hụt","Hao hụt","Hao hụt")) -> Hao hụt | X43: =IF(AND(N(O43)>0,OR(V43="DC giao bù",V43="VT giao sai điểm",V43="ST nhập thiếu",V43="DC pick sai",V43="ST kiểm sai QT",V43="ST thông tin sai")),"Siêu thị","") | Y43: Kho rau | Z43: Hoàn Thành | AF43: {=xlookup($E:$E,'CLV2'!$A:$A,'CLV2'!E:E)} -> 2.VEGETABLES | AG43: =if(G43="KG","KG","Pack") -> KG | AH43: =J43/H43 -> 0.034146341 | AI43: {=XLOOKUP(E43,'Đơn giá'!A:A,'Đơn giá'!D:D)} -> 55000 | AJ43: =AI43*J43 -> 7700 | AK43: =IF($W:$W="Hao hụt", AI43*N43, 0) -> 7700 | AL43: =IF($X:$X="Siêu thị", AI43*O43, 0) -> 0 | AM43: =IF($Y:$Y="Kho rau", AI43*P43, 0) -> 0 | AN43: =IF($Y:$Y="Chưa xác định", AI43*P43, 0) -> 0 | AO43: {=XLOOKUP($D:$D,'DS ST'!$J:$J,'DS ST'!K:K)} -> SC008805 - Nguyễn Thị Ngọc Giàu | AP43: {=XLOOKUP($D:$D,'DS ST'!$J:$J,'DS ST'!L:L)} -> Võ Thị Huệ | AQ43: {=XLOOKUP($D:$D,'DS ST'!$J:$J,'DS ST'!M:M)} -> HCM 031 | AT43: {=xlookup($E:$E,'CLV2'!$A:$A,'CLV2'!$F:$F)} -> 3.LEAFY VEGGIES | AU43: {=xlookup($E:$E,'CLV2'!$A:$A,'CLV2'!$G:$G)} -> 4.Rau Ăn Bông
B44: 46235 | C44: KFM_BDU_DAN - SH01 BCons Garden | D44: =VLOOKUP(C44,'DS ST'!A:B,2,0) -> BCG | E44: 1100992 | F44: DƯA LƯỚI VỎ XANH RUỘT CAM | G44: KG | H44: 10.1 | I44: 10.06 | J44: =H44-I44 -> 0.04 | K44: PT1598508 | L44: =K44&E44 -> PT15985081100992 | M44: TO227281 | N44: 0.04 | P44: =H44-I44-N44-O44 -> 0 | T44: hình kdb | U44: Thiếu Item trong kiện | V44: Hao hụt | W44: =IF(VALUE(N44)<=0,"",IF(TRIM(V44)="Hao hụt","Hao hụt","Hao hụt")) -> Hao hụt | X44: =IF(AND(N(O44)>0,OR(V44="DC giao bù",V44="VT giao sai điểm",V44="ST nhập thiếu",V44="DC pick sai",V44="ST kiểm sai QT",V44="ST thông tin sai")),"Siêu thị","") | Y44: Kho rau | Z44: Hoàn Thành | AF44: {=xlookup($E:$E,'CLV2'!$A:$A,'CLV2'!E:E)} -> 2.FRUITS | AG44: =if(G44="KG","KG","Pack") -> KG | AH44: =J44/H44 -> 0.003960396 | AI44: {=XLOOKUP(E44,'Đơn giá'!A:A,'Đơn giá'!D:D)} -> 37000 | AJ44: =AI44*J44 -> 1480 | AK44: =IF($W:$W="Hao hụt", AI44*N44, 0) -> 1480 | AL44: =IF($X:$X="Siêu thị", AI44*O44, 0) -> 0 | AM44: =IF($Y:$Y="Kho rau", AI44*P44, 0) -> 0 | AN44: =IF($Y:$Y="Chưa xác định", AI44*P44, 0) -> 0 | AO44: {=XLOOKUP($D:$D,'DS ST'!$J:$J,'DS ST'!K:K)} -> SC008806 - Nguyễn Bữu Trùng Dương | AP44: {=XLOOKUP($D:$D,'DS ST'!$J:$J,'DS ST'!L:L)} -> Nguyễn Thị Cà | AQ44: {=XLOOKUP($D:$D,'DS ST'!$J:$J,'DS ST'!M:M)} -> HCM 017 | AT44: {=xlookup($E:$E,'CLV2'!$A:$A,'CLV2'!$F:$F)} -> 3.LOCAL FRUITS | AU44: {=xlookup($E:$E,'CLV2'!$A:$A,'CLV2'!$G:$G)} -> 4.Dưa Lưới
B45: 46235 | C45: KFM_HCM_TBI - 76 Bàu Cát | D45: =VLOOKUP(C45,'DS ST'!A:B,2,0) -> A199 | E45: 11571 | F45: THANH LONG TÍM HỒNG (QUẢ) | G45: QUẢ | H45: 5 | I45: 0 | J45: =H45-I45 -> 5 | K45: PT1598504 | L45: =K45&E45 -> PT159850411571 | M45: TO227227 | P45: =H45-I45-N45-O45 -> 5 | U45: Thiếu Item trong kiện | V45: DC giao thiếu | W45: =IF(VALUE(N45)<=0,"",IF(TRIM(V45)="Hao hụt","Hao hụt","Hao hụt")) | X45: =IF(AND(N(O45)>0,OR(V45="DC giao bù",V45="VT giao sai điểm",V45="ST nhập thiếu",V45="DC pick sai",V45="ST kiểm sai QT",V45="ST thông tin sai")),"Siêu thị","") | Y45: Kho rau | Z45: Hoàn Thành | AF45: {=xlookup($E:$E,'CLV2'!$A:$A,'CLV2'!E:E)} -> 2.FRUITS | AG45: =if(G45="KG","KG","Pack") -> Pack | AH45: =J45/H45 -> 1 | AI45: {=XLOOKUP(E45,'Đơn giá'!A:A,'Đơn giá'!D:D)} -> 17500 | AJ45: =AI45*J45 -> 87500 | AK45: =IF($W:$W="Hao hụt", AI45*N45, 0) -> 0 | AL45: =IF($X:$X="Siêu thị", AI45*O45, 0) -> 0 | AM45: =IF($Y:$Y="Kho rau", AI45*P45, 0) -> 87500 | AN45: =IF($Y:$Y="Chưa xác định", AI45*P45, 0) -> 0 | AO45: {=XLOOKUP($D:$D,'DS ST'!$J:$J,'DS ST'!K:K)} -> SC002172 - Nguyễn Ngọc Thuỳ Dương | AP45: {=XLOOKUP($D:$D,'DS ST'!$J:$J,'DS ST'!L:L)} -> Võ Thị Huệ | AQ45: {=XLOOKUP($D:$D,'DS ST'!$J:$J,'DS ST'!M:M)} -> HCM 028 | AT45: {=xlookup($E:$E,'CLV2'!$A:$A,'CLV2'!$F:$F)} -> 3.LOCAL FRUITS | AU45: {=xlookup($E:$E,'CLV2'!$A:$A,'CLV2'!$G:$G)} -> 4.Thanh Long
B46: 46235 | C46: KFM_HCM_TBI - 76 Bàu Cát | D46: =VLOOKUP(C46,'DS ST'!A:B,2,0) -> A199 | E46: 1100816 | F46: DƯA HẤU RUỘT ĐỎ | G46: KG | H46: 15 | I46: 14.94 | J46: =H46-I46 -> 0.06 | K46: PT1598504 | L46: =K46&E46 -> PT15985041100816 | M46: TO227227 | N46: 0.06 | P46: =H46-I46-N46-O46 -> 0 | T46: hình kdb | U46: Thiếu Item trong kiện | V46: Hao hụt | W46: =IF(VALUE(N46)<=0,"",IF(TRIM(V46)="Hao hụt","Hao hụt","Hao hụt")) -> Hao hụt | X46: =IF(AND(N(O46)>0,OR(V46="DC giao bù",V46="VT giao sai điểm",V46="ST nhập thiếu",V46="DC pick sai",V46="ST kiểm sai QT",V46="ST thông tin sai")),"Siêu thị","") | Y46: Kho rau | Z46: Hoàn Thành | AF46: {=xlookup($E:$E,'CLV2'!$A:$A,'CLV2'!E:E)} -> 2.FRUITS | AG46: =if(G46="KG","KG","Pack") -> KG | AH46: =J46/H46 -> 0.004 | AI46: {=XLOOKUP(E46,'Đơn giá'!A:A,'Đơn giá'!D:D)} -> 19000 | AJ46: =AI46*J46 -> 1140 | AK46: =IF($W:$W="Hao hụt", AI46*N46, 0) -> 1140 | AL46: =IF($X:$X="Siêu thị", AI46*O46, 0) -> 0 | AM46: =IF($Y:$Y="Kho rau", AI46*P46, 0) -> 0 | AN46: =IF($Y:$Y="Chưa xác định", AI46*P46, 0) -> 0 | AO46: {=XLOOKUP($D:$D,'DS ST'!$J:$J,'DS ST'!K:K)} -> SC002172 - Nguyễn Ngọc Thuỳ Dương | AP46: {=XLOOKUP($D:$D,'DS ST'!$J:$J,'DS ST'!L:L)} -> Võ Thị Huệ | AQ46: {=XLOOKUP($D:$D,'DS ST'!$J:$J,'DS ST'!M:M)} -> HCM 028 | AT46: {=xlookup($E:$E,'CLV2'!$A:$A,'CLV2'!$F:$F)} -> 3.LOCAL FRUITS | AU46: {=xlookup($E:$E,'CLV2'!$A:$A,'CLV2'!$G:$G)} -> 4.Dưa Hấu
B47: 46235 | C47: KFM_HCM_TBI - 76 Bàu Cát | D47: =VLOOKUP(C47,'DS ST'!A:B,2,0) -> A199 | E47: 1101812 | F47: DƯA HẤU GIỐNG MỸ | G47: KG | H47: 9.4 | I47: 9.32 | J47: =H47-I47 -> 0.08 | K47: PT1598504 | L47: =K47&E47 -> PT15985041101812 | M47: TO227227 | N47: 0.08 | P47: =H47-I47-N47-O47 -> 0 | T47: hình kdb | U47: Thiếu Item trong kiện | V47: Hao hụt | W47: =IF(VALUE(N47)<=0,"",IF(TRIM(V47)="Hao hụt","Hao hụt","Hao hụt")) -> Hao hụt | X47: =IF(AND(N(O47)>0,OR(V47="DC giao bù",V47="VT giao sai điểm",V47="ST nhập thiếu",V47="DC pick sai",V47="ST kiểm sai QT",V47="ST thông tin sai")),"Siêu thị","") | Y47: Kho rau | Z47: Hoàn Thành | AF47: {=xlookup($E:$E,'CLV2'!$A:$A,'CLV2'!E:E)} -> 2.FRUITS | AG47: =if(G47="KG","KG","Pack") -> KG | AH47: =J47/H47 -> 0.0085106383 | AI47: {=XLOOKUP(E47,'Đơn giá'!A:A,'Đơn giá'!D:D)} -> 23000 | AJ47: =AI47*J47 -> 1840 | AK47: =IF($W:$W="Hao hụt", AI47*N47, 0) -> 1840 | AL47: =IF($X:$X="Siêu thị", AI47*O47, 0) -> 0 | AM47: =IF($Y:$Y="Kho rau", AI47*P47, 0) -> 0 | AN47: =IF($Y:$Y="Chưa xác định", AI47*P47, 0) -> 0 | AO47: {=XLOOKUP($D:$D,'DS ST'!$J:$J,'DS ST'!K:K)} -> SC002172 - Nguyễn Ngọc Thuỳ Dương | AP47: {=XLOOKUP($D:$D,'DS ST'!$J:$J,'DS ST'!L:L)} -> Võ Thị Huệ | AQ47: {=XLOOKUP($D:$D,'DS ST'!$J:$J,'DS ST'!M:M)} -> HCM 028 | AT47: {=xlookup($E:$E,'CLV2'!$A:$A,'CLV2'!$F:$F)} -> 3.LOCAL FRUITS | AU47: {=xlookup($E:$E,'CLV2'!$A:$A,'CLV2'!$G:$G)} -> 4.Dưa Hấu
B48: 46235 | C48: KFM_HCM_Q08 - 819 Phạm Thế Hiển | D48: =VLOOKUP(C48,'DS ST'!A:B,2,0) -> A171 | E48: 10793 | F48: DIẾP CÁ (DẤP CÁ) VIETGAP 100G | G48: GÓI | H48: 1 | I48: 0 | J48: =H48-I48 -> 1 | K48: PT1598502 | L48: =K48&E48 -> PT159850210793 | M48: TO227410 | P48: =H48-I48-N48-O48 -> 1 | U48: Thiếu Item trong kiện | V48: DC giao thiếu | W48: =IF(VALUE(N48)<=0,"",IF(TRIM(V48)="Hao hụt","Hao hụt","Hao hụt")) | X48: =IF(AND(N(O48)>0,OR(V48="DC giao bù",V48="VT giao sai điểm",V48="ST nhập thiếu",V48="DC pick sai",V48="ST kiểm sai QT",V48="ST thông tin sai")),"Siêu thị","") | Y48: Kho rau | Z48: Hoàn Thành | AF48: {=xlookup($E:$E,'CLV2'!$A:$A,'CLV2'!E:E)} -> 2.VEGETABLES | AG48: =if(G48="KG","KG","Pack") -> Pack | AH48: =J48/H48 -> 1 | AI48: {=XLOOKUP(E48,'Đơn giá'!A:A,'Đơn giá'!D:D)} -> 5500 | AJ48: =AI48*J48 -> 5500 | AK48: =IF($W:$W="Hao hụt", AI48*N48, 0) -> 0 | AL48: =IF($X:$X="Siêu thị", AI48*O48, 0) -> 0 | AM48: =IF($Y:$Y="Kho rau", AI48*P48, 0) -> 5500 | AN48: =IF($Y:$Y="Chưa xác định", AI48*P48, 0) -> 0 | AO48: {=XLOOKUP($D:$D,'DS ST'!$J:$J,'DS ST'!K:K)} -> SC009565 - Cao Chánh Tuấn | AP48: {=XLOOKUP($D:$D,'DS ST'!$J:$J,'DS ST'!L:L)} -> Võ Thị Huệ | AQ48: {=XLOOKUP($D:$D,'DS ST'!$J:$J,'DS ST'!M:M)} -> HCM 010 | AT48: {=xlookup($E:$E,'CLV2'!$A:$A,'CLV2'!$F:$F)} -> 3.HERBS | AU48: {=xlookup($E:$E,'CLV2'!$A:$A,'CLV2'!$G:$G)} -> 4.Rau Thơm, Rau Nêm
B49: 46235 | C49: KFM_BDU_DAN - 9 Đường M, Khu Phố Nhị Đồng 2 | D49: =VLOOKUP(C49,'DS ST'!A:B,2,0) -> A189 | E49: 11272 | F49: BÔNG CẢI XANH BABY ĐÀ LẠT 250G | G49: GÓI | H49: 1 | I49: 0 | J49: =H49-I49 -> 1 | K49: PT1598499 | L49: =K49&E49 -> PT159849911272 | M49: TO227313 | P49: =H49-I49-N49-O49 -> 1 | U49: Thiếu Item trong kiện | V49: DC giao thiếu | W49: =IF(VALUE(N49)<=0,"",IF(TRIM(V49)="Hao hụt","Hao hụt","Hao hụt")) | X49: =IF(AND(N(O49)>0,OR(V49="DC giao bù",V49="VT giao sai điểm",V49="ST nhập thiếu",V49="DC pick sai",V49="ST kiểm sai QT",V49="ST thông tin sai")),"Siêu thị","") | Y49: Kho rau | Z49: Hoàn Thành | AF49: {=xlookup($E:$E,'CLV2'!$A:$A,'CLV2'!E:E)} -> 2.VEGETABLES | AG49: =if(G49="KG","KG","Pack") -> Pack | AH49: =J49/H49 -> 1 | AI49: {=XLOOKUP(E49,'Đơn giá'!A:A,'Đơn giá'!D:D)} -> 20000 | AJ49: =AI49*J49 -> 20000 | AK49: =IF($W:$W="Hao hụt", AI49*N49, 0) -> 0 | AL49: =IF($X:$X="Siêu thị", AI49*O49, 0) -> 0 | AM49: =IF($Y:$Y="Kho rau", AI49*P49, 0) -> 20000 | AN49: =IF($Y:$Y="Chưa xác định", AI49*P49, 0) -> 0 | AO49: {=XLOOKUP($D:$D,'DS ST'!$J:$J,'DS ST'!K:K)} -> SC008806 - Nguyễn Bữu Trùng Dương | AP49: {=XLOOKUP($D:$D,'DS ST'!$J:$J,'DS ST'!L:L)} -> Nguyễn Thị Cà | AQ49: {=XLOOKUP($D:$D,'DS ST'!$J:$J,'DS ST'!M:M)} -> HCM 017 | AT49: {=xlookup($E:$E,'CLV2'!$A:$A,'CLV2'!$F:$F)} -> 3.LEAFY VEGGIES | AU49: {=xlookup($E:$E,'CLV2'!$A:$A,'CLV2'!$G:$G)} -> 4.Rau Ăn Bông
B50: 46235 | C50: KFM_HCM_GVA - 32B Đường Số 1 An Hội Đông | D50: =VLOOKUP(C50,'DS ST'!A:B,2,0) -> A201 | E50: 11376 | F50: RAU MÁ LÁ NHỎ VIETGAP 200G | G50: GÓI | H50: 3 | I50: 0 | J50: =H50-I50 -> 3 | K50: PT1598497 | L50: =K50&E50 -> PT159849711376 | M50: TO227337 | P50: =H50-I50-N50-O50 -> 3 | U50: Thiếu Item trong kiện | V50: DC giao thiếu | W50: =IF(VALUE(N50)<=0,"",IF(TRIM(V50)="Hao hụt","Hao hụt","Hao hụt")) | X50: =IF(AND(N(O50)>0,OR(V50="DC giao bù",V50="VT giao sai điểm",V50="ST nhập thiếu",V50="DC pick sai",V50="ST kiểm sai QT",V50="ST thông tin sai")),"Siêu thị","") | Y50: Kho rau | Z50: Hoàn Thành | AF50: {=xlookup($E:$E,'CLV2'!$A:$A,'CLV2'!E:E)} -> 2.VEGETABLES | AG50: =if(G50="KG","KG","Pack") -> Pack | AH50: =J50/H50 -> 1 | AI50: {=XLOOKUP(E50,'Đơn giá'!A:A,'Đơn giá'!D:D)} -> 10000 | AJ50: =AI50*J50 -> 30000 | AK50: =IF($W:$W="Hao hụt", AI50*N50, 0) -> 0 | AL50: =IF($X:$X="Siêu thị", AI50*O50, 0) -> 0 | AM50: =IF($Y:$Y="Kho rau", AI50*P50, 0) -> 30000 | AN50: =IF($Y:$Y="Chưa xác định", AI50*P50, 0) -> 0 | AO50: {=XLOOKUP($D:$D,'DS ST'!$J:$J,'DS ST'!K:K)} | AP50: {=XLOOKUP($D:$D,'DS ST'!$J:$J,'DS ST'!L:L)} | AQ50: {=XLOOKUP($D:$D,'DS ST'!$J:$J,'DS ST'!M:M)} | AT50: {=xlookup($E:$E,'CLV2'!$A:$A,'CLV2'!$F:$F)} -> 3.LEAFY VEGGIES | AU50: {=xlookup($E:$E,'CLV2'!$A:$A,'CLV2'!$G:$G)} -> 4.Rau Ăn Lá Thông Dụng
B51: 46235 | C51: KFM_HCM_GVA - 32B Đường Số 1 An Hội Đông | D51: =VLOOKUP(C51,'DS ST'!A:B,2,0) -> A201 | E51: 1100816 | F51: DƯA HẤU RUỘT ĐỎ | G51: KG | H51: 14.9 | I51: 14.84 | J51: =H51-I51 -> 0.06 | K51: PT1598497 | L51: =K51&E51 -> PT15984971100816 | M51: TO227337 | O51: 0.06 | P51: =H51-I51-N51-O51 -> 0 | Q51: PT1606398 | U51: Thiếu Item trong kiện | V51: ST kiểm sai QT | W51: =IF(VALUE(N51)<=0,"",IF(TRIM(V51)="Hao hụt","Hao hụt","Hao hụt")) | X51: =IF(AND(N(O51)>0,OR(V51="DC giao bù",V51="VT giao sai điểm",V51="ST nhập thiếu",V51="DC pick sai",V51="ST kiểm sai QT",V51="ST thông tin sai")),"Siêu thị","") -> Siêu thị | Z51: Hoàn Thành | AF51: {=xlookup($E:$E,'CLV2'!$A:$A,'CLV2'!E:E)} -> 2.FRUITS | AG51: =if(G51="KG","KG","Pack") -> KG | AH51: =J51/H51 -> 0.0040268456 | AI51: {=XLOOKUP(E51,'Đơn giá'!A:A,'Đơn giá'!D:D)} -> 19000 | AJ51: =AI51*J51 -> 1140 | AK51: =IF($W:$W="Hao hụt", AI51*N51, 0) -> 0 | AL51: =IF($X:$X="Siêu thị", AI51*O51, 0) -> 1140 | AM51: =IF($Y:$Y="Kho rau", AI51*P51, 0) -> 0 | AN51: =IF($Y:$Y="Chưa xác định", AI51*P51, 0) -> 0 | AO51: {=XLOOKUP($D:$D,'DS ST'!$J:$J,'DS ST'!K:K)} | AP51: {=XLOOKUP($D:$D,'DS ST'!$J:$J,'DS ST'!L:L)} | AQ51: {=XLOOKUP($D:$D,'DS ST'!$J:$J,'DS ST'!M:M)} | AT51: {=xlookup($E:$E,'CLV2'!$A:$A,'CLV2'!$F:$F)} -> 3.LOCAL FRUITS | AU51: {=xlookup($E:$E,'CLV2'!$A:$A,'CLV2'!$G:$G)} -> 4.Dưa Hấu
B52: 46235 | C52: KFM_HCM_GVA - 32B Đường Số 1 An Hội Đông | D52: =VLOOKUP(C52,'DS ST'!A:B,2,0) -> A201 | E52: 1100917 | F52: BÍ ĐỎ TRÒN | G52: KG | H52: 6 | I52: 5.82 | J52: =H52-I52 -> 0.18 | K52: PT1598497 | L52: =K52&E52 -> PT15984971100917 | M52: TO227337 | O52: 0.18 | P52: =H52-I52-N52-O52 -> 0 | Q52: PT1606398 | U52: Thiếu Item trong kiện | V52: ST kiểm sai QT | W52: =IF(VALUE(N52)<=0,"",IF(TRIM(V52)="Hao hụt","Hao hụt","Hao hụt")) | X52: =IF(AND(N(O52)>0,OR(V52="DC giao bù",V52="VT giao sai điểm",V52="ST nhập thiếu",V52="DC pick sai",V52="ST kiểm sai QT",V52="ST thông tin sai")),"Siêu thị","") -> Siêu thị | Z52: Hoàn Thành | AF52: {=xlookup($E:$E,'CLV2'!$A:$A,'CLV2'!E:E)} -> 2.VEGETABLES | AG52: =if(G52="KG","KG","Pack") -> KG | AH52: =J52/H52 -> 0.03 | AI52: {=XLOOKUP(E52,'Đơn giá'!A:A,'Đơn giá'!D:D)} -> 24500 | AJ52: =AI52*J52 -> 4410 | AK52: =IF($W:$W="Hao hụt", AI52*N52, 0) -> 0 | AL52: =IF($X:$X="Siêu thị", AI52*O52, 0) -> 4410 | AM52: =IF($Y:$Y="Kho rau", AI52*P52, 0) -> 0 | AN52: =IF($Y:$Y="Chưa xác định", AI52*P52, 0) -> 0 | AO52: {=XLOOKUP($D:$D,'DS ST'!$J:$J,'DS ST'!K:K)} | AP52: {=XLOOKUP($D:$D,'DS ST'!$J:$J,'DS ST'!L:L)} | AQ52: {=XLOOKUP($D:$D,'DS ST'!$J:$J,'DS ST'!M:M)} | AT52: {=xlookup($E:$E,'CLV2'!$A:$A,'CLV2'!$F:$F)} -> 3.FRUIT VEGGIES | AU52: {=xlookup($E:$E,'CLV2'!$A:$A,'CLV2'!$G:$G)} -> 4.Bầu, Bí, Mướp
B53: 46235 | C53: KFM_HCM_GVA - 32B Đường Số 1 An Hội Đông | D53: =VLOOKUP(C53,'DS ST'!A:B,2,0) -> A201 | E53: 1101079 | F53: BƠ 034 | G53: KG | H53: 3 | I53: 2.945 | J53: =H53-I53 -> 0.055 | K53: PT1598497 | L53: =K53&E53 -> PT15984971101079 | M53: TO227337 | O53: 0.055 | P53: =H53-I53-N53-O53 -> 0 | Q53: PT1606398 | U53: Thiếu Item trong kiện | V53: ST kiểm sai QT | W53: =IF(VALUE(N53)<=0,"",IF(TRIM(V53)="Hao hụt","Hao hụt","Hao hụt")) | X53: =IF(AND(N(O53)>0,OR(V53="DC giao bù",V53="VT giao sai điểm",V53="ST nhập thiếu",V53="DC pick sai",V53="ST kiểm sai QT",V53="ST thông tin sai")),"Siêu thị","") -> Siêu thị | Z53: Hoàn Thành | AF53: {=xlookup($E:$E,'CLV2'!$A:$A,'CLV2'!E:E)} -> 2.FRUITS | AG53: =if(G53="KG","KG","Pack") -> KG | AH53: =J53/H53 -> 0.018333333 | AI53: {=XLOOKUP(E53,'Đơn giá'!A:A,'Đơn giá'!D:D)} -> 69416 | AJ53: =AI53*J53 -> 3817.88 | AK53: =IF($W:$W="Hao hụt", AI53*N53, 0) -> 0 | AL53: =IF($X:$X="Siêu thị", AI53*O53, 0) -> 3817.88 | AM53: =IF($Y:$Y="Kho rau", AI53*P53, 0) -> 0 | AN53: =IF($Y:$Y="Chưa xác định", AI53*P53, 0) -> 0 | AO53: {=XLOOKUP($D:$D,'DS ST'!$J:$J,'DS ST'!K:K)} | AP53: {=XLOOKUP($D:$D,'DS ST'!$J:$J,'DS ST'!L:L)} | AQ53: {=XLOOKUP($D:$D,'DS ST'!$J:$J,'DS ST'!M:M)} | AT53: {=xlookup($E:$E,'CLV2'!$A:$A,'CLV2'!$F:$F)} -> 3.LOCAL FRUITS | AU53: {=xlookup($E:$E,'CLV2'!$A:$A,'CLV2'!$G:$G)} -> 4.Bơ
B54: 46235 | C54: KFM_HCM_GVA - 32B Đường Số 1 An Hội Đông | D54: =VLOOKUP(C54,'DS ST'!A:B,2,0) -> A201 | E54: 1101094 | F54: MÍT GIỐNG THÁI CẮT MIÊNG | G54: KG | H54: 3 | I54: 2.95 | J54: =H54-I54 -> 0.05 | K54: PT1598497 | L54: =K54&E54 -> PT15984971101094 | M54: TO227337 | O54: 0.05 | P54: =H54-I54-N54-O54 -> 0 | Q54: PT1606398 | U54: Thiếu Item trong kiện | V54: ST kiểm sai QT | W54: =IF(VALUE(N54)<=0,"",IF(TRIM(V54)="Hao hụt","Hao hụt","Hao hụt")) | X54: =IF(AND(N(O54)>0,OR(V54="DC giao bù",V54="VT giao sai điểm",V54="ST nhập thiếu",V54="DC pick sai",V54="ST kiểm sai QT",V54="ST thông tin sai")),"Siêu thị","") -> Siêu thị | Z54: Hoàn Thành | AF54: {=xlookup($E:$E,'CLV2'!$A:$A,'CLV2'!E:E)} -> 2.FRUITS | AG54: =if(G54="KG","KG","Pack") -> KG | AH54: =J54/H54 -> 0.016666667 | AI54: {=XLOOKUP(E54,'Đơn giá'!A:A,'Đơn giá'!D:D)} -> 37000 | AJ54: =AI54*J54 -> 1850 | AK54: =IF($W:$W="Hao hụt", AI54*N54, 0) -> 0 | AL54: =IF($X:$X="Siêu thị", AI54*O54, 0) -> 1850 | AM54: =IF($Y:$Y="Kho rau", AI54*P54, 0) -> 0 | AN54: =IF($Y:$Y="Chưa xác định", AI54*P54, 0) -> 0 | AO54: {=XLOOKUP($D:$D,'DS ST'!$J:$J,'DS ST'!K:K)} | AP54: {=XLOOKUP($D:$D,'DS ST'!$J:$J,'DS ST'!L:L)} | AQ54: {=XLOOKUP($D:$D,'DS ST'!$J:$J,'DS ST'!M:M)} | AT54: {=xlookup($E:$E,'CLV2'!$A:$A,'CLV2'!$F:$F)} -> 3.LOCAL FRUITS | AU54: {=xlookup($E:$E,'CLV2'!$A:$A,'CLV2'!$G:$G)} -> 4.Mít
B55: 46235 | C55: KFM_HCM_GVA - 32B Đường Số 1 An Hội Đông | D55: =VLOOKUP(C55,'DS ST'!A:B,2,0) -> A201 | E55: 1101366 | F55: BÔNG CẢI XANH ĐÀ LẠT (KG) | G55: KG | H55: 4.1 | I55: 4.075 | J55: =H55-I55 -> 0.025 | K55: PT1598497 | L55: =K55&E55 -> PT15984971101366 | M55: TO227337 | O55: 0.025 | P55: =H55-I55-N55-O55 -> 0 | Q55: PT1606398 | U55: Thiếu Item trong kiện | V55: ST kiểm sai QT | W55: =IF(VALUE(N55)<=0,"",IF(TRIM(V55)="Hao hụt","Hao hụt","Hao hụt")) | X55: =IF(AND(N(O55)>0,OR(V55="DC giao bù",V55="VT giao sai điểm",V55="ST nhập thiếu",V55="DC pick sai",V55="ST kiểm sai QT",V55="ST thông tin sai")),"Siêu thị","") -> Siêu thị | Z55: Hoàn Thành | AF55: {=xlookup($E:$E,'CLV2'!$A:$A,'CLV2'!E:E)} -> 2.VEGETABLES | AG55: =if(G55="KG","KG","Pack") -> KG | AH55: =J55/H55 -> 0.006097561 | AI55: {=XLOOKUP(E55,'Đơn giá'!A:A,'Đơn giá'!D:D)} -> 55000 | AJ55: =AI55*J55 -> 1375 | AK55: =IF($W:$W="Hao hụt", AI55*N55, 0) -> 0 | AL55: =IF($X:$X="Siêu thị", AI55*O55, 0) -> 1375 | AM55: =IF($Y:$Y="Kho rau", AI55*P55, 0) -> 0 | AN55: =IF($Y:$Y="Chưa xác định", AI55*P55, 0) -> 0 | AO55: {=XLOOKUP($D:$D,'DS ST'!$J:$J,'DS ST'!K:K)} | AP55: {=XLOOKUP($D:$D,'DS ST'!$J:$J,'DS ST'!L:L)} | AQ55: {=XLOOKUP($D:$D,'DS ST'!$J:$J,'DS ST'!M:M)} | AT55: {=xlookup($E:$E,'CLV2'!$A:$A,'CLV2'!$F:$F)} -> 3.LEAFY VEGGIES | AU55: {=xlookup($E:$E,'CLV2'!$A:$A,'CLV2'!$G:$G)} -> 4.Rau Ăn Bông
B56: 46235 | C56: KFM_HCM_Q07 - 39 Lý Phục Man | D56: =VLOOKUP(C56,'DS ST'!A:B,2,0) -> LPM | E56: 1101812 | F56: DƯA HẤU GIỐNG MỸ | G56: KG | H56: 15 | I56: 14.9 | J56: =H56-I56 -> 0.1 | K56: PT1598494 | L56: =K56&E56 -> PT15984941101812 | M56: TO227347 | N56: 0.1 | P56: =H56-I56-N56-O56 -> 0 | T56: hình kdb | U56: Thiếu Item trong kiện | V56: Hao hụt | W56: =IF(VALUE(N56)<=0,"",IF(TRIM(V56)="Hao hụt","Hao hụt","Hao hụt")) -> Hao hụt | X56: =IF(AND(N(O56)>0,OR(V56="DC giao bù",V56="VT giao sai điểm",V56="ST nhập thiếu",V56="DC pick sai",V56="ST kiểm sai QT",V56="ST thông tin sai")),"Siêu thị","") | Y56: Kho rau | Z56: Hoàn Thành | AF56: {=xlookup($E:$E,'CLV2'!$A:$A,'CLV2'!E:E)} -> 2.FRUITS | AG56: =if(G56="KG","KG","Pack") -> KG | AH56: =J56/H56 -> 0.0066666667 | AI56: {=XLOOKUP(E56,'Đơn giá'!A:A,'Đơn giá'!D:D)} -> 23000 | AJ56: =AI56*J56 -> 2300 | AK56: =IF($W:$W="Hao hụt", AI56*N56, 0) -> 2300 | AL56: =IF($X:$X="Siêu thị", AI56*O56, 0) -> 0 | AM56: =IF($Y:$Y="Kho rau", AI56*P56, 0) -> 0 | AN56: =IF($Y:$Y="Chưa xác định", AI56*P56, 0) -> 0 | AO56: {=XLOOKUP($D:$D,'DS ST'!$J:$J,'DS ST'!K:K)} -> SC002260 - Huỳnh Thị Tuyết Nhi | AP56: {=XLOOKUP($D:$D,'DS ST'!$J:$J,'DS ST'!L:L)} -> Võ Thị Huệ | AQ56: {=XLOOKUP($D:$D,'DS ST'!$J:$J,'DS ST'!M:M)} -> HCM 002 | AT56: {=xlookup($E:$E,'CLV2'!$A:$A,'CLV2'!$F:$F)} -> 3.LOCAL FRUITS | AU56: {=xlookup($E:$E,'CLV2'!$A:$A,'CLV2'!$G:$G)} -> 4.Dưa Hấu
B57: 46235 | C57: KFM_HCM_BTA - 4535 Nguyễn Cửu Phú | D57: =VLOOKUP(C57,'DS ST'!A:B,2,0) -> A134 | E57: 1100992 | F57: DƯA LƯỚI VỎ XANH RUỘT CAM | G57: KG | H57: 10.2 | I57: 10.06 | J57: =H57-I57 -> 0.14 | K57: PT1598488 | L57: =K57&E57 -> PT15984881100992 | M57: TO227293 | N57: 0.14 | P57: =H57-I57-N57-O57 -> 0 | T57: hình kdb | U57: Thiếu Item trong kiện | V57: Hao hụt | W57: =IF(VALUE(N57)<=0,"",IF(TRIM(V57)="Hao hụt","Hao hụt","Hao hụt")) -> Hao hụt | X57: =IF(AND(N(O57)>0,OR(V57="DC giao bù",V57="VT giao sai điểm",V57="ST nhập thiếu",V57="DC pick sai",V57="ST kiểm sai QT",V57="ST thông tin sai")),"Siêu thị","") | Y57: Kho rau | Z57: Hoàn Thành | AF57: {=xlookup($E:$E,'CLV2'!$A:$A,'CLV2'!E:E)} -> 2.FRUITS | AG57: =if(G57="KG","KG","Pack") -> KG | AH57: =J57/H57 -> 0.01372549 | AI57: {=XLOOKUP(E57,'Đơn giá'!A:A,'Đơn giá'!D:D)} -> 37000 | AJ57: =AI57*J57 -> 5180 | AK57: =IF($W:$W="Hao hụt", AI57*N57, 0) -> 5180 | AL57: =IF($X:$X="Siêu thị", AI57*O57, 0) -> 0 | AM57: =IF($Y:$Y="Kho rau", AI57*P57, 0) -> 0 | AN57: =IF($Y:$Y="Chưa xác định", AI57*P57, 0) -> 0 | AO57: {=XLOOKUP($D:$D,'DS ST'!$J:$J,'DS ST'!K:K)} -> SC008805 - Nguyễn Thị Ngọc Giàu | AP57: {=XLOOKUP($D:$D,'DS ST'!$J:$J,'DS ST'!L:L)} -> Võ Thị Huệ | AQ57: {=XLOOKUP($D:$D,'DS ST'!$J:$J,'DS ST'!M:M)} -> HCM 031 | AT57: {=xlookup($E:$E,'CLV2'!$A:$A,'CLV2'!$F:$F)} -> 3.LOCAL FRUITS | AU57: {=xlookup($E:$E,'CLV2'!$A:$A,'CLV2'!$G:$G)} -> 4.Dưa Lưới
B58: 46235 | C58: KFM_HCM_BTA - 4535 Nguyễn Cửu Phú | D58: =VLOOKUP(C58,'DS ST'!A:B,2,0) -> A134 | E58: 1101055 | F58: DƯA LÊ TRẮNG | G58: KG | H58: 3 | I58: 2.93 | J58: =H58-I58 -> 0.07 | K58: PT1598488 | L58: =K58&E58 -> PT15984881101055 | M58: TO227293 | N58: 0.07 | P58: =H58-I58-N58-O58 -> 0 | T58: hình kdb | U58: Thiếu Item trong kiện | V58: Hao hụt | W58: =IF(VALUE(N58)<=0,"",IF(TRIM(V58)="Hao hụt","Hao hụt","Hao hụt")) -> Hao hụt | X58: =IF(AND(N(O58)>0,OR(V58="DC giao bù",V58="VT giao sai điểm",V58="ST nhập thiếu",V58="DC pick sai",V58="ST kiểm sai QT",V58="ST thông tin sai")),"Siêu thị","") | Y58: Kho rau | Z58: Hoàn Thành | AF58: {=xlookup($E:$E,'CLV2'!$A:$A,'CLV2'!E:E)} -> 2.FRUITS | AG58: =if(G58="KG","KG","Pack") -> KG | AH58: =J58/H58 -> 0.023333333 | AI58: {=XLOOKUP(E58,'Đơn giá'!A:A,'Đơn giá'!D:D)} -> 30000 | AJ58: =AI58*J58 -> 2100 | AK58: =IF($W:$W="Hao hụt", AI58*N58, 0) -> 2100 | AL58: =IF($X:$X="Siêu thị", AI58*O58, 0) -> 0 | AM58: =IF($Y:$Y="Kho rau", AI58*P58, 0) -> 0 | AN58: =IF($Y:$Y="Chưa xác định", AI58*P58, 0) -> 0 | AO58: {=XLOOKUP($D:$D,'DS ST'!$J:$J,'DS ST'!K:K)} -> SC008805 - Nguyễn Thị Ngọc Giàu | AP58: {=XLOOKUP($D:$D,'DS ST'!$J:$J,'DS ST'!L:L)} -> Võ Thị Huệ | AQ58: {=XLOOKUP($D:$D,'DS ST'!$J:$J,'DS ST'!M:M)} -> HCM 031 | AT58: {=xlookup($E:$E,'CLV2'!$A:$A,'CLV2'!$F:$F)} -> 3.LOCAL FRUITS | AU58: {=xlookup($E:$E,'CLV2'!$A:$A,'CLV2'!$G:$G)} -> 4.Trái Cây Đa Dạng
B59: 46235 | C59: KFM_HCM_BTA - 4535 Nguyễn Cửu Phú | D59: =VLOOKUP(C59,'DS ST'!A:B,2,0) -> A134 | E59: 1101366 | F59: BÔNG CẢI XANH ĐÀ LẠT (KG) | G59: KG | H59: 4.1 | I59: 4.015 | J59: =H59-I59 -> 0.085 | K59: PT1598488 | L59: =K59&E59 -> PT15984881101366 | M59: TO227293 | N59: 0.085 | P59: =H59-I59-N59-O59 -> 0 | T59: hình kdb | U59: Thiếu Item trong kiện | V59: Hao hụt | W59: =IF(VALUE(N59)<=0,"",IF(TRIM(V59)="Hao hụt","Hao hụt","Hao hụt")) -> Hao hụt | X59: =IF(AND(N(O59)>0,OR(V59="DC giao bù",V59="VT giao sai điểm",V59="ST nhập thiếu",V59="DC pick sai",V59="ST kiểm sai QT",V59="ST thông tin sai")),"Siêu thị","") | Y59: Kho rau | Z59: Hoàn Thành | AF59: {=xlookup($E:$E,'CLV2'!$A:$A,'CLV2'!E:E)} -> 2.VEGETABLES | AG59: =if(G59="KG","KG","Pack") -> KG | AH59: =J59/H59 -> 0.020731707 | AI59: {=XLOOKUP(E59,'Đơn giá'!A:A,'Đơn giá'!D:D)} -> 55000 | AJ59: =AI59*J59 -> 4675 | AK59: =IF($W:$W="Hao hụt", AI59*N59, 0) -> 4675 | AL59: =IF($X:$X="Siêu thị", AI59*O59, 0) -> 0 | AM59: =IF($Y:$Y="Kho rau", AI59*P59, 0) -> 0 | AN59: =IF($Y:$Y="Chưa xác định", AI59*P59, 0) -> 0 | AO59: {=XLOOKUP($D:$D,'DS ST'!$J:$J,'DS ST'!K:K)} -> SC008805 - Nguyễn Thị Ngọc Giàu | AP59: {=XLOOKUP($D:$D,'DS ST'!$J:$J,'DS ST'!L:L)} -> Võ Thị Huệ | AQ59: {=XLOOKUP($D:$D,'DS ST'!$J:$J,'DS ST'!M:M)} -> HCM 031 | AT59: {=xlookup($E:$E,'CLV2'!$A:$A,'CLV2'!$F:$F)} -> 3.LEAFY VEGGIES | AU59: {=xlookup($E:$E,'CLV2'!$A:$A,'CLV2'!$G:$G)} -> 4.Rau Ăn Bông
B60: 46235 | C60: KFM_HCM_Q05 - 87 Nguyễn Duy Dương | D60: =VLOOKUP(C60,'DS ST'!A:B,2,0) -> A218 | E60: 1100917 | F60: BÍ ĐỎ TRÒN | G60: KG | H60: 6 | I60: 5.85 | J60: =H60-I60 -> 0.15 | K60: PT1598483 | L60: =K60&E60 -> PT15984831100917 | M60: TO227118 | N60: 0.15 | P60: =H60-I60-N60-O60 -> 0 | T60: hình kdb | U60: Thiếu Item trong kiện | V60: Hao hụt | W60: =IF(VALUE(N60)<=0,"",IF(TRIM(V60)="Hao hụt","Hao hụt","Hao hụt")) -> Hao hụt | X60: =IF(AND(N(O60)>0,OR(V60="DC giao bù",V60="VT giao sai điểm",V60="ST nhập thiếu",V60="DC pick sai",V60="ST kiểm sai QT",V60="ST thông tin sai")),"Siêu thị","") | Y60: Kho rau | Z60: Hoàn Thành | AF60: {=xlookup($E:$E,'CLV2'!$A:$A,'CLV2'!E:E)} -> 2.VEGETABLES | AG60: =if(G60="KG","KG","Pack") -> KG | AH60: =J60/H60 -> 0.025 | AI60: {=XLOOKUP(E60,'Đơn giá'!A:A,'Đơn giá'!D:D)} -> 24500 | AJ60: =AI60*J60 -> 3675 | AK60: =IF($W:$W="Hao hụt", AI60*N60, 0) -> 3675 | AL60: =IF($X:$X="Siêu thị", AI60*O60, 0) -> 0 | AM60: =IF($Y:$Y="Kho rau", AI60*P60, 0) -> 0 | AN60: =IF($Y:$Y="Chưa xác định", AI60*P60, 0) -> 0 | AO60: {=XLOOKUP($D:$D,'DS ST'!$J:$J,'DS ST'!K:K)} -> #N/A | AP60: {=XLOOKUP($D:$D,'DS ST'!$J:$J,'DS ST'!L:L)} -> #N/A | AQ60: {=XLOOKUP($D:$D,'DS ST'!$J:$J,'DS ST'!M:M)} -> #N/A | AT60: {=xlookup($E:$E,'CLV2'!$A:$A,'CLV2'!$F:$F)} -> 3.FRUIT VEGGIES | AU60: {=xlookup($E:$E,'CLV2'!$A:$A,'CLV2'!$G:$G)} -> 4.Bầu, Bí, Mướp
B61: 46235 | C61: KFM_HCM_Q05 - 87 Nguyễn Duy Dương | D61: =VLOOKUP(C61,'DS ST'!A:B,2,0) -> A218 | E61: 1101079 | F61: BƠ 034 | G61: KG | H61: 3 | I61: 2.985 | J61: =H61-I61 -> 0.015 | K61: PT1598483 | L61: =K61&E61 -> PT15984831101079 | M61: TO227118 | N61: 0.015 | P61: =H61-I61-N61-O61 -> 0 | T61: hình kdb | U61: Thiếu Item trong kiện | V61: Hao hụt | W61: =IF(VALUE(N61)<=0,"",IF(TRIM(V61)="Hao hụt","Hao hụt","Hao hụt")) -> Hao hụt | X61: =IF(AND(N(O61)>0,OR(V61="DC giao bù",V61="VT giao sai điểm",V61="ST nhập thiếu",V61="DC pick sai",V61="ST kiểm sai QT",V61="ST thông tin sai")),"Siêu thị","") | Y61: Kho rau | Z61: Hoàn Thành | AF61: {=xlookup($E:$E,'CLV2'!$A:$A,'CLV2'!E:E)} -> 2.FRUITS | AG61: =if(G61="KG","KG","Pack") -> KG | AH61: =J61/H61 -> 0.005 | AI61: {=XLOOKUP(E61,'Đơn giá'!A:A,'Đơn giá'!D:D)} -> 69416 | AJ61: =AI61*J61 -> 1041.24 | AK61: =IF($W:$W="Hao hụt", AI61*N61, 0) -> 1041.24 | AL61: =IF($X:$X="Siêu thị", AI61*O61, 0) -> 0 | AM61: =IF($Y:$Y="Kho rau", AI61*P61, 0) -> 0 | AN61: =IF($Y:$Y="Chưa xác định", AI61*P61, 0) -> 0 | AO61: {=XLOOKUP($D:$D,'DS ST'!$J:$J,'DS ST'!K:K)} -> #N/A | AP61: {=XLOOKUP($D:$D,'DS ST'!$J:$J,'DS ST'!L:L)} -> #N/A | AQ61: {=XLOOKUP($D:$D,'DS ST'!$J:$J,'DS ST'!M:M)} -> #N/A | AT61: {=xlookup($E:$E,'CLV2'!$A:$A,'CLV2'!$F:$F)} -> 3.LOCAL FRUITS | AU61: {=xlookup($E:$E,'CLV2'!$A:$A,'CLV2'!$G:$G)} -> 4.Bơ
B62: 46235 | C62: KFM_HCM_Q05 - 87 Nguyễn Duy Dương | D62: =VLOOKUP(C62,'DS ST'!A:B,2,0) -> A218 | E62: 1101094 | F62: MÍT GIỐNG THÁI CẮT MIÊNG | G62: KG | H62: 3 | I62: 2.985 | J62: =H62-I62 -> 0.015 | K62: PT1598483 | L62: =K62&E62 -> PT15984831101094 | M62: TO227118 | N62: 0.015 | P62: =H62-I62-N62-O62 -> 0 | T62: hình kdb | U62: Thiếu Item trong kiện | V62: Hao hụt | W62: =IF(VALUE(N62)<=0,"",IF(TRIM(V62)="Hao hụt","Hao hụt","Hao hụt")) -> Hao hụt | X62: =IF(AND(N(O62)>0,OR(V62="DC giao bù",V62="VT giao sai điểm",V62="ST nhập thiếu",V62="DC pick sai",V62="ST kiểm sai QT",V62="ST thông tin sai")),"Siêu thị","") | Y62: Kho rau | Z62: Hoàn Thành | AF62: {=xlookup($E:$E,'CLV2'!$A:$A,'CLV2'!E:E)} -> 2.FRUITS | AG62: =if(G62="KG","KG","Pack") -> KG | AH62: =J62/H62 -> 0.005 | AI62: {=XLOOKUP(E62,'Đơn giá'!A:A,'Đơn giá'!D:D)} -> 37000 | AJ62: =AI62*J62 -> 555 | AK62: =IF($W:$W="Hao hụt", AI62*N62, 0) -> 555 | AL62: =IF($X:$X="Siêu thị", AI62*O62, 0) -> 0 | AM62: =IF($Y:$Y="Kho rau", AI62*P62, 0) -> 0 | AN62: =IF($Y:$Y="Chưa xác định", AI62*P62, 0) -> 0 | AO62: {=XLOOKUP($D:$D,'DS ST'!$J:$J,'DS ST'!K:K)} -> #N/A | AP62: {=XLOOKUP($D:$D,'DS ST'!$J:$J,'DS ST'!L:L)} -> #N/A | AQ62: {=XLOOKUP($D:$D,'DS ST'!$J:$J,'DS ST'!M:M)} -> #N/A | AT62: {=xlookup($E:$E,'CLV2'!$A:$A,'CLV2'!$F:$F)} -> 3.LOCAL FRUITS | AU62: {=xlookup($E:$E,'CLV2'!$A:$A,'CLV2'!$G:$G)} -> 4.Mít
B63: 46235 | C63: KFM_HCM_Q05 - 87 Nguyễn Duy Dương | D63: =VLOOKUP(C63,'DS ST'!A:B,2,0) -> A218 | E63: 1101302 | F63: CHUỐI GIÀ GIỐNG NAM MỸ | G63: KG | H63: 8 | I63: 7.41 | J63: =H63-I63 -> 0.59 | K63: PT1598483 | L63: =K63&E63 -> PT15984831101302 | M63: TO227118 | P63: =H63-I63-N63-O63 -> 0.59 | T63: hình kdb | U63: Thiếu Item trong kiện | V63: DC giao thiếu | W63: =IF(VALUE(N63)<=0,"",IF(TRIM(V63)="Hao hụt","Hao hụt","Hao hụt")) | X63: =IF(AND(N(O63)>0,OR(V63="DC giao bù",V63="VT giao sai điểm",V63="ST nhập thiếu",V63="DC pick sai",V63="ST kiểm sai QT",V63="ST thông tin sai")),"Siêu thị","") | Y63: Kho rau | Z63: Hoàn Thành | AF63: {=xlookup($E:$E,'CLV2'!$A:$A,'CLV2'!E:E)} -> 2.FRUITS | AG63: =if(G63="KG","KG","Pack") -> KG | AH63: =J63/H63 -> 0.07375 | AI63: {=XLOOKUP(E63,'Đơn giá'!A:A,'Đơn giá'!D:D)} -> 17500 | AJ63: =AI63*J63 -> 10325 | AK63: =IF($W:$W="Hao hụt", AI63*N63, 0) -> 0 | AL63: =IF($X:$X="Siêu thị", AI63*O63, 0) -> 0 | AM63: =IF($Y:$Y="Kho rau", AI63*P63, 0) -> 10325 | AN63: =IF($Y:$Y="Chưa xác định", AI63*P63, 0) -> 0 | AO63: {=XLOOKUP($D:$D,'DS ST'!$J:$J,'DS ST'!K:K)} -> #N/A | AP63: {=XLOOKUP($D:$D,'DS ST'!$J:$J,'DS ST'!L:L)} -> #N/A | AQ63: {=XLOOKUP($D:$D,'DS ST'!$J:$J,'DS ST'!M:M)} -> #N/A | AT63: {=xlookup($E:$E,'CLV2'!$A:$A,'CLV2'!$F:$F)} -> 3.LOCAL FRUITS | AU63: {=xlookup($E:$E,'CLV2'!$A:$A,'CLV2'!$G:$G)} -> 4.Chuối
B64: 46235 | C64: KFM_HCM_TDU - B6-D.TMDV.02 Masteri Center Point | D64: =VLOOKUP(C64,'DS ST'!A:B,2,0) -> A181 | E64: 1101992 | F64: XOÀI TỨ QUÝ | G64: KG | H64: 3 | I64: 2.57 | J64: =H64-I64 -> 0.43 | K64: PT1598481 | L64: =K64&E64 -> PT15984811101992 | M64: TO227178 | P64: =H64-I64-N64-O64 -> 0.43 | T64: hình kdb | U64: Thiếu Item trong kiện | V64: DC giao thiếu | W64: =IF(VALUE(N64)<=0,"",IF(TRIM(V64)="Hao hụt","Hao hụt","Hao hụt")) | X64: =IF(AND(N(O64)>0,OR(V64="DC giao bù",V64="VT giao sai điểm",V64="ST nhập thiếu",V64="DC pick sai",V64="ST kiểm sai QT",V64="ST thông tin sai")),"Siêu thị","") | Y64: Kho rau | Z64: Hoàn Thành | AF64: {=xlookup($E:$E,'CLV2'!$A:$A,'CLV2'!E:E)} -> 2.FRUITS | AG64: =if(G64="KG","KG","Pack") -> KG | AH64: =J64/H64 -> 0.14333333 | AI64: {=XLOOKUP(E64,'Đơn giá'!A:A,'Đơn giá'!D:D)} -> 37000 | AJ64: =AI64*J64 -> 15910 | AK64: =IF($W:$W="Hao hụt", AI64*N64, 0) -> 0 | AL64: =IF($X:$X="Siêu thị", AI64*O64, 0) -> 0 | AM64: =IF($Y:$Y="Kho rau", AI64*P64, 0) -> 15910 | AN64: =IF($Y:$Y="Chưa xác định", AI64*P64, 0) -> 0 | AO64: {=XLOOKUP($D:$D,'DS ST'!$J:$J,'DS ST'!K:K)} -> SC008790 - Lê Thị Bích Liểu | AP64: {=XLOOKUP($D:$D,'DS ST'!$J:$J,'DS ST'!L:L)} -> Nguyễn Thị Cà | AQ64: {=XLOOKUP($D:$D,'DS ST'!$J:$J,'DS ST'!M:M)} -> HCM 034 | AT64: {=xlookup($E:$E,'CLV2'!$A:$A,'CLV2'!$F:$F)} -> 3.LOCAL FRUITS | AU64: {=xlookup($E:$E,'CLV2'!$A:$A,'CLV2'!$G:$G)} -> 4.Xoài
B65: 46235 | C65: KFM_HCM_BCH - TMDV2 Mizuki Park | D65: =VLOOKUP(C65,'DS ST'!A:B,2,0) -> MZK | E65: 1101302 | F65: CHUỐI GIÀ GIỐNG NAM MỸ | G65: KG | H65: 8 | I65: 7.86 | J65: =H65-I65 -> 0.14 | K65: PT1598478 | L65: =K65&E65 -> PT15984781101302 | M65: TO227211 | N65: 0.14 | P65: =H65-I65-N65-O65 -> 0 | T65: hình kdb | U65: Thiếu Item trong kiện | V65: Hao hụt | W65: =IF(VALUE(N65)<=0,"",IF(TRIM(V65)="Hao hụt","Hao hụt","Hao hụt")) -> Hao hụt | X65: =IF(AND(N(O65)>0,OR(V65="DC giao bù",V65="VT giao sai điểm",V65="ST nhập thiếu",V65="DC pick sai",V65="ST kiểm sai QT",V65="ST thông tin sai")),"Siêu thị","") | Y65: Kho rau | Z65: Hoàn Thành | AF65: {=xlookup($E:$E,'CLV2'!$A:$A,'CLV2'!E:E)} -> 2.FRUITS | AG65: =if(G65="KG","KG","Pack") -> KG | AH65: =J65/H65 -> 0.0175 | AI65: {=XLOOKUP(E65,'Đơn giá'!A:A,'Đơn giá'!D:D)} -> 17500 | AJ65: =AI65*J65 -> 2450 | AK65: =IF($W:$W="Hao hụt", AI65*N65, 0) -> 2450 | AL65: =IF($X:$X="Siêu thị", AI65*O65, 0) -> 0 | AM65: =IF($Y:$Y="Kho rau", AI65*P65, 0) -> 0 | AN65: =IF($Y:$Y="Chưa xác định", AI65*P65, 0) -> 0 | AO65: {=XLOOKUP($D:$D,'DS ST'!$J:$J,'DS ST'!K:K)} -> SC005255 - Hồng Trọng Nghĩa | AP65: {=XLOOKUP($D:$D,'DS ST'!$J:$J,'DS ST'!L:L)} -> Võ Thị Huệ | AQ65: {=XLOOKUP($D:$D,'DS ST'!$J:$J,'DS ST'!M:M)} -> HCM 022 | AT65: {=xlookup($E:$E,'CLV2'!$A:$A,'CLV2'!$F:$F)} -> 3.LOCAL FRUITS | AU65: {=xlookup($E:$E,'CLV2'!$A:$A,'CLV2'!$G:$G)} -> 4.Chuối
B66: 46235 | C66: KFM_HCM_Q07 - 43 Bùi Văn Ba | D66: =VLOOKUP(C66,'DS ST'!A:B,2,0) -> BVB | E66: 11270 | F66: DƯA LEO BABY HÀ LAN ĐÀ LẠT GLOBAL GAP 500G | G66: VỈ | H66: 5 | I66: 0 | J66: =H66-I66 -> 5 | K66: PT1598476 | L66: =K66&E66 -> PT159847611270 | M66: TO227398 | P66: =H66-I66-N66-O66 -> 5 | U66: Thiếu Item trong kiện | V66: DC giao thiếu | W66: =IF(VALUE(N66)<=0,"",IF(TRIM(V66)="Hao hụt","Hao hụt","Hao hụt")) | X66: =IF(AND(N(O66)>0,OR(V66="DC giao bù",V66="VT giao sai điểm",V66="ST nhập thiếu",V66="DC pick sai",V66="ST kiểm sai QT",V66="ST thông tin sai")),"Siêu thị","") | Y66: Kho rau | Z66: Hoàn Thành | AF66: {=xlookup($E:$E,'CLV2'!$A:$A,'CLV2'!E:E)} -> 2.VEGETABLES | AG66: =if(G66="KG","KG","Pack") -> Pack | AH66: =J66/H66 -> 1 | AI66: {=XLOOKUP(E66,'Đơn giá'!A:A,'Đơn giá'!D:D)} -> 20500 | AJ66: =AI66*J66 -> 102500 | AK66: =IF($W:$W="Hao hụt", AI66*N66, 0) -> 0 | AL66: =IF($X:$X="Siêu thị", AI66*O66, 0) -> 0 | AM66: =IF($Y:$Y="Kho rau", AI66*P66, 0) -> 102500 | AN66: =IF($Y:$Y="Chưa xác định", AI66*P66, 0) -> 0 | AO66: {=XLOOKUP($D:$D,'DS ST'!$J:$J,'DS ST'!K:K)} -> SC002260 - Huỳnh Thị Tuyết Nhi | AP66: {=XLOOKUP($D:$D,'DS ST'!$J:$J,'DS ST'!L:L)} -> Võ Thị Huệ | AQ66: {=XLOOKUP($D:$D,'DS ST'!$J:$J,'DS ST'!M:M)} -> HCM 002 | AT66: {=xlookup($E:$E,'CLV2'!$A:$A,'CLV2'!$F:$F)} -> 3.LETTUCE, SNACKABLES | AU66: {=xlookup($E:$E,'CLV2'!$A:$A,'CLV2'!$G:$G)} -> 4.Cà Chua, Dưa Leo, Ớt Ngọt
B67: 46235 | C67: KFM_HCM_Q07 - 43 Bùi Văn Ba | D67: =VLOOKUP(C67,'DS ST'!A:B,2,0) -> BVB | E67: 1100992 | F67: DƯA LƯỚI VỎ XANH RUỘT CAM | G67: KG | H67: 20.2 | I67: 20 | J67: =H67-I67 -> 0.2 | K67: PT1598476 | L67: =K67&E67 -> PT15984761100992 | M67: TO227398 | N67: 0.2 | P67: =H67-I67-N67-O67 -> 0 | T67: hình kdb | U67: Thiếu Item trong kiện | V67: Hao hụt | W67: =IF(VALUE(N67)<=0,"",IF(TRIM(V67)="Hao hụt","Hao hụt","Hao hụt")) -> Hao hụt | X67: =IF(AND(N(O67)>0,OR(V67="DC giao bù",V67="VT giao sai điểm",V67="ST nhập thiếu",V67="DC pick sai",V67="ST kiểm sai QT",V67="ST thông tin sai")),"Siêu thị","") | Y67: Kho rau | Z67: Hoàn Thành | AF67: {=xlookup($E:$E,'CLV2'!$A:$A,'CLV2'!E:E)} -> 2.FRUITS | AG67: =if(G67="KG","KG","Pack") -> KG | AH67: =J67/H67 -> 0.0099009901 | AI67: {=XLOOKUP(E67,'Đơn giá'!A:A,'Đơn giá'!D:D)} -> 37000 | AJ67: =AI67*J67 -> 7400 | AK67: =IF($W:$W="Hao hụt", AI67*N67, 0) -> 7400 | AL67: =IF($X:$X="Siêu thị", AI67*O67, 0) -> 0 | AM67: =IF($Y:$Y="Kho rau", AI67*P67, 0) -> 0 | AN67: =IF($Y:$Y="Chưa xác định", AI67*P67, 0) -> 0 | AO67: {=XLOOKUP($D:$D,'DS ST'!$J:$J,'DS ST'!K:K)} -> SC002260 - Huỳnh Thị Tuyết Nhi | AP67: {=XLOOKUP($D:$D,'DS ST'!$J:$J,'DS ST'!L:L)} -> Võ Thị Huệ | AQ67: {=XLOOKUP($D:$D,'DS ST'!$J:$J,'DS ST'!M:M)} -> HCM 002 | AT67: {=xlookup($E:$E,'CLV2'!$A:$A,'CLV2'!$F:$F)} -> 3.LOCAL FRUITS | AU67: {=xlookup($E:$E,'CLV2'!$A:$A,'CLV2'!$G:$G)} -> 4.Dưa Lưới
B68: 46235 | C68: KFM_HCM_Q07 - 43 Bùi Văn Ba | D68: =VLOOKUP(C68,'DS ST'!A:B,2,0) -> BVB | E68: 1101302 | F68: CHUỐI GIÀ GIỐNG NAM MỸ | G68: KG | H68: 8 | I68: 7.94 | J68: =H68-I68 -> 0.06 | K68: PT1598476 | L68: =K68&E68 -> PT15984761101302 | M68: TO227398 | N68: 0.06 | P68: =H68-I68-N68-O68 -> 0 | T68: hình kdb | U68: Thiếu Item trong kiện | V68: Hao hụt | W68: =IF(VALUE(N68)<=0,"",IF(TRIM(V68)="Hao hụt","Hao hụt","Hao hụt")) -> Hao hụt | X68: =IF(AND(N(O68)>0,OR(V68="DC giao bù",V68="VT giao sai điểm",V68="ST nhập thiếu",V68="DC pick sai",V68="ST kiểm sai QT",V68="ST thông tin sai")),"Siêu thị","") | Y68: Kho rau | Z68: Hoàn Thành | AF68: {=xlookup($E:$E,'CLV2'!$A:$A,'CLV2'!E:E)} -> 2.FRUITS | AG68: =if(G68="KG","KG","Pack") -> KG | AH68: =J68/H68 -> 0.0075 | AI68: {=XLOOKUP(E68,'Đơn giá'!A:A,'Đơn giá'!D:D)} -> 17500 | AJ68: =AI68*J68 -> 1050 | AK68: =IF($W:$W="Hao hụt", AI68*N68, 0) -> 1050 | AL68: =IF($X:$X="Siêu thị", AI68*O68, 0) -> 0 | AM68: =IF($Y:$Y="Kho rau", AI68*P68, 0) -> 0 | AN68: =IF($Y:$Y="Chưa xác định", AI68*P68, 0) -> 0 | AO68: {=XLOOKUP($D:$D,'DS ST'!$J:$J,'DS ST'!K:K)} -> SC002260 - Huỳnh Thị Tuyết Nhi | AP68: {=XLOOKUP($D:$D,'DS ST'!$J:$J,'DS ST'!L:L)} -> Võ Thị Huệ | AQ68: {=XLOOKUP($D:$D,'DS ST'!$J:$J,'DS ST'!M:M)} -> HCM 002 | AT68: {=xlookup($E:$E,'CLV2'!$A:$A,'CLV2'!$F:$F)} -> 3.LOCAL FRUITS | AU68: {=xlookup($E:$E,'CLV2'!$A:$A,'CLV2'!$G:$G)} -> 4.Chuối
B69: 46235 | C69: KFM_HCM_Q07 - 43 Bùi Văn Ba | D69: =VLOOKUP(C69,'DS ST'!A:B,2,0) -> BVB | E69: 1101366 | F69: BÔNG CẢI XANH ĐÀ LẠT (KG) | G69: KG | H69: 4 | I69: 3.9 | J69: =H69-I69 -> 0.1 | K69: PT1598476 | L69: =K69&E69 -> PT15984761101366 | M69: TO227398 | N69: 0.1 | P69: =H69-I69-N69-O69 -> 0 | T69: hình kdb | U69: Thiếu Item trong kiện | V69: Hao hụt | W69: =IF(VALUE(N69)<=0,"",IF(TRIM(V69)="Hao hụt","Hao hụt","Hao hụt")) -> Hao hụt | X69: =IF(AND(N(O69)>0,OR(V69="DC giao bù",V69="VT giao sai điểm",V69="ST nhập thiếu",V69="DC pick sai",V69="ST kiểm sai QT",V69="ST thông tin sai")),"Siêu thị","") | Y69: Kho rau | Z69: Hoàn Thành | AF69: {=xlookup($E:$E,'CLV2'!$A:$A,'CLV2'!E:E)} -> 2.VEGETABLES | AG69: =if(G69="KG","KG","Pack") -> KG | AH69: =J69/H69 -> 0.025 | AI69: {=XLOOKUP(E69,'Đơn giá'!A:A,'Đơn giá'!D:D)} -> 55000 | AJ69: =AI69*J69 -> 5500 | AK69: =IF($W:$W="Hao hụt", AI69*N69, 0) -> 5500 | AL69: =IF($X:$X="Siêu thị", AI69*O69, 0) -> 0 | AM69: =IF($Y:$Y="Kho rau", AI69*P69, 0) -> 0 | AN69: =IF($Y:$Y="Chưa xác định", AI69*P69, 0) -> 0 | AO69: {=XLOOKUP($D:$D,'DS ST'!$J:$J,'DS ST'!K:K)} -> SC002260 - Huỳnh Thị Tuyết Nhi | AP69: {=XLOOKUP($D:$D,'DS ST'!$J:$J,'DS ST'!L:L)} -> Võ Thị Huệ | AQ69: {=XLOOKUP($D:$D,'DS ST'!$J:$J,'DS ST'!M:M)} -> HCM 002 | AT69: {=xlookup($E:$E,'CLV2'!$A:$A,'CLV2'!$F:$F)} -> 3.LEAFY VEGGIES | AU69: {=xlookup($E:$E,'CLV2'!$A:$A,'CLV2'!$G:$G)} -> 4.Rau Ăn Bông
B70: 46235 | C70: KFM_HCM_Q07 - Block K Happy Valley | D70: =VLOOKUP(C70,'DS ST'!A:B,2,0) -> A166 | E70: 1101079 | F70: BƠ 034 | G70: KG | H70: 3.1 | I70: 3.045 | J70: =H70-I70 -> 0.055 | K70: PT1598474 | L70: =K70&E70 -> PT15984741101079 | M70: TO227515 | N70: 0.055 | P70: =H70-I70-N70-O70 -> 0 | T70: hình kdb | U70: Thiếu Item trong kiện | V70: Hao hụt | W70: =IF(VALUE(N70)<=0,"",IF(TRIM(V70)="Hao hụt","Hao hụt","Hao hụt")) -> Hao hụt | X70: =IF(AND(N(O70)>0,OR(V70="DC giao bù",V70="VT giao sai điểm",V70="ST nhập thiếu",V70="DC pick sai",V70="ST kiểm sai QT",V70="ST thông tin sai")),"Siêu thị","") | Y70: Kho rau | Z70: Hoàn Thành | AF70: {=xlookup($E:$E,'CLV2'!$A:$A,'CLV2'!E:E)} -> 2.FRUITS | AG70: =if(G70="KG","KG","Pack") -> KG | AH70: =J70/H70 -> 0.017741935 | AI70: {=XLOOKUP(E70,'Đơn giá'!A:A,'Đơn giá'!D:D)} -> 69416 | AJ70: =AI70*J70 -> 3817.88 | AK70: =IF($W:$W="Hao hụt", AI70*N70, 0) -> 3817.88 | AL70: =IF($X:$X="Siêu thị", AI70*O70, 0) -> 0 | AM70: =IF($Y:$Y="Kho rau", AI70*P70, 0) -> 0 | AN70: =IF($Y:$Y="Chưa xác định", AI70*P70, 0) -> 0 | AO70: {=XLOOKUP($D:$D,'DS ST'!$J:$J,'DS ST'!K:K)} -> SC005377 - Nguyễn Minh Thắng | AP70: {=XLOOKUP($D:$D,'DS ST'!$J:$J,'DS ST'!L:L)} -> Võ Thị Huệ | AQ70: {=XLOOKUP($D:$D,'DS ST'!$J:$J,'DS ST'!M:M)} -> HCM 001 | AT70: {=xlookup($E:$E,'CLV2'!$A:$A,'CLV2'!$F:$F)} -> 3.LOCAL FRUITS | AU70: {=xlookup($E:$E,'CLV2'!$A:$A,'CLV2'!$G:$G)} -> 4.Bơ
B71: 46235 | C71: KFM_HCM_Q07 - Block K Happy Valley | D71: =VLOOKUP(C71,'DS ST'!A:B,2,0) -> A166 | E71: 1101366 | F71: BÔNG CẢI XANH ĐÀ LẠT (KG) | G71: KG | H71: 4.2 | I71: 4.18 | J71: =H71-I71 -> 0.02 | K71: PT1598474 | L71: =K71&E71 -> PT15984741101366 | M71: TO227515 | N71: 0.02 | P71: =H71-I71-N71-O71 -> 0 | T71: hình kdb | U71: Thiếu Item trong kiện | V71: Hao hụt | W71: =IF(VALUE(N71)<=0,"",IF(TRIM(V71)="Hao hụt","Hao hụt","Hao hụt")) -> Hao hụt | X71: =IF(AND(N(O71)>0,OR(V71="DC giao bù",V71="VT giao sai điểm",V71="ST nhập thiếu",V71="DC pick sai",V71="ST kiểm sai QT",V71="ST thông tin sai")),"Siêu thị","") | Y71: Kho rau | Z71: Hoàn Thành | AF71: {=xlookup($E:$E,'CLV2'!$A:$A,'CLV2'!E:E)} -> 2.VEGETABLES | AG71: =if(G71="KG","KG","Pack") -> KG | AH71: =J71/H71 -> 0.0047619048 | AI71: {=XLOOKUP(E71,'Đơn giá'!A:A,'Đơn giá'!D:D)} -> 55000 | AJ71: =AI71*J71 -> 1100 | AK71: =IF($W:$W="Hao hụt", AI71*N71, 0) -> 1100 | AL71: =IF($X:$X="Siêu thị", AI71*O71, 0) -> 0 | AM71: =IF($Y:$Y="Kho rau", AI71*P71, 0) -> 0 | AN71: =IF($Y:$Y="Chưa xác định", AI71*P71, 0) -> 0 | AO71: {=XLOOKUP($D:$D,'DS ST'!$J:$J,'DS ST'!K:K)} -> SC005377 - Nguyễn Minh Thắng | AP71: {=XLOOKUP($D:$D,'DS ST'!$J:$J,'DS ST'!L:L)} -> Võ Thị Huệ | AQ71: {=XLOOKUP($D:$D,'DS ST'!$J:$J,'DS ST'!M:M)} -> HCM 001 | AT71: {=xlookup($E:$E,'CLV2'!$A:$A,'CLV2'!$F:$F)} -> 3.LEAFY VEGGIES | AU71: {=xlookup($E:$E,'CLV2'!$A:$A,'CLV2'!$G:$G)} -> 4.Rau Ăn Bông
B72: 46235 | C72: KFM_HCM_Q07 - Block K Happy Valley | D72: =VLOOKUP(C72,'DS ST'!A:B,2,0) -> A166 | E72: 1101592 | F72: SẦU RIÊNG RI6 | G72: KG | H72: 9.7 | I72: 9.64 | J72: =H72-I72 -> 0.06 | K72: PT1598474 | L72: =K72&E72 -> PT15984741101592 | M72: TO227515 | N72: 0.06 | P72: =H72-I72-N72-O72 -> 0 | T72: hình kdb | U72: Thiếu Item trong kiện | V72: Hao hụt | W72: =IF(VALUE(N72)<=0,"",IF(TRIM(V72)="Hao hụt","Hao hụt","Hao hụt")) -> Hao hụt | X72: =IF(AND(N(O72)>0,OR(V72="DC giao bù",V72="VT giao sai điểm",V72="ST nhập thiếu",V72="DC pick sai",V72="ST kiểm sai QT",V72="ST thông tin sai")),"Siêu thị","") | Y72: Kho rau | Z72: Hoàn Thành | AF72: {=xlookup($E:$E,'CLV2'!$A:$A,'CLV2'!E:E)} -> 2.FRUITS | AG72: =if(G72="KG","KG","Pack") -> KG | AH72: =J72/H72 -> 0.006185567 | AI72: {=XLOOKUP(E72,'Đơn giá'!A:A,'Đơn giá'!D:D)} -> 73000 | AJ72: =AI72*J72 -> 4380 | AK72: =IF($W:$W="Hao hụt", AI72*N72, 0) -> 4380 | AL72: =IF($X:$X="Siêu thị", AI72*O72, 0) -> 0 | AM72: =IF($Y:$Y="Kho rau", AI72*P72, 0) -> 0 | AN72: =IF($Y:$Y="Chưa xác định", AI72*P72, 0) -> 0 | AO72: {=XLOOKUP($D:$D,'DS ST'!$J:$J,'DS ST'!K:K)} -> SC005377 - Nguyễn Minh Thắng | AP72: {=XLOOKUP($D:$D,'DS ST'!$J:$J,'DS ST'!L:L)} -> Võ Thị Huệ | AQ72: {=XLOOKUP($D:$D,'DS ST'!$J:$J,'DS ST'!M:M)} -> HCM 001 | AT72: {=xlookup($E:$E,'CLV2'!$A:$A,'CLV2'!$F:$F)} -> 3.LOCAL FRUITS | AU72: {=xlookup($E:$E,'CLV2'!$A:$A,'CLV2'!$G:$G)} -> 4.Sầu Riêng
B73: 46235 | C73: KFM_HCM_Q07 - Block K Happy Valley | D73: =VLOOKUP(C73,'DS ST'!A:B,2,0) -> A166 | E73: 1101812 | F73: DƯA HẤU GIỐNG MỸ | G73: KG | H73: 15.8 | I73: 15.74 | J73: =H73-I73 -> 0.06 | K73: PT1598474 | L73: =K73&E73 -> PT15984741101812 | M73: TO227515 | N73: 0.06 | P73: =H73-I73-N73-O73 -> 0 | T73: hình kdb | U73: Thiếu Item trong kiện | V73: Hao hụt | W73: =IF(VALUE(N73)<=0,"",IF(TRIM(V73)="Hao hụt","Hao hụt","Hao hụt")) -> Hao hụt | X73: =IF(AND(N(O73)>0,OR(V73="DC giao bù",V73="VT giao sai điểm",V73="ST nhập thiếu",V73="DC pick sai",V73="ST kiểm sai QT",V73="ST thông tin sai")),"Siêu thị","") | Y73: Kho rau | Z73: Hoàn Thành | AF73: {=xlookup($E:$E,'CLV2'!$A:$A,'CLV2'!E:E)} -> 2.FRUITS | AG73: =if(G73="KG","KG","Pack") -> KG | AH73: =J73/H73 -> 0.0037974684 | AI73: {=XLOOKUP(E73,'Đơn giá'!A:A,'Đơn giá'!D:D)} -> 23000 | AJ73: =AI73*J73 -> 1380 | AK73: =IF($W:$W="Hao hụt", AI73*N73, 0) -> 1380 | AL73: =IF($X:$X="Siêu thị", AI73*O73, 0) -> 0 | AM73: =IF($Y:$Y="Kho rau", AI73*P73, 0) -> 0 | AN73: =IF($Y:$Y="Chưa xác định", AI73*P73, 0) -> 0 | AO73: {=XLOOKUP($D:$D,'DS ST'!$J:$J,'DS ST'!K:K)} -> SC005377 - Nguyễn Minh Thắng | AP73: {=XLOOKUP($D:$D,'DS ST'!$J:$J,'DS ST'!L:L)} -> Võ Thị Huệ | AQ73: {=XLOOKUP($D:$D,'DS ST'!$J:$J,'DS ST'!M:M)} -> HCM 001 | AT73: {=xlookup($E:$E,'CLV2'!$A:$A,'CLV2'!$F:$F)} -> 3.LOCAL FRUITS | AU73: {=xlookup($E:$E,'CLV2'!$A:$A,'CLV2'!$G:$G)} -> 4.Dưa Hấu
B74: 46235 | C74: KFM_HCM_Q10 - BB17 Trường Sơn | D74: =VLOOKUP(C74,'DS ST'!A:B,2,0) -> TSO | E74: 10511 | F74: CẶP BẮP GIỐNG MỸ | G74: CẶP | H74: 20 | I74: 0 | J74: =H74-I74 -> 20 | K74: PT1598472 | L74: =K74&E74 -> PT159847210511 | M74: TO227421 | P74: =H74-I74-N74-O74 -> 20 | R74: x | U74: Thiếu Item trong kiện | V74: DC giao thiếu | W74: =IF(VALUE(N74)<=0,"",IF(TRIM(V74)="Hao hụt","Hao hụt","Hao hụt")) | X74: =IF(AND(N(O74)>0,OR(V74="DC giao bù",V74="VT giao sai điểm",V74="ST nhập thiếu",V74="DC pick sai",V74="ST kiểm sai QT",V74="ST thông tin sai")),"Siêu thị","") | Y74: Kho rau | Z74: Hoàn Thành | AF74: {=xlookup($E:$E,'CLV2'!$A:$A,'CLV2'!E:E)} -> 2.VEGETABLES | AG74: =if(G74="KG","KG","Pack") -> Pack | AH74: =J74/H74 -> 1 | AI74: {=XLOOKUP(E74,'Đơn giá'!A:A,'Đơn giá'!D:D)} -> 16000 | AJ74: =AI74*J74 -> 320000 | AK74: =IF($W:$W="Hao hụt", AI74*N74, 0) -> 0 | AL74: =IF($X:$X="Siêu thị", AI74*O74, 0) -> 0 | AM74: =IF($Y:$Y="Kho rau", AI74*P74, 0) -> 320000 | AN74: =IF($Y:$Y="Chưa xác định", AI74*P74, 0) -> 0 | AO74: {=XLOOKUP($D:$D,'DS ST'!$J:$J,'DS ST'!K:K)} -> SC003733 - Trần Huỳnh Thơ | AP74: {=XLOOKUP($D:$D,'DS ST'!$J:$J,'DS ST'!L:L)} -> Võ Thị Huệ | AQ74: {=XLOOKUP($D:$D,'DS ST'!$J:$J,'DS ST'!M:M)} -> HCM 013 | AT74: {=xlookup($E:$E,'CLV2'!$A:$A,'CLV2'!$F:$F)} -> 3.FRUIT VEGGIES | AU74: {=xlookup($E:$E,'CLV2'!$A:$A,'CLV2'!$G:$G)} -> 4.Bắp, Đậu
B75: 46235 | C75: KFM_HCM_Q10 - BB17 Trường Sơn | D75: =VLOOKUP(C75,'DS ST'!A:B,2,0) -> TSO | E75: 1100867 | F75: BƯỞI DA XANH LOẠI 1 | G75: KG | H75: 5.8 | I75: 5.78 | J75: =H75-I75 -> 0.02 | K75: PT1598472 | L75: =K75&E75 -> PT15984721100867 | M75: TO227421 | N75: 0.02 | P75: =H75-I75-N75-O75 -> 0 | R75: x | T75: hình tele | U75: Thiếu Item trong kiện | V75: Hao hụt | W75: =IF(VALUE(N75)<=0,"",IF(TRIM(V75)="Hao hụt","Hao hụt","Hao hụt")) -> Hao hụt | X75: =IF(AND(N(O75)>0,OR(V75="DC giao bù",V75="VT giao sai điểm",V75="ST nhập thiếu",V75="DC pick sai",V75="ST kiểm sai QT",V75="ST thông tin sai")),"Siêu thị","") | Y75: Kho rau | Z75: Hoàn Thành | AF75: {=xlookup($E:$E,'CLV2'!$A:$A,'CLV2'!E:E)} -> 2.FRUITS | AG75: =if(G75="KG","KG","Pack") -> KG | AH75: =J75/H75 -> 0.0034482759 | AI75: {=XLOOKUP(E75,'Đơn giá'!A:A,'Đơn giá'!D:D)} -> 33000 | AJ75: =AI75*J75 -> 660 | AK75: =IF($W:$W="Hao hụt", AI75*N75, 0) -> 660 | AL75: =IF($X:$X="Siêu thị", AI75*O75, 0) -> 0 | AM75: =IF($Y:$Y="Kho rau", AI75*P75, 0) -> 0 | AN75: =IF($Y:$Y="Chưa xác định", AI75*P75, 0) -> 0 | AO75: {=XLOOKUP($D:$D,'DS ST'!$J:$J,'DS ST'!K:K)} -> SC003733 - Trần Huỳnh Thơ | AP75: {=XLOOKUP($D:$D,'DS ST'!$J:$J,'DS ST'!L:L)} -> Võ Thị Huệ | AQ75: {=XLOOKUP($D:$D,'DS ST'!$J:$J,'DS ST'!M:M)} -> HCM 013 | AT75: {=xlookup($E:$E,'CLV2'!$A:$A,'CLV2'!$F:$F)} -> 3.LOCAL FRUITS | AU75: {=xlookup($E:$E,'CLV2'!$A:$A,'CLV2'!$G:$G)} -> 4.Bưởi
B76: 46235 | C76: KFM_HCM_Q10 - BB17 Trường Sơn | D76: =VLOOKUP(C76,'DS ST'!A:B,2,0) -> TSO | E76: 1101077 | F76: CHANH DÂY | G76: KG | H76: 3 | I76: 2.98 | J76: =H76-I76 -> 0.02 | K76: PT1598472 | L76: =K76&E76 -> PT15984721101077 | M76: TO227421 | N76: 0.02 | P76: =H76-I76-N76-O76 -> 0 | R76: x | T76: hình tele | U76: Thiếu Item trong kiện | V76: Hao hụt | W76: =IF(VALUE(N76)<=0,"",IF(TRIM(V76)="Hao hụt","Hao hụt","Hao hụt")) -> Hao hụt | X76: =IF(AND(N(O76)>0,OR(V76="DC giao bù",V76="VT giao sai điểm",V76="ST nhập thiếu",V76="DC pick sai",V76="ST kiểm sai QT",V76="ST thông tin sai")),"Siêu thị","") | Y76: Kho rau | Z76: Hoàn Thành | AF76: {=xlookup($E:$E,'CLV2'!$A:$A,'CLV2'!E:E)} -> 2.FRUITS | AG76: =if(G76="KG","KG","Pack") -> KG | AH76: =J76/H76 -> 0.0066666667 | AI76: {=XLOOKUP(E76,'Đơn giá'!A:A,'Đơn giá'!D:D)} -> 45000 | AJ76: =AI76*J76 -> 900 | AK76: =IF($W:$W="Hao hụt", AI76*N76, 0) -> 900 | AL76: =IF($X:$X="Siêu thị", AI76*O76, 0) -> 0 | AM76: =IF($Y:$Y="Kho rau", AI76*P76, 0) -> 0 | AN76: =IF($Y:$Y="Chưa xác định", AI76*P76, 0) -> 0 | AO76: {=XLOOKUP($D:$D,'DS ST'!$J:$J,'DS ST'!K:K)} -> SC003733 - Trần Huỳnh Thơ | AP76: {=XLOOKUP($D:$D,'DS ST'!$J:$J,'DS ST'!L:L)} -> Võ Thị Huệ | AQ76: {=XLOOKUP($D:$D,'DS ST'!$J:$J,'DS ST'!M:M)} -> HCM 013 | AT76: {=xlookup($E:$E,'CLV2'!$A:$A,'CLV2'!$F:$F)} -> 3.LOCAL FRUITS | AU76: {=xlookup($E:$E,'CLV2'!$A:$A,'CLV2'!$G:$G)} -> 4.Trái Cây Đa Dạng
B77: 46235 | C77: KFM_HCM_Q10 - BB17 Trường Sơn | D77: =VLOOKUP(C77,'DS ST'!A:B,2,0) -> TSO | E77: 1101079 | F77: BƠ 034 | G77: KG | H77: 9 | I77: 8.935 | J77: =H77-I77 -> 0.065 | K77: PT1598472 | L77: =K77&E77 -> PT15984721101079 | M77: TO227421 | N77: 0.065 | P77: =H77-I77-N77-O77 -> 0 | R77: x | T77: hình tele | U77: Thiếu Item trong kiện | V77: Hao hụt | W77: =IF(VALUE(N77)<=0,"",IF(TRIM(V77)="Hao hụt","Hao hụt","Hao hụt")) -> Hao hụt | X77: =IF(AND(N(O77)>0,OR(V77="DC giao bù",V77="VT giao sai điểm",V77="ST nhập thiếu",V77="DC pick sai",V77="ST kiểm sai QT",V77="ST thông tin sai")),"Siêu thị","") | Y77: Kho rau | Z77: Hoàn Thành | AF77: {=xlookup($E:$E,'CLV2'!$A:$A,'CLV2'!E:E)} -> 2.FRUITS | AG77: =if(G77="KG","KG","Pack") -> KG | AH77: =J77/H77 -> 0.0072222222 | AI77: {=XLOOKUP(E77,'Đơn giá'!A:A,'Đơn giá'!D:D)} -> 69416 | AJ77: =AI77*J77 -> 4512.04 | AK77: =IF($W:$W="Hao hụt", AI77*N77, 0) -> 4512.04 | AL77: =IF($X:$X="Siêu thị", AI77*O77, 0) -> 0 | AM77: =IF($Y:$Y="Kho rau", AI77*P77, 0) -> 0 | AN77: =IF($Y:$Y="Chưa xác định", AI77*P77, 0) -> 0 | AO77: {=XLOOKUP($D:$D,'DS ST'!$J:$J,'DS ST'!K:K)} -> SC003733 - Trần Huỳnh Thơ | AP77: {=XLOOKUP($D:$D,'DS ST'!$J:$J,'DS ST'!L:L)} -> Võ Thị Huệ | AQ77: {=XLOOKUP($D:$D,'DS ST'!$J:$J,'DS ST'!M:M)} -> HCM 013 | AT77: {=xlookup($E:$E,'CLV2'!$A:$A,'CLV2'!$F:$F)} -> 3.LOCAL FRUITS | AU77: {=xlookup($E:$E,'CLV2'!$A:$A,'CLV2'!$G:$G)} -> 4.Bơ
B78: 46235 | C78: KFM_HCM_TDU - 17 Hồ Thị Nhung | D78: =VLOOKUP(C78,'DS ST'!A:B,2,0) -> HTN | E78: 10511 | F78: CẶP BẮP GIỐNG MỸ | G78: CẶP | H78: 10 | I78: 9 | J78: =H78-I78 -> 1 | K78: PT1598471 | L78: =K78&E78 -> PT159847110511 | M78: TO227453 | P78: =H78-I78-N78-O78 -> 1 | U78: Thiếu Item trong kiện | V78: DC giao thiếu | W78: =IF(VALUE(N78)<=0,"",IF(TRIM(V78)="Hao hụt","Hao hụt","Hao hụt")) | X78: =IF(AND(N(O78)>0,OR(V78="DC giao bù",V78="VT giao sai điểm",V78="ST nhập thiếu",V78="DC pick sai",V78="ST kiểm sai QT",V78="ST thông tin sai")),"Siêu thị","") | Y78: Kho rau | Z78: Hoàn Thành | AF78: {=xlookup($E:$E,'CLV2'!$A:$A,'CLV2'!E:E)} -> 2.VEGETABLES | AG78: =if(G78="KG","KG","Pack") -> Pack | AH78: =J78/H78 -> 0.1 | AI78: {=XLOOKUP(E78,'Đơn giá'!A:A,'Đơn giá'!D:D)} -> 16000 | AJ78: =AI78*J78 -> 16000 | AK78: =IF($W:$W="Hao hụt", AI78*N78, 0) -> 0 | AL78: =IF($X:$X="Siêu thị", AI78*O78, 0) -> 0 | AM78: =IF($Y:$Y="Kho rau", AI78*P78, 0) -> 16000 | AN78: =IF($Y:$Y="Chưa xác định", AI78*P78, 0) -> 0 | AO78: {=XLOOKUP($D:$D,'DS ST'!$J:$J,'DS ST'!K:K)} -> SC010667 - Đào Hồng Hiện | AP78: {=XLOOKUP($D:$D,'DS ST'!$J:$J,'DS ST'!L:L)} -> Nguyễn Thị Cà | AQ78: {=XLOOKUP($D:$D,'DS ST'!$J:$J,'DS ST'!M:M)} -> HCM 035 | AT78: {=xlookup($E:$E,'CLV2'!$A:$A,'CLV2'!$F:$F)} -> 3.FRUIT VEGGIES | AU78: {=xlookup($E:$E,'CLV2'!$A:$A,'CLV2'!$G:$G)} -> 4.Bắp, Đậu
B79: 46235 | C79: KFM_HCM_TDU - 17 Hồ Thị Nhung | D79: =VLOOKUP(C79,'DS ST'!A:B,2,0) -> HTN | E79: 11307 | F79: CÀ CHUA GIỐNG HÀ LAN VIETGAP 4 TRÁI | G79: VỈ | H79: 5 | I79: 4 | J79: =H79-I79 -> 1 | K79: PT1598471 | L79: =K79&E79 -> PT159847111307 | M79: TO227453 | P79: =H79-I79-N79-O79 -> 1 | U79: Thiếu Item trong kiện | V79: DC giao thiếu | W79: =IF(VALUE(N79)<=0,"",IF(TRIM(V79)="Hao hụt","Hao hụt","Hao hụt")) | X79: =IF(AND(N(O79)>0,OR(V79="DC giao bù",V79="VT giao sai điểm",V79="ST nhập thiếu",V79="DC pick sai",V79="ST kiểm sai QT",V79="ST thông tin sai")),"Siêu thị","") | Y79: Kho rau | Z79: Hoàn Thành | AF79: {=xlookup($E:$E,'CLV2'!$A:$A,'CLV2'!E:E)} -> 2.VEGETABLES | AG79: =if(G79="KG","KG","Pack") -> Pack | AH79: =J79/H79 -> 0.2 | AI79: {=XLOOKUP(E79,'Đơn giá'!A:A,'Đơn giá'!D:D)} -> 35500 | AJ79: =AI79*J79 -> 35500 | AK79: =IF($W:$W="Hao hụt", AI79*N79, 0) -> 0 | AL79: =IF($X:$X="Siêu thị", AI79*O79, 0) -> 0 | AM79: =IF($Y:$Y="Kho rau", AI79*P79, 0) -> 35500 | AN79: =IF($Y:$Y="Chưa xác định", AI79*P79, 0) -> 0 | AO79: {=XLOOKUP($D:$D,'DS ST'!$J:$J,'DS ST'!K:K)} -> SC010667 - Đào Hồng Hiện | AP79: {=XLOOKUP($D:$D,'DS ST'!$J:$J,'DS ST'!L:L)} -> Nguyễn Thị Cà | AQ79: {=XLOOKUP($D:$D,'DS ST'!$J:$J,'DS ST'!M:M)} -> HCM 035 | AT79: {=xlookup($E:$E,'CLV2'!$A:$A,'CLV2'!$F:$F)} -> 3.FRUIT VEGGIES | AU79: {=xlookup($E:$E,'CLV2'!$A:$A,'CLV2'!$G:$G)} -> 4.Cà Chua, Dưa Leo, Ớt Chuông
B80: 46235 | C80: KFM_HCM_TDU - 17 Hồ Thị Nhung | D80: =VLOOKUP(C80,'DS ST'!A:B,2,0) -> HTN | E80: 1101062 | F80: CHUỐI LABA ĐÀ LẠT | G80: KG | H80: 10.1 | I80: 10.06 | J80: =H80-I80 -> 0.04 | K80: PT1598471 | L80: =K80&E80 -> PT15984711101062 | M80: TO227453 | N80: 0.04 | P80: =H80-I80-N80-O80 -> 0 | T80: hình kdb | U80: Thiếu Item trong kiện | V80: Hao hụt | W80: =IF(VALUE(N80)<=0,"",IF(TRIM(V80)="Hao hụt","Hao hụt","Hao hụt")) -> Hao hụt | X80: =IF(AND(N(O80)>0,OR(V80="DC giao bù",V80="VT giao sai điểm",V80="ST nhập thiếu",V80="DC pick sai",V80="ST kiểm sai QT",V80="ST thông tin sai")),"Siêu thị","") | Y80: Kho rau | Z80: Hoàn Thành | AF80: {=xlookup($E:$E,'CLV2'!$A:$A,'CLV2'!E:E)} -> 2.FRUITS | AG80: =if(G80="KG","KG","Pack") -> KG | AH80: =J80/H80 -> 0.003960396 | AI80: {=XLOOKUP(E80,'Đơn giá'!A:A,'Đơn giá'!D:D)} -> 23000 | AJ80: =AI80*J80 -> 920 | AK80: =IF($W:$W="Hao hụt", AI80*N80, 0) -> 920 | AL80: =IF($X:$X="Siêu thị", AI80*O80, 0) -> 0 | AM80: =IF($Y:$Y="Kho rau", AI80*P80, 0) -> 0 | AN80: =IF($Y:$Y="Chưa xác định", AI80*P80, 0) -> 0 | AO80: {=XLOOKUP($D:$D,'DS ST'!$J:$J,'DS ST'!K:K)} -> SC010667 - Đào Hồng Hiện | AP80: {=XLOOKUP($D:$D,'DS ST'!$J:$J,'DS ST'!L:L)} -> Nguyễn Thị Cà | AQ80: {=XLOOKUP($D:$D,'DS ST'!$J:$J,'DS ST'!M:M)} -> HCM 035 | AT80: {=xlookup($E:$E,'CLV2'!$A:$A,'CLV2'!$F:$F)} -> 3.LOCAL FRUITS | AU80: {=xlookup($E:$E,'CLV2'!$A:$A,'CLV2'!$G:$G)} -> 4.Chuối
B81: 46235 | C81: KFM_HCM_Q07 - A01-06 Hoàng Anh Thanh Bình | D81: =VLOOKUP(C81,'DS ST'!A:B,2,0) -> A144 | E81: 10790 | F81: NGÒ RÍ 50G | G81: GÓI | H81: 10 | I81: 5 | J81: =H81-I81 -> 5 | K81: PT1598462 | L81: =K81&E81 -> PT159846210790 | M81: TO227479 | P81: =H81-I81-N81-O81 -> 5 | U81: Thiếu Item trong kiện | V81: DC giao thiếu | W81: =IF(VALUE(N81)<=0,"",IF(TRIM(V81)="Hao hụt","Hao hụt","Hao hụt")) | X81: =IF(AND(N(O81)>0,OR(V81="DC giao bù",V81="VT giao sai điểm",V81="ST nhập thiếu",V81="DC pick sai",V81="ST kiểm sai QT",V81="ST thông tin sai")),"Siêu thị","") | Y81: Kho rau | Z81: Hoàn Thành | AF81: {=xlookup($E:$E,'CLV2'!$A:$A,'CLV2'!E:E)} -> 2.VEGETABLES | AG81: =if(G81="KG","KG","Pack") -> Pack | AH81: =J81/H81 -> 0.5 | AI81: {=XLOOKUP(E81,'Đơn giá'!A:A,'Đơn giá'!D:D)} -> 5000 | AJ81: =AI81*J81 -> 25000 | AK81: =IF($W:$W="Hao hụt", AI81*N81, 0) -> 0 | AL81: =IF($X:$X="Siêu thị", AI81*O81, 0) -> 0 | AM81: =IF($Y:$Y="Kho rau", AI81*P81, 0) -> 25000 | AN81: =IF($Y:$Y="Chưa xác định", AI81*P81, 0) -> 0 | AO81: {=XLOOKUP($D:$D,'DS ST'!$J:$J,'DS ST'!K:K)} -> SC002220 - Nguyễn Thuỷ Tiên | AP81: {=XLOOKUP($D:$D,'DS ST'!$J:$J,'DS ST'!L:L)} -> Võ Thị Huệ | AQ81: {=XLOOKUP($D:$D,'DS ST'!$J:$J,'DS ST'!M:M)} -> HCM 003 | AT81: {=xlookup($E:$E,'CLV2'!$A:$A,'CLV2'!$F:$F)} -> 3.HERBS | AU81: {=xlookup($E:$E,'CLV2'!$A:$A,'CLV2'!$G:$G)} -> 4.Rau Thơm, Rau Nêm
B82: 46235 | C82: KFM_HCM_Q07 - A01-06 Hoàng Anh Thanh Bình | D82: =VLOOKUP(C82,'DS ST'!A:B,2,0) -> A144 | E82: 1101079 | F82: BƠ 034 | G82: KG | H82: 9.2 | I82: 9.1 | J82: =H82-I82 -> 0.1 | K82: PT1598462 | L82: =K82&E82 -> PT15984621101079 | M82: TO227479 | N82: 0.1 | P82: =H82-I82-N82-O82 -> 0 | T82: hình tele | U82: Thiếu Item trong kiện | V82: Hao hụt | W82: =IF(VALUE(N82)<=0,"",IF(TRIM(V82)="Hao hụt","Hao hụt","Hao hụt")) -> Hao hụt | X82: =IF(AND(N(O82)>0,OR(V82="DC giao bù",V82="VT giao sai điểm",V82="ST nhập thiếu",V82="DC pick sai",V82="ST kiểm sai QT",V82="ST thông tin sai")),"Siêu thị","") | Y82: Kho rau | Z82: Hoàn Thành | AF82: {=xlookup($E:$E,'CLV2'!$A:$A,'CLV2'!E:E)} -> 2.FRUITS | AG82: =if(G82="KG","KG","Pack") -> KG | AH82: =J82/H82 -> 0.010869565 | AI82: {=XLOOKUP(E82,'Đơn giá'!A:A,'Đơn giá'!D:D)} -> 69416 | AJ82: =AI82*J82 -> 6941.6 | AK82: =IF($W:$W="Hao hụt", AI82*N82, 0) -> 6941.6 | AL82: =IF($X:$X="Siêu thị", AI82*O82, 0) -> 0 | AM82: =IF($Y:$Y="Kho rau", AI82*P82, 0) -> 0 | AN82: =IF($Y:$Y="Chưa xác định", AI82*P82, 0) -> 0 | AO82: {=XLOOKUP($D:$D,'DS ST'!$J:$J,'DS ST'!K:K)} -> SC002220 - Nguyễn Thuỷ Tiên | AP82: {=XLOOKUP($D:$D,'DS ST'!$J:$J,'DS ST'!L:L)} -> Võ Thị Huệ | AQ82: {=XLOOKUP($D:$D,'DS ST'!$J:$J,'DS ST'!M:M)} -> HCM 003 | AT82: {=xlookup($E:$E,'CLV2'!$A:$A,'CLV2'!$F:$F)} -> 3.LOCAL FRUITS | AU82: {=xlookup($E:$E,'CLV2'!$A:$A,'CLV2'!$G:$G)} -> 4.Bơ
B83: 46235 | C83: KFM_HCM_Q07 - A01-06 Hoàng Anh Thanh Bình | D83: =VLOOKUP(C83,'DS ST'!A:B,2,0) -> A144 | E83: 1101302 | F83: CHUỐI GIÀ GIỐNG NAM MỸ | G83: KG | H83: 8 | I83: 7.82 | J83: =H83-I83 -> 0.18 | K83: PT1598462 | L83: =K83&E83 -> PT15984621101302 | M83: TO227479 | N83: 0.18 | P83: =H83-I83-N83-O83 -> 0 | T83: hình tele | U83: Thiếu Item trong kiện | V83: Hao hụt | W83: =IF(VALUE(N83)<=0,"",IF(TRIM(V83)="Hao hụt","Hao hụt","Hao hụt")) -> Hao hụt | X83: =IF(AND(N(O83)>0,OR(V83="DC giao bù",V83="VT giao sai điểm",V83="ST nhập thiếu",V83="DC pick sai",V83="ST kiểm sai QT",V83="ST thông tin sai")),"Siêu thị","") | Y83: Kho rau | Z83: Hoàn Thành | AF83: {=xlookup($E:$E,'CLV2'!$A:$A,'CLV2'!E:E)} -> 2.FRUITS | AG83: =if(G83="KG","KG","Pack") -> KG | AH83: =J83/H83 -> 0.0225 | AI83: {=XLOOKUP(E83,'Đơn giá'!A:A,'Đơn giá'!D:D)} -> 17500 | AJ83: =AI83*J83 -> 3150 | AK83: =IF($W:$W="Hao hụt", AI83*N83, 0) -> 3150 | AL83: =IF($X:$X="Siêu thị", AI83*O83, 0) -> 0 | AM83: =IF($Y:$Y="Kho rau", AI83*P83, 0) -> 0 | AN83: =IF($Y:$Y="Chưa xác định", AI83*P83, 0) -> 0 | AO83: {=XLOOKUP($D:$D,'DS ST'!$J:$J,'DS ST'!K:K)} -> SC002220 - Nguyễn Thuỷ Tiên | AP83: {=XLOOKUP($D:$D,'DS ST'!$J:$J,'DS ST'!L:L)} -> Võ Thị Huệ | AQ83: {=XLOOKUP($D:$D,'DS ST'!$J:$J,'DS ST'!M:M)} -> HCM 003 | AT83: {=xlookup($E:$E,'CLV2'!$A:$A,'CLV2'!$F:$F)} -> 3.LOCAL FRUITS | AU83: {=xlookup($E:$E,'CLV2'!$A:$A,'CLV2'!$G:$G)} -> 4.Chuối
B84: 46235 | C84: KFM_HCM_Q07 - A01-06 Hoàng Anh Thanh Bình | D84: =VLOOKUP(C84,'DS ST'!A:B,2,0) -> A144 | E84: 1101366 | F84: BÔNG CẢI XANH ĐÀ LẠT (KG) | G84: KG | H84: 4 | I84: 3.96 | J84: =H84-I84 -> 0.04 | K84: PT1598462 | L84: =K84&E84 -> PT15984621101366 | M84: TO227479 | N84: 0.04 | P84: =H84-I84-N84-O84 -> 0 | T84: hình tele | U84: Thiếu Item trong kiện | V84: Hao hụt | W84: =IF(VALUE(N84)<=0,"",IF(TRIM(V84)="Hao hụt","Hao hụt","Hao hụt")) -> Hao hụt | X84: =IF(AND(N(O84)>0,OR(V84="DC giao bù",V84="VT giao sai điểm",V84="ST nhập thiếu",V84="DC pick sai",V84="ST kiểm sai QT",V84="ST thông tin sai")),"Siêu thị","") | Y84: Kho rau | Z84: Hoàn Thành | AF84: {=xlookup($E:$E,'CLV2'!$A:$A,'CLV2'!E:E)} -> 2.VEGETABLES | AG84: =if(G84="KG","KG","Pack") -> KG | AH84: =J84/H84 -> 0.01 | AI84: {=XLOOKUP(E84,'Đơn giá'!A:A,'Đơn giá'!D:D)} -> 55000 | AJ84: =AI84*J84 -> 2200 | AK84: =IF($W:$W="Hao hụt", AI84*N84, 0) -> 2200 | AL84: =IF($X:$X="Siêu thị", AI84*O84, 0) -> 0 | AM84: =IF($Y:$Y="Kho rau", AI84*P84, 0) -> 0 | AN84: =IF($Y:$Y="Chưa xác định", AI84*P84, 0) -> 0 | AO84: {=XLOOKUP($D:$D,'DS ST'!$J:$J,'DS ST'!K:K)} -> SC002220 - Nguyễn Thuỷ Tiên | AP84: {=XLOOKUP($D:$D,'DS ST'!$J:$J,'DS ST'!L:L)} -> Võ Thị Huệ | AQ84: {=XLOOKUP($D:$D,'DS ST'!$J:$J,'DS ST'!M:M)} -> HCM 003 | AT84: {=xlookup($E:$E,'CLV2'!$A:$A,'CLV2'!$F:$F)} -> 3.LEAFY VEGGIES | AU84: {=xlookup($E:$E,'CLV2'!$A:$A,'CLV2'!$G:$G)} -> 4.Rau Ăn Bông
B85: 46235 | C85: KFM_HCM_Q07 - A01-06 Hoàng Anh Thanh Bình | D85: =VLOOKUP(C85,'DS ST'!A:B,2,0) -> A144 | E85: 1101392 | F85: CÀ CHUA BEEF ĐÀ LẠT | G85: KG | H85: 5.1 | I85: 5.05 | J85: =H85-I85 -> 0.05 | K85: PT1598462 | L85: =K85&E85 -> PT15984621101392 | M85: TO227479 | N85: 0.05 | P85: =H85-I85-N85-O85 -> 0 | T85: hình tele | U85: Thiếu Item trong kiện | V85: Hao hụt | W85: =IF(VALUE(N85)<=0,"",IF(TRIM(V85)="Hao hụt","Hao hụt","Hao hụt")) -> Hao hụt | X85: =IF(AND(N(O85)>0,OR(V85="DC giao bù",V85="VT giao sai điểm",V85="ST nhập thiếu",V85="DC pick sai",V85="ST kiểm sai QT",V85="ST thông tin sai")),"Siêu thị","") | Y85: Kho rau | Z85: Hoàn Thành | AF85: {=xlookup($E:$E,'CLV2'!$A:$A,'CLV2'!E:E)} -> 2.VEGETABLES | AG85: =if(G85="KG","KG","Pack") -> KG | AH85: =J85/H85 -> 0.0098039216 | AI85: {=XLOOKUP(E85,'Đơn giá'!A:A,'Đơn giá'!D:D)} -> 48000 | AJ85: =AI85*J85 -> 2400 | AK85: =IF($W:$W="Hao hụt", AI85*N85, 0) -> 2400 | AL85: =IF($X:$X="Siêu thị", AI85*O85, 0) -> 0 | AM85: =IF($Y:$Y="Kho rau", AI85*P85, 0) -> 0 | AN85: =IF($Y:$Y="Chưa xác định", AI85*P85, 0) -> 0 | AO85: {=XLOOKUP($D:$D,'DS ST'!$J:$J,'DS ST'!K:K)} -> SC002220 - Nguyễn Thuỷ Tiên | AP85: {=XLOOKUP($D:$D,'DS ST'!$J:$J,'DS ST'!L:L)} -> Võ Thị Huệ | AQ85: {=XLOOKUP($D:$D,'DS ST'!$J:$J,'DS ST'!M:M)} -> HCM 003 | AT85: {=xlookup($E:$E,'CLV2'!$A:$A,'CLV2'!$F:$F)} -> 3.FRUIT VEGGIES | AU85: {=xlookup($E:$E,'CLV2'!$A:$A,'CLV2'!$G:$G)} -> 4.Cà Chua, Dưa Leo, Ớt Chuông
B86: 46235 | C86: KFM_HCM_Q07 - A01-06 Hoàng Anh Thanh Bình | D86: =VLOOKUP(C86,'DS ST'!A:B,2,0) -> A144 | E86: 1101812 | F86: DƯA HẤU GIỐNG MỸ | G86: KG | H86: 15.3 | I86: 15.16 | J86: =H86-I86 -> 0.14 | K86: PT1598462 | L86: =K86&E86 -> PT15984621101812 | M86: TO227479 | N86: 0.14 | P86: =H86-I86-N86-O86 -> 0 | T86: hình tele | U86: Thiếu Item trong kiện | V86: Hao hụt | W86: =IF(VALUE(N86)<=0,"",IF(TRIM(V86)="Hao hụt","Hao hụt","Hao hụt")) -> Hao hụt | X86: =IF(AND(N(O86)>0,OR(V86="DC giao bù",V86="VT giao sai điểm",V86="ST nhập thiếu",V86="DC pick sai",V86="ST kiểm sai QT",V86="ST thông tin sai")),"Siêu thị","") | Y86: Kho rau | Z86: Hoàn Thành | AF86: {=xlookup($E:$E,'CLV2'!$A:$A,'CLV2'!E:E)} -> 2.FRUITS | AG86: =if(G86="KG","KG","Pack") -> KG | AH86: =J86/H86 -> 0.0091503268 | AI86: {=XLOOKUP(E86,'Đơn giá'!A:A,'Đơn giá'!D:D)} -> 23000 | AJ86: =AI86*J86 -> 3220 | AK86: =IF($W:$W="Hao hụt", AI86*N86, 0) -> 3220 | AL86: =IF($X:$X="Siêu thị", AI86*O86, 0) -> 0 | AM86: =IF($Y:$Y="Kho rau", AI86*P86, 0) -> 0 | AN86: =IF($Y:$Y="Chưa xác định", AI86*P86, 0) -> 0 | AO86: {=XLOOKUP($D:$D,'DS ST'!$J:$J,'DS ST'!K:K)} -> SC002220 - Nguyễn Thuỷ Tiên | AP86: {=XLOOKUP($D:$D,'DS ST'!$J:$J,'DS ST'!L:L)} -> Võ Thị Huệ | AQ86: {=XLOOKUP($D:$D,'DS ST'!$J:$J,'DS ST'!M:M)} -> HCM 003 | AT86: {=xlookup($E:$E,'CLV2'!$A:$A,'CLV2'!$F:$F)} -> 3.LOCAL FRUITS | AU86: {=xlookup($E:$E,'CLV2'!$A:$A,'CLV2'!$G:$G)} -> 4.Dưa Hấu
B87: 46235 | C87: KFM_HCM_TPH - 85 Cây Keo | D87: =VLOOKUP(C87,'DS ST'!A:B,2,0) -> CKO | E87: 10511 | F87: CẶP BẮP GIỐNG MỸ | G87: CẶP | H87: 14 | I87: 12 | J87: =H87-I87 -> 2 | K87: PT1598456 | L87: =K87&E87 -> PT159845610511 | M87: TO227379 | P87: =H87-I87-N87-O87 -> 2 | U87: Thiếu Item trong kiện | V87: DC giao thiếu | W87: =IF(VALUE(N87)<=0,"",IF(TRIM(V87)="Hao hụt","Hao hụt","Hao hụt")) | X87: =IF(AND(N(O87)>0,OR(V87="DC giao bù",V87="VT giao sai điểm",V87="ST nhập thiếu",V87="DC pick sai",V87="ST kiểm sai QT",V87="ST thông tin sai")),"Siêu thị","") | Y87: Kho rau | Z87: Hoàn Thành | AF87: {=xlookup($E:$E,'CLV2'!$A:$A,'CLV2'!E:E)} -> 2.VEGETABLES | AG87: =if(G87="KG","KG","Pack") -> Pack | AH87: =J87/H87 -> 0.14285714 | AI87: {=XLOOKUP(E87,'Đơn giá'!A:A,'Đơn giá'!D:D)} -> 16000 | AJ87: =AI87*J87 -> 32000 | AK87: =IF($W:$W="Hao hụt", AI87*N87, 0) -> 0 | AL87: =IF($X:$X="Siêu thị", AI87*O87, 0) -> 0 | AM87: =IF($Y:$Y="Kho rau", AI87*P87, 0) -> 32000 | AN87: =IF($Y:$Y="Chưa xác định", AI87*P87, 0) -> 0 | AO87: {=XLOOKUP($D:$D,'DS ST'!$J:$J,'DS ST'!K:K)} -> SC005375 - Trần Văn Hiếu | AP87: {=XLOOKUP($D:$D,'DS ST'!$J:$J,'DS ST'!L:L)} -> Võ Thị Huệ | AQ87: {=XLOOKUP($D:$D,'DS ST'!$J:$J,'DS ST'!M:M)} -> HCM 014 | AT87: {=xlookup($E:$E,'CLV2'!$A:$A,'CLV2'!$F:$F)} -> 3.FRUIT VEGGIES | AU87: {=xlookup($E:$E,'CLV2'!$A:$A,'CLV2'!$G:$G)} -> 4.Bắp, Đậu
B88: 46235 | C88: KFM_HCM_TPH - 85 Cây Keo | D88: =VLOOKUP(C88,'DS ST'!A:B,2,0) -> CKO | E88: 10793 | F88: DIẾP CÁ (DẤP CÁ) VIETGAP 100G | G88: GÓI | H88: 8 | I88: 4 | J88: =H88-I88 -> 4 | K88: PT1598456 | L88: =K88&E88 -> PT159845610793 | M88: TO227379 | P88: =H88-I88-N88-O88 -> 4 | U88: Thiếu Item trong kiện | V88: DC giao thiếu | W88: =IF(VALUE(N88)<=0,"",IF(TRIM(V88)="Hao hụt","Hao hụt","Hao hụt")) | X88: =IF(AND(N(O88)>0,OR(V88="DC giao bù",V88="VT giao sai điểm",V88="ST nhập thiếu",V88="DC pick sai",V88="ST kiểm sai QT",V88="ST thông tin sai")),"Siêu thị","") | Y88: Kho rau | Z88: Hoàn Thành | AF88: {=xlookup($E:$E,'CLV2'!$A:$A,'CLV2'!E:E)} -> 2.VEGETABLES | AG88: =if(G88="KG","KG","Pack") -> Pack | AH88: =J88/H88 -> 0.5 | AI88: {=XLOOKUP(E88,'Đơn giá'!A:A,'Đơn giá'!D:D)} -> 5500 | AJ88: =AI88*J88 -> 22000 | AK88: =IF($W:$W="Hao hụt", AI88*N88, 0) -> 0 | AL88: =IF($X:$X="Siêu thị", AI88*O88, 0) -> 0 | AM88: =IF($Y:$Y="Kho rau", AI88*P88, 0) -> 22000 | AN88: =IF($Y:$Y="Chưa xác định", AI88*P88, 0) -> 0 | AO88: {=XLOOKUP($D:$D,'DS ST'!$J:$J,'DS ST'!K:K)} -> SC005375 - Trần Văn Hiếu | AP88: {=XLOOKUP($D:$D,'DS ST'!$J:$J,'DS ST'!L:L)} -> Võ Thị Huệ | AQ88: {=XLOOKUP($D:$D,'DS ST'!$J:$J,'DS ST'!M:M)} -> HCM 014 | AT88: {=xlookup($E:$E,'CLV2'!$A:$A,'CLV2'!$F:$F)} -> 3.HERBS | AU88: {=xlookup($E:$E,'CLV2'!$A:$A,'CLV2'!$G:$G)} -> 4.Rau Thơm, Rau Nêm
B89: 46235 | C89: KFM_HCM_TPH - 85 Cây Keo | D89: =VLOOKUP(C89,'DS ST'!A:B,2,0) -> CKO | E89: 11230 | F89: ĐẬU BẮP 300G | G89: VỈ | H89: 10 | I89: 9 | J89: =H89-I89 -> 1 | K89: PT1598456 | L89: =K89&E89 -> PT159845611230 | M89: TO227379 | P89: =H89-I89-N89-O89 -> 1 | U89: Thiếu Item trong kiện | V89: DC giao thiếu | W89: =IF(VALUE(N89)<=0,"",IF(TRIM(V89)="Hao hụt","Hao hụt","Hao hụt")) | X89: =IF(AND(N(O89)>0,OR(V89="DC giao bù",V89="VT giao sai điểm",V89="ST nhập thiếu",V89="DC pick sai",V89="ST kiểm sai QT",V89="ST thông tin sai")),"Siêu thị","") | Y89: Kho rau | Z89: Hoàn Thành | AF89: {=xlookup($E:$E,'CLV2'!$A:$A,'CLV2'!E:E)} -> 2.VEGETABLES | AG89: =if(G89="KG","KG","Pack") -> Pack | AH89: =J89/H89 -> 0.1 | AI89: {=XLOOKUP(E89,'Đơn giá'!A:A,'Đơn giá'!D:D)} -> 12500 | AJ89: =AI89*J89 -> 12500 | AK89: =IF($W:$W="Hao hụt", AI89*N89, 0) -> 0 | AL89: =IF($X:$X="Siêu thị", AI89*O89, 0) -> 0 | AM89: =IF($Y:$Y="Kho rau", AI89*P89, 0) -> 12500 | AN89: =IF($Y:$Y="Chưa xác định", AI89*P89, 0) -> 0 | AO89: {=XLOOKUP($D:$D,'DS ST'!$J:$J,'DS ST'!K:K)} -> SC005375 - Trần Văn Hiếu | AP89: {=XLOOKUP($D:$D,'DS ST'!$J:$J,'DS ST'!L:L)} -> Võ Thị Huệ | AQ89: {=XLOOKUP($D:$D,'DS ST'!$J:$J,'DS ST'!M:M)} -> HCM 014 | AT89: {=xlookup($E:$E,'CLV2'!$A:$A,'CLV2'!$F:$F)} -> 3.FRUIT VEGGIES | AU89: {=xlookup($E:$E,'CLV2'!$A:$A,'CLV2'!$G:$G)} -> 4.Bắp, Đậu
B90: 46235 | C90: KFM_HCM_TPH - 85 Cây Keo | D90: =VLOOKUP(C90,'DS ST'!A:B,2,0) -> CKO | E90: 11651 | F90: CHANH DÂY TÍM NGỌT | G90: VỈ | H90: 6 | I90: 5 | J90: =H90-I90 -> 1 | K90: PT1598456 | L90: =K90&E90 -> PT159845611651 | M90: TO227379 | P90: =H90-I90-N90-O90 -> 1 | U90: Thiếu Item trong kiện | V90: DC giao thiếu | W90: =IF(VALUE(N90)<=0,"",IF(TRIM(V90)="Hao hụt","Hao hụt","Hao hụt")) | X90: =IF(AND(N(O90)>0,OR(V90="DC giao bù",V90="VT giao sai điểm",V90="ST nhập thiếu",V90="DC pick sai",V90="ST kiểm sai QT",V90="ST thông tin sai")),"Siêu thị","") | Y90: Kho rau | Z90: Hoàn Thành | AF90: {=xlookup($E:$E,'CLV2'!$A:$A,'CLV2'!E:E)} -> 2.FRUITS | AG90: =if(G90="KG","KG","Pack") -> Pack | AH90: =J90/H90 -> 0.16666667 | AI90: {=XLOOKUP(E90,'Đơn giá'!A:A,'Đơn giá'!D:D)} -> 36667 | AJ90: =AI90*J90 -> 36667 | AK90: =IF($W:$W="Hao hụt", AI90*N90, 0) -> 0 | AL90: =IF($X:$X="Siêu thị", AI90*O90, 0) -> 0 | AM90: =IF($Y:$Y="Kho rau", AI90*P90, 0) -> 36667 | AN90: =IF($Y:$Y="Chưa xác định", AI90*P90, 0) -> 0 | AO90: {=XLOOKUP($D:$D,'DS ST'!$J:$J,'DS ST'!K:K)} -> SC005375 - Trần Văn Hiếu | AP90: {=XLOOKUP($D:$D,'DS ST'!$J:$J,'DS ST'!L:L)} -> Võ Thị Huệ | AQ90: {=XLOOKUP($D:$D,'DS ST'!$J:$J,'DS ST'!M:M)} -> HCM 014 | AT90: {=xlookup($E:$E,'CLV2'!$A:$A,'CLV2'!$F:$F)} -> 3.LOCAL FRUITS | AU90: {=xlookup($E:$E,'CLV2'!$A:$A,'CLV2'!$G:$G)} -> 4.Trái Cây Đa Dạng
B91: 46235 | C91: KFM_HCM_TPH - 85 Cây Keo | D91: =VLOOKUP(C91,'DS ST'!A:B,2,0) -> CKO | E91: 11689 | F91: CỦ CẢI TRẮNG ĐÀ LẠT 250G UP | G91: PACK | H91: 20 | I91: 19 | J91: =H91-I91 -> 1 | K91: PT1598456 | L91: =K91&E91 -> PT159845611689 | M91: TO227379 | O91: 1 | P91: =H91-I91-N91-O91 -> 0 | Q91: PT1601885 | U91: Thiếu Item trong kiện | V91: ST nhập thiếu | W91: =IF(VALUE(N91)<=0,"",IF(TRIM(V91)="Hao hụt","Hao hụt","Hao hụt")) | X91: =IF(AND(N(O91)>0,OR(V91="DC giao bù",V91="VT giao sai điểm",V91="ST nhập thiếu",V91="DC pick sai",V91="ST kiểm sai QT",V91="ST thông tin sai")),"Siêu thị","") -> Siêu thị | Y91: =IF(N(P91)<=0,"",IF(OR(T91="Hình KDB",T91="Hình tele",ISNUMBER(SEARCH("Hình KDB",T91)),ISNUMBER(SEARCH("Hình tele",T91)),ISNUMBER(SEARCH("sai code",T91)),ISNUMBER(SEARCH("Thiếu kiện",U91))),"Kho rau",IF(AND(T91<>"Hình KDB",T91<>"Hình tele"),"Chưa xác định",IF(N(O91)>0,IF(OR(T91="Hình KDB",T91="Hình tele",ISNUMBER(SEARCH("Hình KDB",T91)),ISNUMBER(SEARCH("Hình tele",T91)),ISNUMBER(SEARCH("sai code",T91)),ISNUMBER(SEARCH("Thiếu kiện",U91))),"Kho rau","Chưa xác định"),IF(OR(T91="Hình KDB",T91="Hình tele",ISNUMBER(SEARCH("Hình KDB",T91)),ISNUMBER(SEARCH("Hình tele",T91)),ISNUMBER(SEARCH("sai code",T91)),ISNUMBER(SEARCH("Thiếu kiện",U91))),"Kho rau",IF(V91="Chưa xác định","Chưa xác định",IF(OR(V91="DC giao thiếu",V91="TX giao thiếu kiện",V91="Hàng không đạt CL"),"Kho rau",""))))))) | Z91: Hoàn Thành | AF91: {=xlookup($E:$E,'CLV2'!$A:$A,'CLV2'!E:E)} -> 2.VEGETABLES | AG91: =if(G91="KG","KG","Pack") -> Pack | AH91: =J91/H91 -> 0.05 | AI91: {=XLOOKUP(E91,'Đơn giá'!A:A,'Đơn giá'!D:D)} -> 8000 | AJ91: =AI91*J91 -> 8000 | AK91: =IF($W:$W="Hao hụt", AI91*N91, 0) -> 0 | AL91: =IF($X:$X="Siêu thị", AI91*O91, 0) -> 8000 | AM91: =IF($Y:$Y="Kho rau", AI91*P91, 0) -> 0 | AN91: =IF($Y:$Y="Chưa xác định", AI91*P91, 0) -> 0 | AO91: {=XLOOKUP($D:$D,'DS ST'!$J:$J,'DS ST'!K:K)} -> SC005375 - Trần Văn Hiếu | AP91: {=XLOOKUP($D:$D,'DS ST'!$J:$J,'DS ST'!L:L)} -> Võ Thị Huệ | AQ91: {=XLOOKUP($D:$D,'DS ST'!$J:$J,'DS ST'!M:M)} -> HCM 014 | AT91: {=xlookup($E:$E,'CLV2'!$A:$A,'CLV2'!$F:$F)} -> 3.ROOT VEGGIES | AU91: {=xlookup($E:$E,'CLV2'!$A:$A,'CLV2'!$G:$G)} -> 4.Các Loại Củ Khác
B92: 46235 | C92: KFM_HCM_TPH - 85 Cây Keo | D92: =VLOOKUP(C92,'DS ST'!A:B,2,0) -> CKO | E92: 1100992 | F92: DƯA LƯỚI VỎ XANH RUỘT CAM | G92: KG | H92: 10.1 | I92: 10.04 | J92: =H92-I92 -> 0.06 | K92: PT1598456 | L92: =K92&E92 -> PT15984561100992 | M92: TO227379 | N92: 0.06 | P92: =H92-I92-N92-O92 -> 0 | T92: hình kdb | U92: Thiếu Item trong kiện | V92: Hao hụt | W92: =IF(VALUE(N92)<=0,"",IF(TRIM(V92)="Hao hụt","Hao hụt","Hao hụt")) -> Hao hụt | X92: =IF(AND(N(O92)>0,OR(V92="DC giao bù",V92="VT giao sai điểm",V92="ST nhập thiếu",V92="DC pick sai",V92="ST kiểm sai QT",V92="ST thông tin sai")),"Siêu thị","") | Y92: Kho rau | Z92: Hoàn Thành | AF92: {=xlookup($E:$E,'CLV2'!$A:$A,'CLV2'!E:E)} -> 2.FRUITS | AG92: =if(G92="KG","KG","Pack") -> KG | AH92: =J92/H92 -> 0.0059405941 | AI92: {=XLOOKUP(E92,'Đơn giá'!A:A,'Đơn giá'!D:D)} -> 37000 | AJ92: =AI92*J92 -> 2220 | AK92: =IF($W:$W="Hao hụt", AI92*N92, 0) -> 2220 | AL92: =IF($X:$X="Siêu thị", AI92*O92, 0) -> 0 | AM92: =IF($Y:$Y="Kho rau", AI92*P92, 0) -> 0 | AN92: =IF($Y:$Y="Chưa xác định", AI92*P92, 0) -> 0 | AO92: {=XLOOKUP($D:$D,'DS ST'!$J:$J,'DS ST'!K:K)} -> SC005375 - Trần Văn Hiếu | AP92: {=XLOOKUP($D:$D,'DS ST'!$J:$J,'DS ST'!L:L)} -> Võ Thị Huệ | AQ92: {=XLOOKUP($D:$D,'DS ST'!$J:$J,'DS ST'!M:M)} -> HCM 014 | AT92: {=xlookup($E:$E,'CLV2'!$A:$A,'CLV2'!$F:$F)} -> 3.LOCAL FRUITS | AU92: {=xlookup($E:$E,'CLV2'!$A:$A,'CLV2'!$G:$G)} -> 4.Dưa Lưới
B93: 46235 | C93: KFM_HCM_TPH - 85 Cây Keo | D93: =VLOOKUP(C93,'DS ST'!A:B,2,0) -> CKO | E93: 1101062 | F93: CHUỐI LABA ĐÀ LẠT | G93: KG | H93: 10.1 | I93: 10.04 | J93: =H93-I93 -> 0.06 | K93: PT1598456 | L93: =K93&E93 -> PT15984561101062 | M93: TO227379 | N93: 0.06 | P93: =H93-I93-N93-O93 -> 0 | T93: hình kdb | U93: Thiếu Item trong kiện | V93: Hao hụt | W93: =IF(VALUE(N93)<=0,"",IF(TRIM(V93)="Hao hụt","Hao hụt","Hao hụt")) -> Hao hụt | X93: =IF(AND(N(O93)>0,OR(V93="DC giao bù",V93="VT giao sai điểm",V93="ST nhập thiếu",V93="DC pick sai",V93="ST kiểm sai QT",V93="ST thông tin sai")),"Siêu thị","") | Y93: Kho rau | Z93: Hoàn Thành | AF93: {=xlookup($E:$E,'CLV2'!$A:$A,'CLV2'!E:E)} -> 2.FRUITS | AG93: =if(G93="KG","KG","Pack") -> KG | AH93: =J93/H93 -> 0.0059405941 | AI93: {=XLOOKUP(E93,'Đơn giá'!A:A,'Đơn giá'!D:D)} -> 23000 | AJ93: =AI93*J93 -> 1380 | AK93: =IF($W:$W="Hao hụt", AI93*N93, 0) -> 1380 | AL93: =IF($X:$X="Siêu thị", AI93*O93, 0) -> 0 | AM93: =IF($Y:$Y="Kho rau", AI93*P93, 0) -> 0 | AN93: =IF($Y:$Y="Chưa xác định", AI93*P93, 0) -> 0 | AO93: {=XLOOKUP($D:$D,'DS ST'!$J:$J,'DS ST'!K:K)} -> SC005375 - Trần Văn Hiếu | AP93: {=XLOOKUP($D:$D,'DS ST'!$J:$J,'DS ST'!L:L)} -> Võ Thị Huệ | AQ93: {=XLOOKUP($D:$D,'DS ST'!$J:$J,'DS ST'!M:M)} -> HCM 014 | AT93: {=xlookup($E:$E,'CLV2'!$A:$A,'CLV2'!$F:$F)} -> 3.LOCAL FRUITS | AU93: {=xlookup($E:$E,'CLV2'!$A:$A,'CLV2'!$G:$G)} -> 4.Chuối
B94: 46235 | C94: KFM_HCM_TPH - 85 Cây Keo | D94: =VLOOKUP(C94,'DS ST'!A:B,2,0) -> CKO | E94: 1101366 | F94: BÔNG CẢI XANH ĐÀ LẠT (KG) | G94: KG | H94: 16.7 | I94: 16.4 | J94: =H94-I94 -> 0.3 | K94: PT1598456 | L94: =K94&E94 -> PT15984561101366 | M94: TO227379 | N94: 0.3 | P94: =H94-I94-N94-O94 -> 0 | T94: hình kdb | U94: Thiếu Item trong kiện | V94: Hao hụt | W94: =IF(VALUE(N94)<=0,"",IF(TRIM(V94)="Hao hụt","Hao hụt","Hao hụt")) -> Hao hụt | X94: =IF(AND(N(O94)>0,OR(V94="DC giao bù",V94="VT giao sai điểm",V94="ST nhập thiếu",V94="DC pick sai",V94="ST kiểm sai QT",V94="ST thông tin sai")),"Siêu thị","") | Y94: Kho rau | Z94: Hoàn Thành | AF94: {=xlookup($E:$E,'CLV2'!$A:$A,'CLV2'!E:E)} -> 2.VEGETABLES | AG94: =if(G94="KG","KG","Pack") -> KG | AH94: =J94/H94 -> 0.017964072 | AI94: {=XLOOKUP(E94,'Đơn giá'!A:A,'Đơn giá'!D:D)} -> 55000 | AJ94: =AI94*J94 -> 16500 | AK94: =IF($W:$W="Hao hụt", AI94*N94, 0) -> 16500 | AL94: =IF($X:$X="Siêu thị", AI94*O94, 0) -> 0 | AM94: =IF($Y:$Y="Kho rau", AI94*P94, 0) -> 0 | AN94: =IF($Y:$Y="Chưa xác định", AI94*P94, 0) -> 0 | AO94: {=XLOOKUP($D:$D,'DS ST'!$J:$J,'DS ST'!K:K)} -> SC005375 - Trần Văn Hiếu | AP94: {=XLOOKUP($D:$D,'DS ST'!$J:$J,'DS ST'!L:L)} -> Võ Thị Huệ | AQ94: {=XLOOKUP($D:$D,'DS ST'!$J:$J,'DS ST'!M:M)} -> HCM 014 | AT94: {=xlookup($E:$E,'CLV2'!$A:$A,'CLV2'!$F:$F)} -> 3.LEAFY VEGGIES | AU94: {=xlookup($E:$E,'CLV2'!$A:$A,'CLV2'!$G:$G)} -> 4.Rau Ăn Bông
B95: 46235 | C95: KFM_HCM_TPH - 85 Cây Keo | D95: =VLOOKUP(C95,'DS ST'!A:B,2,0) -> CKO | E95: 1101377 | F95: BÔNG CẢI TRẮNG ĐÀ LẠT VIETGAP | G95: KG | H95: 2.1 | I95: 2.07 | J95: =H95-I95 -> 0.03 | K95: PT1598456 | L95: =K95&E95 -> PT15984561101377 | M95: TO227379 | N95: 0.03 | P95: =H95-I95-N95-O95 -> 0 | T95: hình kdb | U95: Thiếu Item trong kiện | V95: Hao hụt | W95: =IF(VALUE(N95)<=0,"",IF(TRIM(V95)="Hao hụt","Hao hụt","Hao hụt")) -> Hao hụt | X95: =IF(AND(N(O95)>0,OR(V95="DC giao bù",V95="VT giao sai điểm",V95="ST nhập thiếu",V95="DC pick sai",V95="ST kiểm sai QT",V95="ST thông tin sai")),"Siêu thị","") | Y95: Kho rau | Z95: Hoàn Thành | AF95: {=xlookup($E:$E,'CLV2'!$A:$A,'CLV2'!E:E)} -> 2.VEGETABLES | AG95: =if(G95="KG","KG","Pack") -> KG | AH95: =J95/H95 -> 0.014285714 | AI95: {=XLOOKUP(E95,'Đơn giá'!A:A,'Đơn giá'!D:D)} -> 60000 | AJ95: =AI95*J95 -> 1800 | AK95: =IF($W:$W="Hao hụt", AI95*N95, 0) -> 1800 | AL95: =IF($X:$X="Siêu thị", AI95*O95, 0) -> 0 | AM95: =IF($Y:$Y="Kho rau", AI95*P95, 0) -> 0 | AN95: =IF($Y:$Y="Chưa xác định", AI95*P95, 0) -> 0 | AO95: {=XLOOKUP($D:$D,'DS ST'!$J:$J,'DS ST'!K:K)} -> SC005375 - Trần Văn Hiếu | AP95: {=XLOOKUP($D:$D,'DS ST'!$J:$J,'DS ST'!L:L)} -> Võ Thị Huệ | AQ95: {=XLOOKUP($D:$D,'DS ST'!$J:$J,'DS ST'!M:M)} -> HCM 014 | AT95: {=xlookup($E:$E,'CLV2'!$A:$A,'CLV2'!$F:$F)} -> 3.LEAFY VEGGIES | AU95: {=xlookup($E:$E,'CLV2'!$A:$A,'CLV2'!$G:$G)} -> 4.Rau Ăn Bông
B96: 46235 | C96: KFM_HCM_TPH - 85 Cây Keo | D96: =VLOOKUP(C96,'DS ST'!A:B,2,0) -> CKO | E96: 1101812 | F96: DƯA HẤU GIỐNG MỸ | G96: KG | H96: 15.3 | I96: 15.26 | J96: =H96-I96 -> 0.04 | K96: PT1598456 | L96: =K96&E96 -> PT15984561101812 | M96: TO227379 | N96: 0.04 | P96: =H96-I96-N96-O96 -> 0 | T96: hình kdb | U96: Thiếu Item trong kiện | V96: Hao hụt | W96: =IF(VALUE(N96)<=0,"",IF(TRIM(V96)="Hao hụt","Hao hụt","Hao hụt")) -> Hao hụt | X96: =IF(AND(N(O96)>0,OR(V96="DC giao bù",V96="VT giao sai điểm",V96="ST nhập thiếu",V96="DC pick sai",V96="ST kiểm sai QT",V96="ST thông tin sai")),"Siêu thị","") | Y96: Kho rau | Z96: Hoàn Thành | AF96: {=xlookup($E:$E,'CLV2'!$A:$A,'CLV2'!E:E)} -> 2.FRUITS | AG96: =if(G96="KG","KG","Pack") -> KG | AH96: =J96/H96 -> 0.0026143791 | AI96: {=XLOOKUP(E96,'Đơn giá'!A:A,'Đơn giá'!D:D)} -> 23000 | AJ96: =AI96*J96 -> 920 | AK96: =IF($W:$W="Hao hụt", AI96*N96, 0) -> 920 | AL96: =IF($X:$X="Siêu thị", AI96*O96, 0) -> 0 | AM96: =IF($Y:$Y="Kho rau", AI96*P96, 0) -> 0 | AN96: =IF($Y:$Y="Chưa xác định", AI96*P96, 0) -> 0 | AO96: {=XLOOKUP($D:$D,'DS ST'!$J:$J,'DS ST'!K:K)} -> SC005375 - Trần Văn Hiếu | AP96: {=XLOOKUP($D:$D,'DS ST'!$J:$J,'DS ST'!L:L)} -> Võ Thị Huệ | AQ96: {=XLOOKUP($D:$D,'DS ST'!$J:$J,'DS ST'!M:M)} -> HCM 014 | AT96: {=xlookup($E:$E,'CLV2'!$A:$A,'CLV2'!$F:$F)} -> 3.LOCAL FRUITS | AU96: {=xlookup($E:$E,'CLV2'!$A:$A,'CLV2'!$G:$G)} -> 4.Dưa Hấu
B97: 46235 | C97: KFM_HCM_Q06 - 126 Chợ Lớn | D97: =VLOOKUP(C97,'DS ST'!A:B,2,0) -> CLN | E97: 11272 | F97: BÔNG CẢI XANH BABY ĐÀ LẠT 250G | G97: GÓI | H97: 5 | I97: 4 | J97: =H97-I97 -> 1 | K97: PT1598455 | L97: =K97&E97 -> PT159845511272 | M97: TO227239 | P97: =H97-I97-N97-O97 -> 1 | S97: PT1601933 | T97: hình kdb | U97: Thiếu Item trong kiện | V97: DC giao thiếu | W97: =IF(VALUE(N97)<=0,"",IF(TRIM(V97)="Hao hụt","Hao hụt","Hao hụt")) | X97: =IF(AND(N(O97)>0,OR(V97="DC giao bù",V97="VT giao sai điểm",V97="ST nhập thiếu",V97="DC pick sai",V97="ST kiểm sai QT",V97="ST thông tin sai")),"Siêu thị","") | Y97: =IF(N(P97)<=0,"",IF(OR(T97="Hình KDB",T97="Hình tele",ISNUMBER(SEARCH("Hình KDB",T97)),ISNUMBER(SEARCH("Hình tele",T97)),ISNUMBER(SEARCH("sai code",T97)),ISNUMBER(SEARCH("Thiếu kiện",U97))),"Kho rau",IF(AND(T97<>"Hình KDB",T97<>"Hình tele"),"Chưa xác định",IF(N(O97)>0,IF(OR(T97="Hình KDB",T97="Hình tele",ISNUMBER(SEARCH("Hình KDB",T97)),ISNUMBER(SEARCH("Hình tele",T97)),ISNUMBER(SEARCH("sai code",T97)),ISNUMBER(SEARCH("Thiếu kiện",U97))),"Kho rau","Chưa xác định"),IF(OR(T97="Hình KDB",T97="Hình tele",ISNUMBER(SEARCH("Hình KDB",T97)),ISNUMBER(SEARCH("Hình tele",T97)),ISNUMBER(SEARCH("sai code",T97)),ISNUMBER(SEARCH("Thiếu kiện",U97))),"Kho rau",IF(V97="Chưa xác định","Chưa xác định",IF(OR(V97="DC giao thiếu",V97="TX giao thiếu kiện",V97="Hàng không đạt CL"),"Kho rau",""))))))) -> Kho rau | Z97: Hoàn Thành | AF97: {=xlookup($E:$E,'CLV2'!$A:$A,'CLV2'!E:E)} -> 2.VEGETABLES | AG97: =if(G97="KG","KG","Pack") -> Pack | AH97: =J97/H97 -> 0.2 | AI97: {=XLOOKUP(E97,'Đơn giá'!A:A,'Đơn giá'!D:D)} -> 20000 | AJ97: =AI97*J97 -> 20000 | AK97: =IF($W:$W="Hao hụt", AI97*N97, 0) -> 0 | AL97: =IF($X:$X="Siêu thị", AI97*O97, 0) -> 0 | AM97: =IF($Y:$Y="Kho rau", AI97*P97, 0) -> 20000 | AN97: =IF($Y:$Y="Chưa xác định", AI97*P97, 0) -> 0 | AO97: {=XLOOKUP($D:$D,'DS ST'!$J:$J,'DS ST'!K:K)} -> SC003242 - Võ Văn Phi Hùng | AP97: {=XLOOKUP($D:$D,'DS ST'!$J:$J,'DS ST'!L:L)} -> Võ Thị Huệ | AQ97: {=XLOOKUP($D:$D,'DS ST'!$J:$J,'DS ST'!M:M)} -> HCM 029 | AT97: {=xlookup($E:$E,'CLV2'!$A:$A,'CLV2'!$F:$F)} -> 3.LEAFY VEGGIES | AU97: {=xlookup($E:$E,'CLV2'!$A:$A,'CLV2'!$G:$G)} -> 4.Rau Ăn Bông
B98: 46235 | C98: KFM_HCM_Q06 - 126 Chợ Lớn | D98: =VLOOKUP(C98,'DS ST'!A:B,2,0) -> CLN | E98: 1101366 | F98: BÔNG CẢI XANH ĐÀ LẠT (KG) | G98: KG | H98: 4 | I98: 0 | J98: =H98-I98 -> 4 | K98: PT1598455 | L98: =K98&E98 -> PT15984551101366 | M98: TO227239 | P98: =H98-I98-N98-O98 -> 4 | S98: PT1601933 | T98: pick sai code: PT1601933 - 11 | U98: Thiếu Item trong kiện | V98: DC giao thiếu | W98: =IF(VALUE(N98)<=0,"",IF(TRIM(V98)="Hao hụt","Hao hụt","Hao hụt")) | X98: =IF(AND(N(O98)>0,OR(V98="DC giao bù",V98="VT giao sai điểm",V98="ST nhập thiếu",V98="DC pick sai",V98="ST kiểm sai QT",V98="ST thông tin sai")),"Siêu thị","") | Y98: =IF(N(P98)<=0,"",IF(OR(T98="Hình KDB",T98="Hình tele",ISNUMBER(SEARCH("Hình KDB",T98)),ISNUMBER(SEARCH("Hình tele",T98)),ISNUMBER(SEARCH("sai code",T98)),ISNUMBER(SEARCH("Thiếu kiện",U98))),"Kho rau",IF(AND(T98<>"Hình KDB",T98<>"Hình tele"),"Chưa xác định",IF(N(O98)>0,IF(OR(T98="Hình KDB",T98="Hình tele",ISNUMBER(SEARCH("Hình KDB",T98)),ISNUMBER(SEARCH("Hình tele",T98)),ISNUMBER(SEARCH("sai code",T98)),ISNUMBER(SEARCH("Thiếu kiện",U98))),"Kho rau","Chưa xác định"),IF(OR(T98="Hình KDB",T98="Hình tele",ISNUMBER(SEARCH("Hình KDB",T98)),ISNUMBER(SEARCH("Hình tele",T98)),ISNUMBER(SEARCH("sai code",T98)),ISNUMBER(SEARCH("Thiếu kiện",U98))),"Kho rau",IF(V98="Chưa xác định","Chưa xác định",IF(OR(V98="DC giao thiếu",V98="TX giao thiếu kiện",V98="Hàng không đạt CL"),"Kho rau",""))))))) -> Kho rau | Z98: Hoàn Thành | AF98: {=xlookup($E:$E,'CLV2'!$A:$A,'CLV2'!E:E)} -> 2.VEGETABLES | AG98: =if(G98="KG","KG","Pack") -> KG | AH98: =J98/H98 -> 1 | AI98: {=XLOOKUP(E98,'Đơn giá'!A:A,'Đơn giá'!D:D)} -> 55000 | AJ98: =AI98*J98 -> 220000 | AK98: =IF($W:$W="Hao hụt", AI98*N98, 0) -> 0 | AL98: =IF($X:$X="Siêu thị", AI98*O98, 0) -> 0 | AM98: =IF($Y:$Y="Kho rau", AI98*P98, 0) -> 220000 | AN98: =IF($Y:$Y="Chưa xác định", AI98*P98, 0) -> 0 | AO98: {=XLOOKUP($D:$D,'DS ST'!$J:$J,'DS ST'!K:K)} -> SC003242 - Võ Văn Phi Hùng | AP98: {=XLOOKUP($D:$D,'DS ST'!$J:$J,'DS ST'!L:L)} -> Võ Thị Huệ | AQ98: {=XLOOKUP($D:$D,'DS ST'!$J:$J,'DS ST'!M:M)} -> HCM 029 | AT98: {=xlookup($E:$E,'CLV2'!$A:$A,'CLV2'!$F:$F)} -> 3.LEAFY VEGGIES | AU98: {=xlookup($E:$E,'CLV2'!$A:$A,'CLV2'!$G:$G)} -> 4.Rau Ăn Bông
B99: 46235 | C99: KFM_HCM_Q06 - 126 Chợ Lớn | D99: =VLOOKUP(C99,'DS ST'!A:B,2,0) -> CLN | E99: 8938525767127 | F99: VIETRAT-RAU RĂM HỮU CƠ 50G | G99: GÓI | H99: 2 | I99: 0 | J99: =H99-I99 -> 2 | K99: PT1598455 | L99: =K99&E99 -> PT15984558938525767127 | M99: TO227239 | P99: =H99-I99-N99-O99 -> 2 | S99: PT1601933 | U99: Thiếu Item trong kiện | V99: DC giao thiếu | W99: =IF(VALUE(N99)<=0,"",IF(TRIM(V99)="Hao hụt","Hao hụt","Hao hụt")) | X99: =IF(AND(N(O99)>0,OR(V99="DC giao bù",V99="VT giao sai điểm",V99="ST nhập thiếu",V99="DC pick sai",V99="ST kiểm sai QT",V99="ST thông tin sai")),"Siêu thị","") | Y99: Kho rau | Z99: Hoàn Thành | AF99: {=xlookup($E:$E,'CLV2'!$A:$A,'CLV2'!E:E)} -> 2.VEGETABLES | AG99: =if(G99="KG","KG","Pack") -> Pack | AH99: =J99/H99 -> 1 | AI99: {=XLOOKUP(E99,'Đơn giá'!A:A,'Đơn giá'!D:D)} -> 4275 | AJ99: =AI99*J99 -> 8550 | AK99: =IF($W:$W="Hao hụt", AI99*N99, 0) -> 0 | AL99: =IF($X:$X="Siêu thị", AI99*O99, 0) -> 0 | AM99: =IF($Y:$Y="Kho rau", AI99*P99, 0) -> 8550 | AN99: =IF($Y:$Y="Chưa xác định", AI99*P99, 0) -> 0 | AO99: {=XLOOKUP($D:$D,'DS ST'!$J:$J,'DS ST'!K:K)} -> SC003242 - Võ Văn Phi Hùng | AP99: {=XLOOKUP($D:$D,'DS ST'!$J:$J,'DS ST'!L:L)} -> Võ Thị Huệ | AQ99: {=XLOOKUP($D:$D,'DS ST'!$J:$J,'DS ST'!M:M)} -> HCM 029 | AT99: {=xlookup($E:$E,'CLV2'!$A:$A,'CLV2'!$F:$F)} -> 3.HERBS | AU99: {=xlookup($E:$E,'CLV2'!$A:$A,'CLV2'!$G:$G)} -> 4.Rau Thơm, Rau Nêm
B100: 46235 | C100: KFM_HCM_Q08 - Block C Diamond Riverside | D100: =VLOOKUP(C100,'DS ST'!A:B,2,0) -> DMR | E100: 1101592 | F100: SẦU RIÊNG RI6 | G100: KG | H100: 10.1 | I100: 10 | J100: =H100-I100 -> 0.1 | K100: PT1598453 | L100: =K100&E100 -> PT15984531101592 | M100: TO227461 | N100: 0.1 | P100: =H100-I100-N100-O100 -> 0 | T100: hình kdb | U100: Thiếu Item trong kiện | V100: Hao hụt | W100: =IF(VALUE(N100)<=0,"",IF(TRIM(V100)="Hao hụt","Hao hụt","Hao hụt")) -> Hao hụt | X100: =IF(AND(N(O100)>0,OR(V100="DC giao bù",V100="VT giao sai điểm",V100="ST nhập thiếu",V100="DC pick sai",V100="ST kiểm sai QT",V100="ST thông tin sai")),"Siêu thị","") | Y100: Kho rau | Z100: Hoàn Thành | AF100: {=xlookup($E:$E,'CLV2'!$A:$A,'CLV2'!E:E)} -> 2.FRUITS | AG100: =if(G100="KG","KG","Pack") -> KG | AH100: =J100/H100 -> 0.0099009901 | AI100: {=XLOOKUP(E100,'Đơn giá'!A:A,'Đơn giá'!D:D)} -> 73000 | AJ100: =AI100*J100 -> 7300 | AK100: =IF($W:$W="Hao hụt", AI100*N100, 0) -> 7300 | AL100: =IF($X:$X="Siêu thị", AI100*O100, 0) -> 0 | AM100: =IF($Y:$Y="Kho rau", AI100*P100, 0) -> 0 | AN100: =IF($Y:$Y="Chưa xác định", AI100*P100, 0) -> 0 | AO100: {=XLOOKUP($D:$D,'DS ST'!$J:$J,'DS ST'!K:K)} -> SC003943 - Lâm Văn Tú | AP100: {=XLOOKUP($D:$D,'DS ST'!$J:$J,'DS ST'!L:L)} -> Võ Thị Huệ | AQ100: {=XLOOKUP($D:$D,'DS ST'!$J:$J,'DS ST'!M:M)} -> HCM 011 | AT100: {=xlookup($E:$E,'CLV2'!$A:$A,'CLV2'!$F:$F)} -> 3.LOCAL FRUITS | AU100: {=xlookup($E:$E,'CLV2'!$A:$A,'CLV2'!$G:$G)} -> 4.Sầu Riêng
...

Sheet DS ST
A1: ST | B1: ID Mart | C1: SPAM | D1: R2 | E1: DONE | F1: Phiếu bs | G1: Note- Khum được xóa | I1: Name Mart | J1: ID Mart | K1: GSM phụ trách | L1: RSM phụ trách | M1: Khu vực | N1: GSM phụ trách
A2: KFM_BDU_DAN - 27 Tân Lập | B2: A101 | I2: KFM_BDU_DAN - 27 Tân Lập | J2: A101 | K2: SC011505 - Lê Ngọc Phát | L2: Nguyễn Thị Cà | M2: HCM 027 | N2: Lê Ngọc Phát
A3: KFM_HCM_TDU - 128A Kha Vạn Cân | B3: A102 | I3: KFM_HCM_TDU - 128A Kha Vạn Cân | J3: A102 | K3: SC011505 - Lê Ngọc Phát | L3: Nguyễn Thị Cà | M3: HCM 027 | N3: Lê Ngọc Phát
A4: KFM_HCM_NBE - 222 Lê Văn Lương | B4: A103 | I4: KFM_HCM_NBE - 222 Lê Văn Lương | J4: A103 | K4: SC003831 - Trần Kim Phụng | L4: Võ Thị Huệ | M4: HCM 004 | N4: Trần Kim Phụng
A5: KFM_HCM_NBE - 5/3D Huỳnh Tấn Phát | B5: A104 | I5: KFM_HCM_NBE - 5/3D Huỳnh Tấn Phát | J5: A104 | K5: SC002206 - Hứa Thái Hiển | L5: Võ Thị Huệ | M5: HCM 023 | N5: Hứa Thái Hiển
A6: KFM_HCM_TDU - 02 Lê Lợi | B6: A105 | I6: KFM_HCM_TDU - 02 Lê Lợi | J6: A105 | K6: SC011310 - Hồ Xuân Thịnh | L6: Nguyễn Thị Cà | M6: HCM 021 | N6: Hồ Xuân Thịnh
A7: KFM_HCM_PNH - T1-5 TMDV Orchard Garden | B7: A106 | I7: KFM_HCM_PNH - T1-5 TMDV Orchard Garden | J7: A106 | K7: SC006189 - Huỳnh Ngọc Phương | L7: Nguyễn Thị Cà | M7: HCM 033 | N7: Huỳnh Ngọc Phương
A8: KFM_HCM_TDU - 05 Đường D3 Phước Long | B8: A107 | I8: KFM_HCM_TDU - 05 Đường D3 Phước Long | J8: A107 | K8: SC006728 - Nguyễn Đình Vũ | L8: Nguyễn Thị Cà | M8: HCM 006 | N8: Nguyễn Đình Vũ
A9: KFM_HCM_TDU - 38E Cây Keo | B9: A108 | I9: KFM_HCM_TDU - 38E Cây Keo | J9: A108 | K9: SC007524 - Trần Tiến Thạnh | L9: Nguyễn Thị Cà | M9: HCM 026 | N9: Trần Tiến Thạnh
A10: KFM_HCM_Q07 - 106 Trần Trọng Cung | B10: A109 | I10: KFM_HCM_Q07 - 106 Trần Trọng Cung | J10: A109 | K10: SC002260 - Huỳnh Thị Tuyết Nhi | L10: Võ Thị Huệ | M10: HCM 002 | N10: Huỳnh Thị Tuyết Nhi
A11: KFM_HCM_Q10 - Jasmine 1 Hà Đô Centrosa | B11: A110 | I11: KFM_HCM_Q10 - Jasmine 1 Hà Đô Centrosa | J11: A110 | K11: SC002264 - Võ Thị Thùy Dương | L11: Võ Thị Huệ | M11: HCM 032 | N11: Võ Thị Thùy Dương
A12: KFM_HCM_TDU - BA-S03 New City | B12: A111 | I12: KFM_HCM_TDU - BA-S03 New City | J12: A111 | K12: SC002196 - Phạm Hữu Chương | L12: Nguyễn Thị Cà | M12: HCM 020 | N12: Phạm Hữu Chương
A13: KFM_HCM_Q1 - 93 Cô Giang | B13: A112 | I13: KFM_HCM_Q1 - 93 Cô Giang | J13: A112 | K13: SC002210 - Trương Công Nhật Tùng | L13: Võ Thị Huệ | M13: HCM 030 | N13: Trương Công Nhật Tùng
... A31: KFM_HCM_Q08 - B01.05 Dream Home Palace | B31: A131 | I31: KFM_HCM_Q08 - B01.05 Dream Home Palace | J31: A131 | K31: SC005255 - Hồng Trọng Nghĩa | L31: Võ Thị Huệ | M31: HCM 022 | N31: Hồng Trọng Nghĩa
A32: KFM_HCM_TDU - 136 Hiệp Bình | B32: A132 | F32: 03,08 BÁNH BỂ | I32: KFM_HCM_TDU - 136 Hiệp Bình | J32: A132 | K32: SC007524 - Trần Tiến Thạnh | L32: Nguyễn Thị Cà | M32: HCM 026 | N32: Trần Tiến Thạnh
A33: KFM_HCM_BCH - Block G Conic Skyway | B33: A133 | I33: KFM_HCM_BCH - Block G Conic Skyway | J33: A133 | K33: SC005255 - Hồng Trọng Nghĩa | L33: Võ Thị Huệ | M33: HCM 022 | N33: Hồng Trọng Nghĩa
A34: KFM_HCM_BTA - 4535 Nguyễn Cửu Phú | B34: A134 | I34: KFM_HCM_BTA - 4535 Nguyễn Cửu Phú | J34: A134 | K34: SC008805 - Nguyễn Thị Ngọc Giàu | L34: Võ Thị Huệ | M34: HCM 031 | N34: Nguyễn Thị Ngọc Giàu
A35: KFM_HCM_Q03 - 125 Nguyễn Phúc Nguyên | B35: A136 | I35: KFM_HCM_Q03 - 125 Nguyễn Phúc Nguyên | J35: A136 | K35: SC002264 - Võ Thị Thùy Dương | L35: Võ Thị Huệ | M35: HCM 032 | N35: Võ Thị Thùy Dương
A36: KFM_HCM_TDU - 60 Lương Định Của | B36: A137 | I36: KFM_HCM_TDU - 60 Lương Định Của | J36: A137 | K36: SC004524 - Trần Thanh Hiền | L36: Nguyễn Thị Cà | M36: HCM 019 | N36: Trần Thanh Hiền
A37: KFM_HCM_TBI - 48 Trần Văn Quang | B37: A138 | I37: KFM_HCM_TBI - 48 Trần Văn Quang | J37: A138 | K37: SC003733 - Trần Huỳnh Thơ | L37: Võ Thị Huệ | M37: HCM 013 | N37: Trần Huỳnh Thơ
A38: KFM_HCM_BTA - 197 Đường số 1 An Lạc | B38: A139 | I38: KFM_HCM_BTA - 197 Đường số 1 An Lạc | J38: A139 | K38: SC008805 - Nguyễn Thị Ngọc Giàu | L38: Võ Thị Huệ | M38: HCM 031 | N38: Nguyễn Thị Ngọc Giàu
A39: KFM_HCM_BCH - 68 Đường Số 1 Khu dân cư 6B Intresco | B39: A140 | I39: KFM_HCM_BCH - 68 Đường Số 1 Khu dân cư 6B Intresco | J39: A140 | K39: SC009565 - Cao Chánh Tuấn | L39: Võ Thị Huệ | M39: HCM 010 | N39: Cao Chánh Tuấn
A40: KFM_HCM_Q07 - X1.013 Sunrise City North | B40: A141 | I40: KFM_HCM_Q07 - X1.013 Sunrise City North | J40: A141 | K40: SC002210 - Trương Công Nhật Tùng | L40: Võ Thị Huệ | M40: HCM 030 | N40: Trương Công Nhật Tùng
A41: KFM_HCM_TPH - 83 Khuông Việt | B41: A143 | I41: KFM_HCM_TPH - 83 Khuông Việt | J41: A143 | K41: SC003733 - Trần Huỳnh Thơ | L41: Võ Thị Huệ | M41: HCM 013 | N41: Trần Huỳnh Thơ
A42: KFM_HCM_Q07 - A01-06 Hoàng Anh Thanh Bình | B42: A144 | F42: 03,08 BÁNH BỂ | I42: KFM_HCM_Q07 - A01-06 Hoàng Anh Thanh Bình | J42: A144 | K42: SC002220 - Nguyễn Thuỷ Tiên | L42: Võ Thị Huệ | M42: HCM 003 | N42: Nguyễn Thuỷ Tiên
A43: KFM_HCM_TPH - 379 Thạch Lam | B43: A145 | I43: KFM_HCM_TPH - 379 Thạch Lam | J43: A145 | K43: SC005375 - Trần Văn Hiếu | L43: Võ Thị Huệ | M43: HCM 014 | N43: Trần Văn Hiếu
A44: KFM_HCM_TBI - 108 Bùi Thị Xuân | B44: A146 | I44: KFM_HCM_TBI - 108 Bùi Thị Xuân | J44: A146 | K44: SC007426 - Trần Hữu Vinh | L44: Võ Thị Huệ | M44: HCM 015 | N44: Trần Hữu Vinh
A45: KFM_HCM_Q07 - 956 Huỳnh Tấn Phát | B45: A147 | I45: KFM_HCM_Q07 - 956 Huỳnh Tấn Phát | J45: A147 | K45: SC002206 - Hứa Thái Hiển | L45: Võ Thị Huệ | M45: HCM 023 | N45: Hứa Thái Hiển
A46: KFM_HCM_BTH - 127 Tân Cảng | B46: A148 | I46: KFM_HCM_BTH - 127 Tân Cảng | J46: A148 | K46: SC006139 - Võ Minh Đạt | L46: Nguyễn Thị Cà | M46: HCM 018 | N46: Võ Minh Đạt
A47: KFM_HCM_TPH - 50 Lương Minh Nguyệt | B47: A149 | I47: KFM_HCM_TPH - 50 Lương Minh Nguyệt | J47: A149 | K47: SC008805 - Nguyễn Thị Ngọc Giàu | L47: Võ Thị Huệ | M47: HCM 031 | N47: Nguyễn Thị Ngọc Giàu
A48: KFM_HCM_Q07 - A14 The Infinity Riviera Point | B48: A150 | I48: KFM_HCM_Q07 - A14 The Infinity Riviera Point | J48: A150 | K48: SC005141 - Phạm Duy | L48: Võ Thị Huệ | M48: HCM 024 | N48: Phạm Duy
A49: KFM_HCM_GVA - 20 Lê Đức Thọ | B49: A151 | I49: KFM_HCM_GVA - 20 Lê Đức Thọ | J49: A151 | K49: SC006437 - Lê Ngọc Thảo | L49: Nguyễn Thị Cà | M49: HCM 008 | N49: Lê Ngọc Thảo
A50: KFM_HCM_TDU - 299 Liên Phường | B50: A154 | I50: KFM_HCM_TDU - 299 Liên Phường | J50: A154 | K50: SC002130 - Nguyễn Văn Lâm | L50: Nguyễn Thị Cà | M50: HCM 007 | N50: Nguyễn Văn Lâm
A51: KFM_HCM_Q12 - 170 Nguyễn Thị Búp | B51: A155 | I51: KFM_HCM_Q12 - 170 Nguyễn Thị Búp | J51: A155 | K51: SC005218 - Đặng Đăng Khoa | L51: Nguyễn Thị Cà | M51: HCM 036 | N51: Đặng Đăng Khoa
A52: KFM_HCM_TDU - 101C Dương Đình Hội | B52: A156 | I52: KFM_HCM_TDU - 101C Dương Đình Hội | J52: A156 | K52: SC006728 - Nguyễn Đình Vũ | L52: Nguyễn Thị Cà | M52: HCM 006 | N52: Nguyễn Đình Vũ
A53: KFM_HCM_Q06 - B1.00.01 Him Lam Chợ Lớn | B53: A157 | I53: KFM_HCM_Q06 - B1.00.01 Him Lam Chợ Lớn | J53: A157 | K53: SC003242 - Võ Văn Phi Hùng | L53: Võ Thị Huệ | M53: HCM 029 | N53: Võ Văn Phi Hùng
A54: KFM_HCM_TDU - 10A Đường Số 20 Chung Cư Opal Garden | B54: A158
A55: KFM_HCM_TPH - 52 Thoại Ngọc Hầu | B55: A159 | I55: KFM_HCM_TPH - 52 Thoại Ngọc Hầu | J55: A159 | K55: SC005375 - Trần Văn Hiếu | L55: Võ Thị Huệ | M55: HCM 014 | N55: Trần Văn Hiếu
A56: KFM_HCM_Q06 - 145 Đường Số 23 Bình Phú | B56: A160 | I56: KFM_HCM_Q06 - 145 Đường Số 23 Bình Phú | J56: A160 | K56: SC003242 - Võ Văn Phi Hùng | L56: Võ Thị Huệ | M56: HCM 029 | N56: Võ Văn Phi Hùng
A57: KFM_HCM_NBE - A2.SH28-30 The Park Residence | B57: A161 | I57: KFM_HCM_NBE - A2.SH28-30 The Park Residence | J57: A161 | K57: SC003831 - Trần Kim Phụng | L57: Võ Thị Huệ | M57: HCM 004 | N57: Trần Kim Phụng
A58: KFM_HCM_TPH - S2.0.28 Block A6 Alnata Plus Celadon City | B58: A163 | I58: KFM_HCM_TPH - S2.0.28 Block A6 Alnata Plus Celadon City | J58: A163 | K58: SC013823 - Lê Văn Ninh | L58: Võ Thị Huệ | M58: HCM 012 | N58: Lê Văn Ninh
A59: KFM_BDU_DAN - B2.01.05 Tháp B Opal Boulevard | B59: A164 | I59: KFM_BDU_DAN - B2.01.05 Tháp B Opal Boulevard | J59: A164 | K59: SC011505 - Lê Ngọc Phát | L59: Nguyễn Thị Cà | M59: HCM 027 | N59: Lê Ngọc Phát
A60: KFM_HCM_Q07 - B1.01 Chung cư Golden Star | B60: A165 | I60: KFM_HCM_Q07 - B1.01 Chung cư Golden Star | J60: A165 | K60: SC002220 - Nguyễn Thuỷ Tiên | L60: Võ Thị Huệ | M60: HCM 003 | N60: Nguyễn Thuỷ Tiên
A61: KFM_HCM_Q07 - Block K Happy Valley | B61: A166 | I61: KFM_HCM_Q07 - Block K Happy Valley | J61: A166 | K61: SC005377 - Nguyễn Minh Thắng | L61: Võ Thị Huệ | M61: HCM 001 | N61: Nguyễn Minh Thắng
A62: KFM_HCM_TDU - TM1.15 Chung Cư 9 View | B62: A167 | I62: KFM_HCM_TDU - TM1.15 Chung Cư 9 View | J62: A167 | K62: SC006728 - Nguyễn Đình Vũ | L62: Nguyễn Thị Cà | M62: HCM 006 | N62: Nguyễn Đình Vũ
A63: KFM_HCM_TBI - Block A Chung Cư Phúc Yên 2 | B63: A169 | I63: KFM_HCM_TBI - Block A Chung Cư Phúc Yên 2 | J63: A169 | K63: SC008789 - Lê Huỳnh Thiện | L63: Nguyễn Thị Cà | M63: HCM 009 | N63: Lê Huỳnh Thiện
A64: KFM_HCM_TBI - 91 Nguyễn Phúc Chu | B64: A170 | I64: KFM_HCM_TBI - 91 Nguyễn Phúc Chu | J64: A170 | K64: SC008789 - Lê Huỳnh Thiện | L64: Nguyễn Thị Cà | M64: HCM 009 | N64: Lê Huỳnh Thiện
A65: KFM_HCM_Q08 - 819 Phạm Thế Hiển | B65: A171 | I65: KFM_HCM_Q08 - 819 Phạm Thế Hiển | J65: A171 | K65: SC009565 - Cao Chánh Tuấn | L65: Võ Thị Huệ | M65: HCM 010 | N65: Cao Chánh Tuấn
A66: KFM_HCM_TDU - 173 Lê Văn Chí | B66: A172
A67: KFM_HCM_Q03 - 116 Bàn Cờ | B67: A174 | I67: KFM_HCM_Q03 - 116 Bàn Cờ | J67: A174 | K67: SC002264 - Võ Thị Thùy Dương | L67: Võ Thị Huệ | M67: HCM 032 | N67: Võ Thị Thùy Dương
A68: KFM_HCM_PNH - GM-1.06 Golden Mansion | B68: A175 | I68: KFM_HCM_PNH - GM-1.06 Golden Mansion | J68: A175 | K68: SC006189 - Huỳnh Ngọc Phương | L68: Nguyễn Thị Cà | M68: HCM 033 | N68: Huỳnh Ngọc Phương
A69: KFM_HCM_NBE - A.1.05 Sunrise Riverside | B69: A176 | I69: KFM_HCM_NBE - A.1.05 Sunrise Riverside | J69: A176 | K69: SC003831 - Trần Kim Phụng | L69: Võ Thị Huệ | M69: HCM 004 | N69: Trần Kim Phụng
A70: KFM_HCM_Q07 - 1016/21 Chung Cư Sky Garden 2-R1-2 | B70: A177 | I70: KFM_HCM_Q07 - 1016/21 Chung Cư Sky Garden 2-R1-2 | J70: A177 | K70: SC005377 - Nguyễn Minh Thắng | L70: Võ Thị Huệ | M70: HCM 001 | N70: Nguyễn Minh Thắng
A71: KFM_HCM_NBE - G16 Celesta Rise | B71: A178 | I71: KFM_HCM_NBE - G16 Celesta Rise | J71: A178 | K71: SC003831 - Trần Kim Phụng | L71: Võ Thị Huệ | M71: HCM 004 | N71: Trần Kim Phụng
A72: KFM_HCM_TDU - A1.02 Him Lam Phú An | B72: A179 | I72: KFM_HCM_TDU - A1.02 Him Lam Phú An | J72: A179 | K72: SC004524 - Trần Thanh Hiền | L72: Nguyễn Thị Cà | M72: HCM 019 | N72: Trần Thanh Hiền
A73: KFM_HCM_TDU - B6-D.TMDV.02 Masteri Center Point | B73: A181 | I73: KFM_HCM_TDU - B6-D.TMDV.02 Masteri Center Point | J73: A181 | K73: SC008790 - Lê Thị Bích Liểu | L73: Nguyễn Thị Cà | M73: HCM 034 | N73: Lê Thị Bích Liểu
A74: KFM_HCM_TDU - S08.02 Vinhomes Grand Park | B74: A182 | I74: KFM_HCM_TDU - S08.02 Vinhomes Grand Park | J74: A182 | K74: SC002203 - Nguyễn Thị Ngọc Bích | L74: Nguyễn Thị Cà | M74: HCM 005 | N74: Nguyễn Thị Ngọc Bích
A75: KFM_HCM_TDU - 86C Đường 339 Phước Long | B75: A183 | I75: KFM_HCM_TDU - 86C Đường 339 Phước Long | J75: A183 | K75: SC006728 - Nguyễn Đình Vũ | L75: Nguyễn Thị Cà | M75: HCM 006 | N75: Nguyễn Đình Vũ
A76: KFM_HCM_BCH - L1.08 Saigon Mia | B76: A184 | I76: KFM_HCM_BCH - L1.08 Saigon Mia | J76: A184 | K76: SC002210 - Trương Công Nhật Tùng | L76: Võ Thị Huệ | M76: HCM 030 | N76: Trương Công Nhật Tùng
A77: KFM_HCM_TDU - BS15 Vinhomes Grand Park | B77: A185 | I77: KFM_HCM_TDU - BS15 Vinhomes Grand Park | J77: A185 | K77: SC002203 - Nguyễn Thị Ngọc Bích | L77: Nguyễn Thị Cà | M77: HCM 005 | N77: Nguyễn Thị Ngọc Bích
A78: KFM_HCM_TPH - H.38 Melody Residences Âu Cơ | B78: A186 | I78: KFM_HCM_TPH - H.38 Melody Residences Âu Cơ | J78: A186 | K78: SC002172 - Nguyễn Ngọc Thuỳ Dương | L78: Võ Thị Huệ | M78: HCM 028 | N78: Nguyễn Ngọc Thuỳ Dương
... A91: KFM_HCM_Q12 - H36 Khu Nhà Ở Thới An Đường Lê Thị Riêng | B91: A200 | I91: KFM_HCM_Q12 - H36 Khu Nhà Ở Thới An Đường Lê Thị Riêng | J91: A200 | K91: SC005218 - Đặng Đăng Khoa | L91: Nguyễn Thị Cà | M91: HCM 036 | N91: Đặng Đăng Khoa
A92: KFM_HCM_GVA - 32B Đường Số 1 An Hội Đông | B92: A201 | I92: KFM_HCM_GVA - 32B Đường Số 1 An Hội Đông | J92: A201
A93: KFM_HCM_BCH - 32A Đường Số 10 Bình Hưng | B93: A202 | I93: KFM_HCM_BCH - 32A Đường Số 10 Bình Hưng | J93: A202 | K93: SC005255 - Hồng Trọng Nghĩa | L93: Võ Thị Huệ | M93: HCM 022 | N93: Hồng Trọng Nghĩa
A94: KFM_HCM_Q12 - 135 Tân Thới Nhất 17 | B94: A203 | I94: KFM_HCM_Q12 - 135 Tân Thới Nhất 17 | J94: A203 | K94: SC005218 - Đặng Đăng Khoa | L94: Nguyễn Thị Cà | M94: HCM 036 | N94: Đặng Đăng Khoa
A95: KFM_HCM_TDU - 67A Nguyễn Duy Trinh Long Trường | B95: A204
A96: KFM_HCM_GVA - 81/2 Đường 59 An Hội Tây | B96: A205 | I96: KFM_HCM_GVA - 81/2 Đường 59 An Hội Tây | J96: A205 | K96: SC006437 - Lê Ngọc Thảo | L96: Nguyễn Thị Cà | M96: HCM 008 | N96: Lê Ngọc Thảo
A97: KFM_HCM_TDU - SH-1C 2 Đường A5 KDC Palm Residence | B97: A207 | I97: KFM_HCM_TDU - SH-1C 2 Đường A5 KDC Palm Residence | J97: A207 | K97: SC010667 - Đào Hồng Hiện | L97: Nguyễn Thị Cà | M97: HCM 035 | N97: Đào Hồng Hiện
A98: KFM_BDU_DAN - 145B Lê Trọng Tấn | B98: A209
A99: KFM_HCM_TBI - 289 Hồng Lạc | B99: A210 | I99: KFM_HCM_TBI - 289 Hồng Lạc | J99: A210
A100: KFM_HCM_TDU - 146 Đường D1 Phước Long | B100: A212 | I100: KFM_HCM_TDU - 146 Đường D1 Phước Long | J100: A212 | K100: SC002130 - Nguyễn Văn Lâm | L100: Nguyễn Thị Cà | M100: HCM 007 | N100: Nguyễn Văn Lâm
A101: KFM_BDU_TAN - 13 Vĩnh Phú 41 | B101: A214 | I101: KFM_BDU_TAN - 13 Vĩnh Phú 41 | J101: A214
A102: KFM_HCM_Q05 - 87 Nguyễn Duy Dương | B102: A218
A103: KFM_HCM_Q07 - 116 Đường Số 8 KDC Nam Long | B103: A220
A104: KFM_HCM_BTA - 235 Đường Số 6 An Lạc | B104: A221
A105: KFM_HCM_PNH - 29 Đặng Văn Ngữ | B105: A223 | I105: KFM_HCM_PNH - 29 Đặng Văn Ngữ | J105: A223
A106: KFM_HCM_GVA - 8 Nguyễn Văn Dung | B106: A224 | I106: KFM_HCM_GVA - 8 Nguyễn Văn Dung | J106: A224
A107: KFM_HCM_TDU - 96K Đường Số 12 Tam Bình | B107: A225 | I107: KFM_HCM_TDU - 96K Đường Số 12 Tam Bình | J107: A225
A108: KFM_HCM_Q08 - A0.03 Conic Riverside | B108: A234 | I108: KFM_HCM_Q08 - A0.03 Conic Riverside | J108: A234
A109: KFM_HCM_TBI - 44 Thăng Long | B109: A235 | I109: KFM_HCM_TBI - 44 Thăng Long | J109: A235
A110: KFM_HCM_TDU - 0.01 Chung cư An Cư An Phú | B110: ACU | I110: KFM_HCM_TDU - 0.01 Chung cư An Cư An Phú | J110: ACU | K110: SC006139 - Võ Minh Đạt | L110: Nguyễn Thị Cà | M110: HCM 018 | N110: Võ Minh Đạt
A111: KFM_HCM_BTA - AK4 Akari City | B111: AKR | I111: KFM_HCM_BTA - AK4 Akari City | J111: AKR | K111: SC003943 - Lâm Văn Tú | L111: Võ Thị Huệ | M111: HCM 011 | N111: Lâm Văn Tú
A112: KFM_HCM_TDU - SAV_04-00.03 The Sun Avenue | B112: AV4 | I112: KFM_HCM_TDU - SAV_04-00.03 The Sun Avenue | J112: AV4 | K112: SC002196 - Phạm Hữu Chương | L112: Nguyễn Thị Cà | M112: HCM 020 | N112: Phạm Hữu Chương
A113: KFM_BDU_DAN - SH01 BCons Garden | B113: BCG | I113: KFM_BDU_DAN - SH01 BCons Garden | J113: BCG | K113: SC008806 - Nguyễn Bữu Trùng Dương | L113: Nguyễn Thị Cà | M113: HCM 017 | N113: Nguyễn Bữu Trùng Dương
A114: KFM_HCM_BTH - 107 Bình Quới | B114: BQI | I114: KFM_HCM_BTH - 107 Bình Quới | J114: BQI | K114: SC009915 - Đoàn Ngọc Thịnh | L114: Nguyễn Thị Cà | M114: HCM 025 | N114: Đoàn Ngọc Thịnh
A115: KFM_HCM_BTA - 66/70 Bình Thành | B115: BTH | I115: KFM_HCM_BTA - 66/70 Bình Thành | J115: BTH | K115: SC013823 - Lê Văn Ninh | L115: Võ Thị Huệ | M115: HCM 012 | N115: Lê Văn Ninh
A116: KFM_HCM_Q07 - 43 Bùi Văn Ba | B116: BVB | I116: KFM_HCM_Q07 - 43 Bùi Văn Ba | J116: BVB | K116: SC002260 - Huỳnh Thị Tuyết Nhi | L116: Võ Thị Huệ | M116: HCM 002 | N116: Huỳnh Thị Tuyết Nhi
A117: KFM_BDU_DAN - S01.11 Block A1 Charm Sapphire | B117: CHR | I117: KFM_BDU_DAN - S01.11 Block A1 Charm Sapphire | J117: CHR | K117: SC008806 - Nguyễn Bữu Trùng Dương | L117: Nguyễn Thị Cà | M117: HCM 017 | N117: Nguyễn Bữu Trùng Dương
A118: KFM_HCM_TPH - 85 Cây Keo | B118: CKO | F118: 03,08 DC DÁN SAI TEM | I118: KFM_HCM_TPH - 85 Cây Keo | J118: CKO | K118: SC005375 - Trần Văn Hiếu | L118: Võ Thị Huệ | M118: HCM 014 | N118: Trần Văn Hiếu
A119: KFM_HCM_TPH - S1.0.38 Block A5 Diamond Celadon City | B119: CLD | I119: KFM_HCM_TPH - S1.0.38 Block A5 Diamond Celadon City | J119: CLD | K119: SC013823 - Lê Văn Ninh | L119: Võ Thị Huệ | M119: HCM 012 | N119: Lê Văn Ninh
A120: KFM_HCM_TBI - 64A Cửu Long | B120: CLG | I120: KFM_HCM_TBI - 64A Cửu Long | J120: CLG | K120: SC006189 - Huỳnh Ngọc Phương | L120: Nguyễn Thị Cà | M120: HCM 033 | N120: Huỳnh Ngọc Phương
A121: KFM_HCM_Q06 - 126 Chợ Lớn | B121: CLN | I121: KFM_HCM_Q06 - 126 Chợ Lớn | J121: CLN | K121: SC003242 - Võ Văn Phi Hùng | L121: Võ Thị Huệ | M121: HCM 029 | N121: Võ Văn Phi Hùng
A122: KFM_HCM_TPH - 48 CN1 | B122: CN1 | I122: KFM_HCM_TPH - 48 CN1 | J122: CN1 | K122: SC013823 - Lê Văn Ninh | L122: Võ Thị Huệ | M122: HCM 012 | N122: Lê Văn Ninh
A123: KFM_HCM_TDU - TMDV Citihome Cát Lái | B123: CTH | I123: KFM_HCM_TDU - TMDV Citihome Cát Lái | J123: CTH | K123: SC002196 - Phạm Hữu Chương | L123: Nguyễn Thị Cà | M123: HCM 020 | N123: Phạm Hữu Chương
A124: KFM_HCM_Q7 - 01 Đường Số 10 Tân Kiểng | B124: D10 | I124: KFM_HCM_Q7 - 01 Đường Số 10 Tân Kiểng | J124: D10 | K124: SC002220 - Nguyễn Thuỷ Tiên | L124: Võ Thị Huệ | M124: HCM 003 | N124: Nguyễn Thuỷ Tiên
A125: KFM_HCM_Q08 - Block C Diamond Riverside | B125: DMR | I125: KFM_HCM_Q08 - Block C Diamond Riverside | J125: DMR | K125: SC003943 - Lâm Văn Tú | L125: Võ Thị Huệ | M125: HCM 011 | N125: Lâm Văn Tú
A126: KFM_HCM_GVA - 372 Dương Quảng Hàm | B126: DQH | I126: KFM_HCM_GVA - 372 Dương Quảng Hàm | J126: DQH | K126: SC006189 - Huỳnh Ngọc Phương | L126: Nguyễn Thị Cà | M126: HCM 033 | N126: Huỳnh Ngọc Phương
A127: KFM_HCM_TDU - 63 Đường Số 3 | B127: DS3 | I127: KFM_HCM_TDU - 63 Đường Số 3 | J127: DS3 | K127: SC006139 - Võ Minh Đạt | L127: Nguyễn Thị Cà | M127: HCM 018 | N127: Võ Minh Đạt
A128: KFM_HCM_BTA - 99 Đường Số 7 | B128: DS7 | I128: KFM_HCM_BTA - 99 Đường Số 7 | J128: DS7 | K128: SC008805 - Nguyễn Thị Ngọc Giàu | L128: Võ Thị Huệ | M128: HCM 031 | N128: Nguyễn Thị Ngọc Giàu
A129: KFM_HCM_TDU - 539 Đỗ Xuân Hợp | B129: DXH | I129: KFM_HCM_TDU - 539 Đỗ Xuân Hợp | J129: DXH | K129: SC006728 - Nguyễn Đình Vũ | L129: Nguyễn Thị Cà | M129: HCM 006 | N129: Nguyễn Đình Vũ
...

Sheet Sheet18
A1: Note | M1: NHÁP LY
A2: Data | B2: 1, Tải: Hada-> Vận hành-> Chuyển hàng-> DS chuyến xe-> Lọc: Ngày, nơi chuyển, nơi nhận, PT thùng rổ: Không, Người tạo (nếu cần)-> Xuất file chi tiết | D2: 8938525767042 | E2: VIETRAT-RAU MUỐNG BABY HỮU CƠ 300G | F2: GÓI | G2: 9
B3: 2, Lọc cột Đã nhận hàng: Có, Chênh lệch: SL>0 | D3: 8936137050019 | E3: GFOOD - TRỨNG GÀ TƯƠI PREMIUM SIZE 52G-58G (HỘP 10 QUẢ) | F3: HỘP | G3: 12
B4: 3, Copy dán lên file các cột: Chi nhánh nhận, mã hàng, tên hàng, ĐVT, SL chuyển, SL nhận, Mã PT chuyển hàng | D4: 8938513029442 | E4: TAFA - TRỨNG GÀ SẠCH PRO HỘP 10 QUẢ (65G ± 2G) | F4: HÔP | G4: 16
B5: 4, Điền cột ngày: tháng/ngày/năm | D5: 11375 | E5: RAU BỒ NGÓT VIETGAP 300G | F5: GÓI | G5: 6
B6: 5, Hao hụt | C6: Loại hàng: kg | D6: 11047 | E6: LÁ HƯƠNG THẢO 15G | F6: GÓI | G6: 1
C7: % hao hụt: Điều kiện<10% | D7: 1101062 | E7: CHUỐI LABA ĐÀ LẠT | F7: KG | G7: 46183
C8: SL cột SL chênh lệch ĐXL (Cột N)=> ctrl+shift+V vào cột Hạo hụt tự nhiên (Cột L) | D8: 11643 | E8: BÔNG CẢI XANH ĐÀ LẠT GLOBAL GAP 350G | F8: PACK | G8: 4
C9: Lỗi: Hao hụt, Nơi nhận: hao hụt, Trạng thái: hoàn thành
B10: 6, Tải file lên drive: https://drive,google,com/drive/folders/1emYLWgZEaAMPaC3gwasF5b5gERR7mvQC
A11: Điều chuyển:
B12: 1, Check Trip: Hada=> vận hành=> Chuyển hàng=> DS chuyến xe=> Lọc ngày, nơi chuyển, nơi nhận
B13: 2, Check tem trên rổ hàng dư: Nhờ ST nhận dư hàng chụp tem trên rổ, ngày D-1
B14: 3, Check ST thiếu hàng: check trên data chênh lệch
B15: 4, Check map: Xa/gần?
B16: 5, ST bán tốt, có thể hỗ trợ:
C17: Tân Phú
C18: Q10
C19: Q7
C20: Nhà bè
C21: Bình Dương
C22: Q8
C23: Thủ Đức- Q9- Võ Chí Công
C24: Thủ Đức- Q2- Mai Chí Thọ
C25: Thủ Đức- Thử Đức (Phạm Văn Đồng)
B26: 6, Thương thảo với ST=> Hỗ trợ/ Điều chuyển
B27: 7, Báo lên gr IC thông tin điều chuyển
B28: 8, Tạo phiếu điều chuyển/dư/bs
A29: Rút Tồn
B30: Trứng bể | C30: Rút về KRC chờ xử lý- KRW
C31: Check kèm group: CATE TRỨNG - MD
C32: SL nhiều=> Rút về KRC chờ xử lý=> cắt cam xuống hàng + kiểm hàng, báo IC=> bấm bill/rút về DC
C33: Lưu ý: Rút về KRC note phiếu lên sheet: NCC/PT Rút tồn, note thông tin các cột: J,K,L,M
B34: Rau củ quả XCL | C34: Rút về KRC chênh lệch chuyển hàng-KRCCLCH
C35: Áp dụng:
A38: Check thiếu kiện
A39: Nhận phiếu từ ST => KRC chờ xử lý
A40: Nhận phiếu từ ST => KRCCLCH
A42: Check thông tin hàng dư trên phiếu PT

Sheet NCCPT rút tồn
A1: Tên NCC con | B1: Tên sản phẩm | C1: Đơn vị | D1: Barcode | E1: Nơi chuyển | F1: Giá trị trọng lượng / thể tích | G1: Đơn vị trọng lượng / thể tích | H1: PO nhập | J1: PT rút tồn về KRC | O1: Danh sách hàng cần follow rút tồn | Y1: PT rút tồn về KRCCLCH
A2: MINH PHƯƠNG | B2: BƯỞI DIỄN | C2: QUẢ | D2: 10041 | E2: KHO RAU CỦ | F2: 800 | G2: g | H2: Trước | J2: Mã PT | K2: ST | L2: Note | M2: DC xác nhận | O2: ID ST | P2: Mã hàng | Q2: Tên hàng | R2: SL | S2: Ngày nhận dư | T2: HSD | U2: Ngày rút tồn | V2: PT hàng dư | W2: Note | Y2: Mã PT | Z2: ST | AA2: Note
A3: HOPE LAND VIET NAM | B3: CẢI XANH HƯỚNG HỮU CƠ 300G | C3: GÓI | D3: 10078 | E3: KHO RAU CỦ | F3: 250 | G3: g | H3: Trước | J3: PT1050952 | K3: A139 | L3: Hàng dư 15,01- write-off | O3: VLA | P3: 8938525767103 | Q3: VIETRAT-HÚNG QUẾ HỮU CƠ 50G | R3: 2 | S3: 46065 | T3: 2 Ngày | U3: 46065 | V3: PT1101430 | W3: ST chưa cân tồn-> chưa rút đc | Y3: PT1094326 | Z3: NTN | AA3: 07,02 ST không nhận dư chuối và dưa hấu, nhân viên báo sai thông tin
A4: TRẦN LÊ ÁNH THI | B4: HỒNG TREO GIÓ HỘP 500G | C4: HỘP | D4: 10096 | E4: KHO RAU CỦ | F4: 500 | G4: g | H4: Trước | J4: PT1050558 | K4: NVT | L4: 12,01 Hàng dư ngoài PT gốc- Write off | O4: A117 | P4: 8938528582499 | Q4: NGỌC TÚ - BÁNH Ú BÁT BỬU CHAY 135G | R4: 9 | S4: 26.02 | T4: 30 ngày | U4: 46105 | V4: PT1123703 | Y4: PT1094661 | Z4: A141 | AA4: 06,02 Hàng chia dư, ST không kinh doanh, Wrrite-off
A5: ÁNH DƯƠNG LÂM ĐỒNG | B5: TÁO BOM NINH THUẬN HỘP 1KG | C5: HỘP | D5: 10248 | E5: KHO RAU CỦ | F5: 1000 | G5: g | H5: Trước | J5: PT1054753 | K5: EH3 | L5: 23,01 ST thao sác sai, thực tế 23, nhận trên PT1053773 SL24=> rút tồn 1 (kho đã xác nhận) | M5: Đồng ý | O5: BVB | P5: 10968 | Q5: CHUỐI SỨ ( NHÁNH) | R5: 2 | S5: 46084 | T5: 30 Ngày | U5: 46114 | V5: PT1135325 | Y5: PT1097137 | Z5: Q7R | AA5: 10,02 Dưa hấu bể khi nhận hàng
A6: HOPE LAND VIET NAM | B6: ĐẬU COVE GIỐNG NHẬT HƯỚNG HỮU CƠ 250G | C6: GÓI | D6: 10249 | E6: KHO RAU CỦ | F6: 250 | G6: g | H6: Trước | J6: PT1044166 | K6: PHL | L6: 16,01 - ST thao tác sai, trả tồn kho (Kho đã xác nhận) | M6: Đồng ý | O6: A117 | P6: 10827 | Q6: KHOAI LANG HẠT DẺ BABY 1KG | R6: 5 | S6: 46087 | T6: 15 Ngày | U6: 46103 | V6: PT1143369 | Y6: PT1097139 | Z6: A106 | AA6: 10,02 Dưa hấu bể khi nhận hàng
A7: HOÀNG HÀ FRUITS | B7: NHÃN XUỒNG CƠM VÀNG 500G | C7: HỘP | D7: 10351 | E7: KHO RAU CỦ | F7: 500 | G7: g | H7: Trước | J7: PT1043832 | K7: DXH | L7: 18,01 ST thao tác sai, nhận dư 10=> rút tồn ST (kho đã xác nhận) | M7: Đồng ý | O7: A133 | P7: 10514 | Q7: BƯỞI DA XANH LÃO ( QUẢ ) | R7: 4 | S7: 46089 | T7: 30 Ngày | U7: 46121 | V7: PT1147856 | Y7: PT1097144 | Z7: A128 | AA7: 08,02 Dưa hấu bể khi nhận hàng=> ST nhận 0, Md hỗ trợ
A8: LANGBIANG | B8: XÀ LÁCH LÔ LÔ XANH THUỶ CANH VIETGAP 200G | C8: GÓI | D8: 10354 | E8: KHO RAU CỦ | F8: 200 | G8: g | H8: Sau | J8: PT1035147 | K8: LVY | L8: 14,01 ST thao tác sai, nhận dư 8 cặp bắp mỹ=> rút tồn ST | O8: LVH | P8: 8938528582543 | Q8: NGỌC TÚ - BÁNH LÁ DỪA NHÂN ĐẬU 75G | R8: 20 | S8: 46092 | T8: 30 ngày | U8: 46122 | Y8: PT1097157 | Z8: ECG | AA8: 08,02 Dưa hấu bể khi nhận hàng
A9: PHONG THUÝ | B9: XÀ LÁCH LÔ LÔ XANH THUỶ CANH VIETGAP 200G | C9: GÓI | D9: 10354 | E9: KHO RAU CỦ | F9: 200 | G9: g | H9: Sau | J9: PT1029305 | K9: LVY | L9: 11,01 Hàng kho chia dư-> trả tồn kho | M9: Đồng ý | O9: MZK | P9: 8936064240316 | Q9: QL - TRỨNG GÀ TƯƠI OMEGA &DHA SIZE 60G (HỘP 6 QUẢ) | R9: 6 | S9: 46096 | T9: 14 Ngày | U9: 46110 | Y9: PT1097159 | Z9: BQI | AA9: 08,02 Dưa hấu bể khi nhận hàng
A10: ĐÀ LẠT G,A,P, - DA LAT | B10: XÀ LÁCH LÔ LÔ XANH THUỶ CANH VIETGAP 200G | C10: GÓI | D10: 10354 | E10: KHO RAU CỦ | F10: 200 | G10: g | H10: Trước | J10: PT1059936 | K10: A124 | L10: 17,01 ST thao tác sai, nhận dư 4kg=> trả tồn kho (kho đã xác nhận) | M10: Đồng ý | O10: TVK | P10: 10968 | Q10: CHUỐI SỨ ( NHÁNH) | R10: 2 | S10: 46096 | T10: 30 Ngày | U10: 46126 | V10: PT1164597 | Y10: PT1099643 | Z10: A128 | AA10: 11,02 Dừa bể khi nhận hàng
A11: LANGBIANG | B11: XÀ LÁCH MỠ THUỶ CANH | C11: GÓI | D11: 10355 | E11: KHO RAU CỦ | F11: 200 | G11: g | H11: Sau | J11: PT1061671 | K11: HPD | L11: 26,01 - Claim DC - Bánh ướt trong thùng | M11: Đồng ý | O11: OPS | P11: 10911 | Q11: Cà chua | R11: 7 | S11: 46098 | T11: 7 ngày | U11: 46104 | Y11: PT1102154 | Z11: A106 | AA11: 09,02 Hàng chia dư, ST không kinh daonh, Write-off
A12: ĐÀ LẠT G,A,P, - DA LAT | B12: XÀ LÁCH THUỶ TINH THUỶ CANH 200G UP | C12: GÓI | D12: 10356 | E12: KHO RAU CỦ | F12: 200 | G12: g | H12: Trước | J12: PT1062052 | K12: A141 | L12: 25,01 Hàng chia dư, ST bán không hết- (Kho đã xác nhận) | M12: Đồng ý | O12: TVK | P12: 10463 | Q12: dưa leo | S12: 46098 | Y12: PT1105035 | Z12: A109 | AA12: 10,02 Hàng chia dư, ST không kinh daonh, Write-off
A13: HOPE LAND VIET NAM | B13: ĐẬU BẮP GIỐNG NHẬT HƯỚNG HỮU CƠ 250G | C13: VỈ | D13: 10385 | E13: KHO RAU CỦ | F13: 250 | G13: g | H13: Trước | J13: PT1069494 | K13: VTG | L13: 23,01 ST thao tác sai, không có hàng (Kho xác nhận claim) | M13: Đồng ý | O13: NTO | Q13: Củ dền | S13: 46099 | T13: 10 ngày | U13: 46108 | Y13: PT1110431 | Z13: NVD | AA13: 10,02 Hàng chia dư, ST không kinh daonh, Write-off
A14: ĐỨC TÀI | B14: SAPOCHE 800G UP | C14: VỈ | D14: 10457 | E14: KHO RAU CỦ | F14: 500 | G14: g | H14: Trước | J14: PT1076988 | K14: LVY | L14: Ngày 1/2 kho giao dư ( kho xác nhận rút tồn ) | M14: Đồng ý | O14: OPS | Q14: hẹ lá | S14: 46101 | T14: 2 ngày
A15: LIÊN KHƯƠNG | B15: HÀNH TÂY ĐÀ LẠT SIZE LỚN VIETGAP 500G | C15: TÚI | D15: 10462 | E15: KHO RAU CỦ | F15: 500 | G15: g | H15: Trước | J15: PT1078147 | K15: A115 | L15: 02,02 ST thao tác sai, thực tế SL2, nhận phiếu 3=> rút tồn 1 (kho xác nhận claim) | M15: Đồng ý | Q15: Bông cải xanh | S15: 46101 | T15: 7 ngày
A16: TRƯỜNG PHÁT ĐÀ LẠT | B16: DƯA LEO BABY ĐÀ LẠT VIETGAP 500G | C16: VỈ | D16: 10463 | E16: KHO RAU CỦ | F16: 500 | G16: g | H16: Sau | J16: PT1078241 | K16: Vh2 | L16: 16,01 ST không có hàng dư (ST báo sai thông tin=> rút tồn) | O16: A117 | S16: 46101
A17: PHONG THUÝ | B17: DƯA LEO BABY ĐÀ LẠT VIETGAP 500G | C17: VỈ | D17: 10463 | E17: KHO RAU CỦ | F17: 500 | G17: g | H17: Sau | J17: PT1082933 | K17: A139 | L17: 15,01 kho chia dư, mã không kinh doanh, write-off | O17: HHT | P17: 10904 | Q17: Rau dền | R17: 8 | S17: 46101 | T17: 2 ngày
A18: LIÊN KHƯƠNG | B18: DƯA LEO BABY ĐÀ LẠT VIETGAP 500G | C18: VỈ | D18: 10463 | E18: KHO RAU CỦ | F18: 500 | G18: g | H18: Trước | J18: PT1082961 | K18: A126 | L18: 01,02 kho chia dư, mã không kinh doanh, write-off | O18: NDH | P18: 10704 | Q18: Tần ô | R18: 15 | S18: 46101 | T18: 2 ngày
A19: PHONG THUÝ | B19: CẦN TÂY ĐÀ LẠT 500G | C19: GÓI | D19: 10464 | E19: KHO RAU CỦ | F19: 500 | G19: g | H19: Sau | J19: PT1082975 | K19: SCV | L19: 23,01 kho chia dư, mã không kinh doanh, write-off | O19: NVK | P19: 1101404 | Q19: Củ dền | R19: 1 | S19: 46104 | T19: 10 Ngày
O20: CHR | P20: 11127 | Q20: Bí đao | R20: 20
A21: TRƯỜNG PHÁT ĐÀ LẠT | B21: CẢI BÓ XÔI ĐÀ LẠT 300G | C21: GÓI | D21: 10465 | E21: KHO RAU CỦ | F21: 300 | G21: g | H21: Sau | J21: PT1083095 | K21: A138 | L21: 31,01 kho chia dư, hàng không king doanh, Wrrite-off
A22: PHONG THUÝ | B22: CẢI BÓ XÔI ĐÀ LẠT 300G | C22: GÓI | D22: 10465 | E22: KHO RAU CỦ | F22: 300 | G22: g | H22: Sau | J22: PT1053484 | K22: Q7R | L22: Bánh chưng chuột cắn/Trả về kho RAU - CHỜ XỬ LÝ (Kho đã xác nhận) | M22: Đồng ý
A23: TRƯỜNG PHÁT ĐÀ LẠT | B23: CÀ CHUA TRỨNG VIETGAP VỈ 400G | C23: VỈ | D23: 10466 | E23: KHO RAU CỦ | F23: 400 | G23: g | H23: Sau | J23: PT1085225 | K23: HHM | L23: 05,02 Hàng XCL khi nhận hàng (Kho xác nhận rút tồn) | M23: Đồng ý
A24: PHONG THUÝ | B24: CÀ CHUA TRỨNG VIETGAP VỈ 400G | C24: VỈ | D24: 10466 | E24: KHO RAU CỦ | F24: 400 | G24: g | H24: Sau | J24: PT1087456 | K24: A117 | L24: 04,02, hàng chia dư (kho xác nhận claim) | M24: Đồng ý
A25: LIÊN KHƯƠNG | B25: CÀ CHUA TRỨNG VIETGAP VỈ 400G | C25: VỈ | D25: 10466 | E25: KHO RAU CỦ | F25: 400 | G25: g | H25: Trước | J25: PT1087460 | K25: A116 | L25: 05,02 ST báo sai thông tin, không có hàng
A26: LIÊN KHƯƠNG | B26: KHOAI TÂY ĐÀ LẠT VIETGAP 500G | C26: TÚI | D26: 10470 | E26: KHO RAU CỦ | F26: 500 | G26: g | H26: Trước | J26: PT1090410 | K26: VLA | L26: 06,02 Hàng kho chia dư(Kho xác nhận rút tồn) | M26: Đồng ý
A27: Hiền Thi | B27: KHOAI TÂY ĐÀ LẠT VIETGAP 500G | C27: TÚI | D27: 10470 | E27: KHO RAU CỦ | F27: 500 | G27: g | H27: Trước | J27: PT1090599 | K27: A126 | L27: 01,02 Hàng chia dư, ST không kinh doanh- Write-off
A28: TRƯỜNG PHÁT ĐÀ LẠT | B28: HẸ LÁ VIETGAP 100G | C28: VỈ | D28: 10488 | E28: KHO RAU CỦ | F28: 100 | G28: g | H28: Sau | J28: PT1090600 | K28: A138 | L28: 31,01 Hàng chia dư, ST không kinh doanh, Write-off
A29: TRƯỜNG AN-RAU | B29: CẶP BẮP GIỐNG MỸ | C29: CẶP | D29: 10511 | E29: KHO RAU CỦ | F29: 500 | G29: g | H29: Sau | J29: PT1090603 | K29: A138 | L29: 03,02 Hàng chia dư, ST không kinh doanh, Wrrite-off
A30: LÝ SƠN JSC | B30: CẶP BẮP GIỐNG MỸ | C30: CẶP | D30: 10511 | E30: KHO RAU CỦ | F30: 500 | G30: g | H30: Sau | J30: PT1092660 | K30: A132 | L30: 05,02 Hàng chia dư, ST không kinh doanh, Wrrite-off
A31: LIÊN KHƯƠNG | B31: CẶP BẮP GIỐNG MỸ | C31: CẶP | D31: 10511 | E31: KHO RAU CỦ | F31: 500 | G31: g | H31: Trước | J31: PT1094057 | K31: VTG | L31: 05,02 ST thao tác sai, không có hàng thực tế, kho xác nhận rút tồn | M31: Đồng ý
A32: FRUIT REPUBLIC - CẦN THƠ | B32: BƯỞI DA XANH LÃO ( QUẢ ) | C32: QUẢ | D32: 10514 | E32: KHO RAU CỦ | F32: 1000 | G32: quả | H32: Trước | J32: PT1094657 | K32: NVD | L32: 01,02 ST thực nhận 37 (PT gốc: 40, PT bs: 7)- kho xác nhận rút tồn SL:10 | M32: Đồng ý
A33: CÔNG TY TNHH DỪA NĂNG LƯỢNG | B33: COMBO 5 - DỪA XIÊM XANH | C33: COMBO | D33: 10559 | E33: KHO RAU CỦ | F33: 1500 | G33: g | H33: Trước | J33: PT1098664 | K33: Q7R | L33: 11,02 - Sản phẩm chuột cắn - kho xác nhận claim | M33: Đồng ý
A34: COCO PRODUCE | B34: COMBO 5 - DỪA XIÊM XANH | C34: COMBO | D34: 10559 | E34: KHO RAU CỦ | F34: 1500 | G34: g | H34: Trước | J34: PT1102145 | K34: A117 | L34: 11,02 Hàng chia dư, kho xác nhận rút tồn | M34: Đồng ý
A35: HOÀNG HÀ FRUITS | B35: CHÔM CHÔM NHÃN 500G | C35: VỈ | D35: 10560 | E35: KHO RAU CỦ | F35: 500 | G35: g | H35: Trước | J35: PT1104981 | K35: PHL | L35: 06,02 - ST thao tác sai - thực tế không có hàng - kho xác nhận | M35: Đồng ý
A36: PHONG THUÝ | B36: HÀNH TÂY ĐÀ LẠT SIZE LỚN VIETGAP 300G | C36: GÓI | D36: 10616 | E36: KHO RAU CỦ | F36: 300 | G36: g | H36: Sau | J36: PT1110417 | K36: A117 | L36: 31,01 Kho chia dư, Kho xác nhận rút tồn | M36: Đồng ý
A37: TRƯỜNG PHÁT ĐÀ LẠT | B37: HÀNH PARO VIETGAP 200G | C37: GÓI | D37: 10651 | E37: KHO RAU CỦ | F37: 200 | G37: g | H37: Sau | J37: PT1110506 | K37: A125 | L37: 13,-2 PT chia dưa hấu dư, kho xác nhận rút tồn | M37: Đồng ý
A38: PHONG THUÝ | B38: HÀNH PARO VIETGAP 200G | C38: GÓI | D38: 10651 | E38: KHO RAU CỦ | F38: 200 | G38: g | H38: Sau | J38: PT1112635 | K38: ACU | L38: 16,02 Không có hàng, ST thao tác sai, kho xác nhận rút tồn | M38: Đồng ý
A39: VIỆT F,A,R,M | B39: HÀNH PARO VIETGAP 200G | C39: GÓI | D39: 10651 | E39: KHO RAU CỦ | F39: 200 | G39: g | H39: Trước | J39: PT1114524 | K39: KRCXLCL | L39: 15,02 Hàng giao không đảm bảo chất lượng (dính đất), kho xác nhận claim (ST VH3) | M39: Đồng ý
A40: ANT FARM | B40: KHOAI LANG HẠT DẺ TÚI 1KG | C40: TÚI | D40: 10659 | E40: KHO RAU CỦ | F40: 1000 | G40: g | H40: Trước | J40: PT1114540 | K40: VH3 | L40: 15,02 Hàng giao không đảm bảo chất lượng (dính đất), kho xác nhận claim (ST VH3) | M40: Đồng ý
A41: TRƯỜNG PHÁT MIỀN TÂY | B41: TRƯỜNG PHÁT - LÁ É 200G | C41: GÓI | D41: 10685 | E41: KHO RAU CỦ | F41: 200 | G41: g | H41: Sau | J41: PT1117497 | K41: A114 | L41: 15,02 Trứng bể khi nhận hàng, kho xác nhận rút tồn | M41: Đồng ý
A42: PHONG THUÝ | B42: PTFARM - ỚT SỪNG XANH VIETGAP 100G | C42: GÓI | D42: 10689 | E42: KHO RAU CỦ | F42: 100 | G42: g | H42: Sau | J42: PT1115877 | K42: A109 | L42: 14/02 Hàng chia dư, kho xác nhận rút tồn | M42: Đồng ý
... A174: HỒNG CÚC | B174: MẬN ĐÁ ĐƯỜNG | C174: KG | D174: 1102035 | E174: KHO RAU CỦ | F174: 1000 | G174: g | H174: Trước | J174: PT1602098 | K174: A192 | L174: 31,07 ST thao tác sai, Kho xác nhận rút tồn | M174: Đồng ý
A175: HOÀNG HÀ FRUITS | B175: MẬN ĐÁ ĐƯỜNG | C175: KG | D175: 1102035 | E175: KHO RAU CỦ | F175: 1000 | G175: g | H175: Trước
A176: PHONG THUÝ | B176: DƯA LEO GIỐNG NHẬT / HÀ LAN 450G UP | C176: PHẦN | D176: 11021 | E176: KHO RAU CỦ | F176: 450 | G176: g | H176: Sau
A177: VIỆT F,A,R,M | B177: BÍ HẠT ĐẬU GLOBAL GAP | C177: KG | D177: 1102194 | E177: KHO RAU CỦ | F177: 1000 | G177: g | H177: Trước
A178: MINH PHƯƠNG | B178: CAM SÀNH (KG) | C178: KG | D178: 1102196 | E178: KHO RAU CỦ | F178: 1000 | G178: g | H178: Trước
A179: CỬU LONG-TRÁI CÂY | B179: CAM SÀNH (KG) | C179: KG | D179: 1102196 | E179: KHO RAU CỦ | F179: 1000 | G179: g | H179: Trước
A180: ĐỨC TÀI | B180: CAM SÀNH (KG) | C180: KG | D180: 1102196 | E180: KHO RAU CỦ | F180: 1000 | G180: g | H180: Trước
A181: DALAT GAP - MIEN TAY | B181: LÁ VỪNG (LÁ MÈ) GLOBAL GAP 50G | C181: GÓI | D181: 11024 | E181: KHO RAU CỦ | F181: 50 | G181: g | H181: Trước
A182: TRƯỜNG PHÁT ĐÀ LẠT | B182: CÀ RỐT ĐÀ LẠT VIETGAP 300G | C182: PHẦN | D182: 11026 | E182: KHO RAU CỦ | F182: 300 | G182: g | H182: Sau
A183: PHONG THUÝ | B183: CÀ RỐT ĐÀ LẠT VIETGAP 300G | C183: PHẦN | D183: 11026 | E183: KHO RAU CỦ | F183: 300 | G183: g | H183: Sau
A184: TRƯỜNG PHÁT MIỀN TÂY | B184: LÁ HƯƠNG THẢO 15G | C184: GÓI | D184: 11047 | E184: KHO RAU CỦ | F184: 15 | G184: g | H184: Sau
A185: HOPE LAND VIET NAM | B185: HOPELAND - BÓ XÔI HƯỚNG HỮU CƠ 300G | C185: GÓI | D185: 11054 | E185: KHO RAU CỦ | F185: 300 | G185: g | H185: Trước
A186: HOPE LAND VIET NAM | B186: HOPELAND - CẢI NGỌT NHẬT HƯỚNG HỮU CƠ 300G | C186: GÓI | D186: 11055 | E186: KHO RAU CỦ | F186: 300 | G186: g | H186: Trước
... A457: HOÀNG TỐ ANH | B457: TỐ ANH - MẦM CẢI ĐỎ 200G | C457: HỘP | D457: 8938561735067 | E457: KHO RAU CỦ | F457: 200 | G457: g | H457: Trước

Sheet CLV2
A1: Mã hàng | B1: Tên hàng | C1: ĐVT | D1: Cate Level 1 | E1: Cate Level 2 | F1: Cate Level 3 | G1: Cate Level 4 | H1: Cate Level 5 | I1: Cate Level 6
A2: 412400010 | B2: GỐI TWISTER JUICY MILK HÀNG KM | C2: CÁI | D2: 1.zHÀNG KHÔNG BÁN | E2: 2.HÀNG KHUYẾN MÃI KHÔNG BÁN | F2: 3.HÀNG KHUYẾN MÃI KHÔNG BÁN | G2: 4.Hàng Khuyến Mãi Không Bán | H2: 5.Hàng Khuyến Mãi Không Bán | I2: 6.Hàng Khuyến Mãi Không Bán - Đồ Uống Không Cồn
A3: 672400018 | B3: CÂY ĐẤM OOLONG TEA + HÀNG KM | C3: CÁI | D3: 1.zHÀNG KHÔNG BÁN | E3: 2.HÀNG KHUYẾN MÃI KHÔNG BÁN | F3: 3.HÀNG KHUYẾN MÃI KHÔNG BÁN | G3: 4.Hàng Khuyến Mãi Không Bán | H3: 5.Hàng Khuyến Mãi Không Bán | I3: 6.Hàng Khuyến Mãi Không Bán - Đồ Uống Không Cồn
A4: 10001 | B4: DƯA LƯỚI BABY | C4: QUẢ | D4: 1.FRESH FOOD | E4: 2.FRUITS | F4: 3.LOCAL FRUITS | G4: 4.Dưa Lưới | H4: 5.Dưa Lưới Ruột Cam | I4: 6.Dưa Lưới Ruột Cam
A5: 100017102024000 | B5: MÓC KHÓA GẤU BÔNG LAY'S STAX HÀNG KM | C5: CÁI | D5: 1.zHÀNG KHÔNG BÁN | E5: 2.HÀNG KHUYẾN MÃI KHÔNG BÁN | F5: 3.HÀNG KHUYẾN MÃI KHÔNG BÁN | G5: 4.Hàng Khuyến Mãi Không Bán | H5: 5.Hàng Khuyến Mãi Không Bán | I5: 6.Hàng Khuyến Mãi Không Bán - Snack
A6: 10022 | B6: TÁO ROCKIT NEWZEALAND ỐNG 4 QUẢ | C6: ỐNG | D6: 1.FRESH FOOD | E6: 2.FRUITS | F6: 3.IMPORT FRUITS | G6: 4.Táo NK | H6: 5.Táo Rockit | I6: 6.Táo Newzealand
A7: 10035 | B7: TÁO MINI HÀN QUỐC | C7: HỘP | D7: 1.FRESH FOOD | E7: 2.FRUITS | F7: 3.IMPORT FRUITS | G7: 4.Táo NK | H7: 5.Táo Fuji | I7: 6.Táo Hàn Quốc
A8: 10036 | B8: DÂU HÀN QUỐC 250G | C8: HỘP | D8: 1.FRESH FOOD | E8: 2.FRUITS | F8: 3.IMPORT FRUITS | G8: 4.Dâu NK | H8: 5.Dâu Hàn Quốc | I8: 6.Dâu Hộp 250G
A9: 10038 | B9: DÂU HÀN QUỐC 330G | C9: HỘP | D9: 1.FRESH FOOD | E9: 2.FRUITS | F9: 3.IMPORT FRUITS | G9: 4.Dâu NK | H9: 5.Dâu Hàn Quốc | I9: 6.Dâu Hộp 330G
A10: 10041 | B10: BƯỞI DIỄN | C10: QUẢ | D10: 1.FRESH FOOD | E10: 2.FRUITS | F10: 3.LOCAL FRUITS | G10: 4.Bưởi | H10: 5.Bưởi Khác | I10: 6.Bưởi Khác
A11: 10050 | B11: TÁO ROCKIT NEWZEALAND ỐNG (5 QUẢ) | C11: ỐNG | D11: 1.FRESH FOOD | E11: 2.FRUITS | F11: 3.IMPORT FRUITS | G11: 4.Táo NK | H11: 5.Táo Rockit | I11: 6.Táo Newzealand
A12: 10059 | B12: RCVN - CẢI BÓ XÔI 250G | C12: GÓI | D12: 1.FRESH FOOD | E12: 2.VEGETABLES | F12: 3.LEAFY VEGGIES | G12: 4.Rau Cải | H12: 5.Cải Bó Xôi | I12: 6.Cải Bó Xôi
A13: 10061 | B13: RCVN - CẢI THÌA HƯỚNG HỮU CƠ 250G | C13: GÓI | D13: 1.FRESH FOOD | E13: 2.VEGETABLES | F13: 3.LEAFY VEGGIES | G13: 4.Rau Cải | H13: 5.Cải Thìa | I13: 6.Cải Thìa
... A23: 10094 | B23: BLUEBERRY MỸ HỘP 125G | C23: HỘP | D23: 1.FRESH FOOD | E23: 2.FRUITS | F23: 3.IMPORT FRUITS | G23: 4.Blueberry NK | H23: 5.Blueberry Mỹ | I23: 6.Blueberry Mỹ
A24: 100941 | B24: TÚI CANVAS - QUÀ TẶNG ENVY | C24: TÚI | D24: 1.zHÀNG KHÔNG BÁN | E24: 2.HÀNG KHUYẾN MÃI KHÔNG BÁN | F24: 3.HÀNG KHUYẾN MÃI KHÔNG BÁN | G24: 4.Hàng Khuyến Mãi Không Bán
A25: 10096 | B25: HỒNG TREO GIÓ HỘP 500G | C25: HỘP | D25: 1.FRESH FOOD | E25: 2.FRUITS | F25: 3.LOCAL FRUITS | G25: 4.Trái Cây Đa Dạng | H25: 5.Hồng | I25: 6.Hồng Giòn
A26: 10097 | B26: THÙNG BƯỞI ĐƯỜNG LÁ CAM 2 TRÁI | C26: HỘP | D26: 1.FRESH FOOD | E26: 2.FRUITS | F26: 3.LOCAL FRUITS | G26: 4.Trái Cây Đa Dạng | H26: 5.Trái Cây Chưng Tết | I26: 6.Trái Cây Chưng Tết
A27: 10098 | B27: HF-DÂU GIỐNG NEW ZEALAND HỘP 150G | C27: HỘP | D27: 1.FRESH FOOD | E27: 2.FRUITS | F27: 3.LOCAL FRUITS | G27: 4.Quả Mọng | H27: 5.Dâu Tây | I27: 6.Dâu Tây
A28: 10140 | B28: CAM ÚC TÚI 1KG | C28: TÚI | D28: 1.FRESH FOOD | E28: 2.FRUITS | F28: 3.IMPORT FRUITS | G28: 4.Cam NK | H28: 5.Cam Úc | I28: 6.Cam Navel
A29: 10165 | B29: TÁO JAZZ NEW ZEALAND TÚI 1KG | C29: TÚI | D29: 1.FRESH FOOD | E29: 2.FRUITS | F29: 3.IMPORT FRUITS | G29: 4.Táo NK | H29: 5.Táo Jazz | I29: 6.Táo Newzealand
A30: 10182 | B30: QUÝT THÁI TÚI 1KG | C30: TÚI | D30: 1.FRESH FOOD | E30: 2.FRUITS | F30: 3.IMPORT FRUITS | G30: 4.Quýt NK | H30: 5.Quýt Thái Lan | I30: 6.Quýt Thái Lan Đóng Túi
A31: 10206 | B31: DỪA XANH | C31: QUẢ | D31: 1.FRESH FOOD | E31: 2.FRUITS | F31: 3.LOCAL FRUITS | G31: 4.Dừa Tươi | H31: 5.Dừa Xiêm Xanh | I31: 6.Dừa Xiêm Xanh
A32: 11769 | B32: DỪA XIÊM XANH SIZE VIP 500G UP | C32: QUẢ | D32: 1.FRESH FOOD | E32: 2.FRUITS | F32: 3.LOCAL FRUITS | G32: 4.Dừa Tươi | H32: 5.Dừa Xiêm Xanh | I32: 6.Dừa Xiêm Xanh
A33: 10207 | B33: DỨA QUEEN | C33: QUẢ | D33: 1.FRESH FOOD | E33: 2.FRUITS | F33: 3.LOCAL FRUITS | G33: 4.Thơm Dứa | H33: 5.Dứa khác | I33: 6.Dứa khác
A34: 10208 | B34: KHÓM SON | C34: QUẢ | D34: 1.FRESH FOOD | E34: 2.FRUITS | F34: 3.LOCAL FRUITS | G34: 4.Trái Cây Đa Dạng | H34: 5.Trái Cây Chưng Tết | I34: 6.Trái Cây Chưng Tết
A35: 10215 | B35: YOSHIMOTO - NẤM MỠ TRẮNG GLOBALG.A.P 200G | C35: HỘP | D35: 1.FRESH FOOD | E35: 2.VEGETABLES | F35: 3.MUSHROOM | G35: 4.Nấm Cục | H35: 5.Nấm Mỡ | I35: 6.Nấm Mỡ Trắng
A36: 10216 | B36: YOSHIMOTO - NẤM MỠ NÂU GLOBALG.A.P 150G | C36: HỘP | D36: 1.FRESH FOOD | E36: 2.VEGETABLES | F36: 3.MUSHROOM | G36: 4.Nấm Cục | H36: 5.Nấm Mỡ | I36: 6.Nấm Mỡ Nâu
... A85: 10565 | B85: ỔI ĐÀI LOAN VỈ | C85: VỈ | D85: 1.FRESH FOOD | E85: 2.FRUITS | F85: 3.LOCAL FRUITS | G85: 4.Ổi | H85: 5.Ổi Ruột Trắng | I85: 6.Ổi Ruột Trắng
A86: 10568 | B86: TÚI CÓI - QUÀ TẶNG ENVY | C86: CÁI | D86: 1.zHÀNG KHÔNG BÁN | E86: 2.HÀNG KHUYẾN MÃI KHÔNG BÁN | F86: 3.HÀNG KHUYẾN MÃI KHÔNG BÁN | G86: 4.Hàng Khuyến Mãi Không Bán
A87: 10573 | B87: MẬN CƠM MỘC CHÂU HỘP 500G | C87: HỘP | D87: 1.FRESH FOOD | E87: 2.FRUITS | F87: 3.LOCAL FRUITS | G87: 4.Trái Cây Đa Dạng | H87: 5.Mận Hậu | I87: 6.Mận Hậu
A88: 10575 | B88: NHÃN GIỐNG THÁI HỘP 1KG | C88: HÔP | D88: 1.FRESH FOOD | E88: 2.FRUITS | F88: 3.LOCAL FRUITS | G88: 4.Nhãn | H88: 5.Nhãn Ido | I88: 6.Nhãn Ido
A89: 10592 | B89: GƯƠNG ENVY - QUÀ TẶNG ENVY | C89: CÁI | D89: 1.zHÀNG KHÔNG BÁN | E89: 2.HÀNG KHUYẾN MÃI KHÔNG BÁN | F89: 3.HÀNG KHUYẾN MÃI KHÔNG BÁN | G89: 4.Hàng Khuyến Mãi Không Bán
A90: 10594 | B90: LY GIỮ NHIỆT KIM CƯƠNG - QUÀ TẶNG ENVY | C90: CÁI | D90: 1.zHÀNG KHÔNG BÁN | E90: 2.HÀNG KHUYẾN MÃI KHÔNG BÁN | F90: 3.HÀNG KHUYẾN MÃI KHÔNG BÁN | G90: 4.Hàng Khuyến Mãi Không Bán
A91: 10595 | B91: HỘP QUÀ ENVY CAO CẤP 3 TRÁI | C91: HỘP | D91: 1.FRESH FOOD | E91: 2.FRUITS | F91: 3.IMPORT FRUITS | G91: 4.Táo NK | H91: 5.Táo Envy | I91: 6.Táo Newzealand
A92: 10599 | B92: HÀNG TẶNG KHUYẾN MÃI - 1 QUẢ MƯỚP HƯƠNG | C92: QUẢ | D92: 1.zHÀNG KHÔNG BÁN | E92: 2.HÀNG KHUYẾN MÃI KHÔNG BÁN | F92: 3.HÀNG KHUYẾN MÃI KHÔNG BÁN | G92: 4.Hàng Khuyến Mãi Không Bán | H92: 5.Hàng Khuyến Mãi Không Bán | I92: 6.Hàng Khuyến Mãi Không Bán - Fresh Food
A93: 10602 | B93: XÀ LÁCH LOLO TÍM THUỶ CANH VIETGAP | C93: GÓI | D93: 1.FRESH FOOD | E93: 2.VEGETABLES | F93: 3.LETTUCE, SNACKABLES | G93: 4.Xà Lách Nguyên Cây | H93: 5.Xà Lách Tím | I93: 6.Xà Lách Lô Lô Tím
A94: 10605 | B94: ĐÀO DẸT TRUNG HỘP 500G | C94: HỘP | D94: 1.FRESH FOOD | E94: 2.FRUITS | F94: 3.IMPORT FRUITS | G94: 4.Trái Cây NK Khác | H94: 5.Đào, Mận, Mơ NK | I94: 6.Đào Dẹt Trung Quốc
A95: 10606 | B95: HỒNG TÁO HỘP 500G | C95: HỘP | D95: 1.FRESH FOOD | E95: 2.FRUITS | F95: 3.IMPORT FRUITS | G95: 4.Trái Cây NK Khác | H95: 5.Hồng Táo NK | I95: 6.Hồng Táo NK
A96: 10607 | B96: QUÝT ÚC TÚI 900G UP | C96: TÚI | D96: 1.FRESH FOOD | E96: 2.FRUITS | F96: 3.IMPORT FRUITS | G96: 4.Quýt NK | H96: 5.Quýt Úc | I96: 6.Quýt Úc Đóng Túi
A97: 10609 | B97: ZESPRI - HỘP KIWI VÀNG PHÁP CHÍN (4 QUẢ) | C97: HÔP | D97: 1.FRESH FOOD | E97: 2.FRUITS | F97: 3.IMPORT FRUITS | G97: 4.Kiwi NK | H97: 5.Kiwi Pháp | I97: 6.Kiwi Vàng
A98: 10610 | B98: ZESPRI - HỘP KIWI VÀNG CHÍN 4 QUẢ | C98: HỘP | D98: 1.FRESH FOOD | E98: 2.FRUITS | F98: 3.IMPORT FRUITS | G98: 4.Kiwi NK | H98: 5.Kiwi Newzealand | I98: 6.Kiwi Vàng
A99: 10615 | B99: HỘP QUÀ TRÁI CÂY SÓNG TRONG | C99: HỘP | D99: 1.FRESH FOOD | E99: 2.FRUITS | F99: 3.FRUIT BASKET | G99: 4.Giỏ Quà Trái Cây | H99: 5.Giỏ Quà Trái Cây | I99: 6.Giỏ Quà Trái Cây
A100: 10616 | B100: HÀNH TÂY ĐÀ LẠT SIZE LỚN VIETGAP 300G | C100: GÓI | D100: 1.FRESH FOOD | E100: 2.VEGETABLES | F100: 3.ROOT VEGGIES | G100: 4.Hành Tây | H100: 5.Hành Tây Size Lớn | I100: 6.Hành Tây Size Lớn VN
A101: 10622 | B101: BLUEBERRY NEWZEALAND 125G (HỘP) | C101: HỘP | D101: 1.FRESH FOOD | E101: 2.FRUITS | F101: 3.IMPORT FRUITS | G101: 4.Blueberry NK | H101: 5.Blueberry Newzealand | I101: 6.Blueberry Newzealand
A102: 10625 | B102: TÁO CHERRY HỘP 500G | C102: HỘP | D102: 1.FRESH FOOD | E102: 2.FRUITS | F102: 3.IMPORT FRUITS | G102: 4.Táo NK | H102: 5.Táo Cherry china | I102: 6.Táo Trung Quốc
... A571: 11378 | B571: KHỔ QUA GLOBALGAP 400G | C571: VỈ | D571: 1.FRESH FOOD | E571: 2.VEGETABLES | F571: 3.FRUIT VEGGIES | G571: 4.Bầu, Bí, Mướp | H571: 5.Khổ Qua | I571: 6.Khổ Qua Mỡ
A572: 11380 | B572: BƯỞI ĐƯỜNG LÁ CAM LỘT SẴN 450G | C572: HỘP | D572: 1.FRESH FOOD | E572: 2.FRUITS | F572: 3.CUTTING FRUITS | G572: 4.Trái Cây Cắt Sẵn | H572: 5.Trái Cây Hỗn Hợp
A573: 11381 | B573: BƯỞI DA XANH LỘT SẴN 450G | C573: HỘP | D573: 1.FRESH FOOD | E573: 2.FRUITS | F573: 3.CUTTING FRUITS | G573: 4.Trái Cây Cắt Sẵn | H573: 5.Trái Cây Hỗn Hợp
A574: 11382 | B574: BẮP NẾP CẶP | C574: 2QUẢ | D574: 1.FRESH FOOD | E574: 2.VEGETABLES | F574: 3.FRUIT VEGGIES | G574: 4.Bắp, Đậu | H574: 5.Bắp | I574: 6.Bắp Nếp
A575: 11383 | B575: RAU DỀN ĐỎ GLOBALGAP 250G | C575: GÓI | D575: 1.FRESH FOOD | E575: 2.VEGETABLES | F575: 3.LEAFY VEGGIES | G575: 4.Rau Ăn Lá Thông Dụng | H575: 5.Rau Dền | I575: 6.Rau Dền Tía
A576: 11385 | B576: TÁO BREEZE HỘP 6 TRÁI | C576: HỘP | D576: 1.FRESH FOOD | E576: 2.FRUITS | F576: 3.IMPORT FRUITS | G576: 4.Táo NK | H576: 5.Táo Breeze | I576: 6.Táo Newzealand
A577: 11386 | B577: TÁO PINK LADY NEW ZEALAND TÚI 1KG | C577: TÚI | D577: 1.FRESH FOOD | E577: 2.FRUITS | F577: 3.IMPORT FRUITS | G577: 4.Táo NK | H577: 5.Táo Pink lady | I577: 6.Táo Newzealand
A578: 11387 | B578: TÁO CHERISH TÚI 1KG | C578: TÚI | D578: 1.FRESH FOOD | E578: 2.FRUITS | F578: 3.IMPORT FRUITS | G578: 4.Táo NK | H578: 5.Táo Cherish | I578: 6.Táo Newzealand
A579: 11391 | B579: NGỌT - QUÀ TẶNG ENVY | C579: HỘP | D579: 1.zHÀNG KHÔNG BÁN | E579: 2.HÀNG KHUYẾN MÃI KHÔNG BÁN | F579: 3.HÀNG KHUYẾN MÃI KHÔNG BÁN | G579: 4.Hàng Khuyến Mãi Không Bán | H579: 5.Hàng Khuyến Mãi Không Bán | I579: 6.Hàng Khuyến Mãi Không Bán - Fresh Food
A580: 11392 | B580: GIÒN - QUÀ TẶNG ENVY | C580: CÁI | D580: 1.zHÀNG KHÔNG BÁN | E580: 2.HÀNG KHUYẾN MÃI KHÔNG BÁN | F580: 3.HÀNG KHUYẾN MÃI KHÔNG BÁN | G580: 4.Hàng Khuyến Mãi Không Bán | H580: 5.Hàng Khuyến Mãi Không Bán | I580: 6.Hàng Khuyến Mãi Không Bán - Fresh Food
A581: 11393 | B581: CHẮC - QUÀ TẶNG ENVY | C581: BÌNH | D581: 1.zHÀNG KHÔNG BÁN | E581: 2.HÀNG KHUYẾN MÃI KHÔNG BÁN | F581: 3.HÀNG KHUYẾN MÃI KHÔNG BÁN | G581: 4.Hàng Khuyến Mãi Không Bán | H581: 5.Hàng Khuyến Mãi Không Bán | I581: 6.Hàng Khuyến Mãi Không Bán - Fresh Food
A582: 11394 | B582: NẤM LINH CHI NÂU HÀN QUỐC 150G | C582: GÓI | D582: 1.FRESH FOOD | E582: 2.VEGETABLES | F582: 3.MUSHROOM | G582: 4.Nấm Cây | H582: 5.Nấm Linh Chi | I582: 6.Nấm Linh Chi Nâu
A583: 11395 | B583: NẤM LINH CHI TRẮNG HÀN QUỐC 150G | C583: GÓI | D583: 1.FRESH FOOD | E583: 2.VEGETABLES | F583: 3.MUSHROOM | G583: 4.Nấm Cây | H583: 5.Nấm Linh Chi | I583: 6.Nấm Linh Chi Trắng
