Workbook

Sheet Chênh lệch ST
I1: =SUBTOTAL(9,I3:I4599) -> 28074.3 | J1: =SUBTOTAL(9,J3:J4599) -> 5503.478 | K1: =SUBTOTAL(9,K3:K4599) -> 22570.822 | O1: =SUBTOTAL(9,O3:O4599) -> 30.767 | P1: =SUBTOTAL(9,P3:P4599) -> 7482.2 | Q1: =SUBTOTAL(9,Q3:Q4599) -> 15057.855 | Z1: Nơi nhận | AC1: DC phản hồi | AE1: KFM THÔNG TIN | AK1: =SUBTOTAL(9,AK3:AK4599) -> 11805904 | AL1: =SUBTOTAL(9,AL3:AL4599) -> 6.9520452e+08 | AM1: =SUBTOTAL(9,AM3:AM4599) -> 4193087.5 | AN1: =SUBTOTAL(9,AN3:AN4599) -> 1.7319732e+08 | AO1: =SUBTOTAL(9,AO3:AO4599) -> 4.7642772e+08 | AP1: =SUBTOTAL(9,AP3:AP4599) -> 40696169 | AQ1: =SUBTOTAL(9,#REF!) -> #VALUE! | AR1: =SUBTOTAL(9,AR4600:AR126849) -> #VALUE!
A2: Ngày | B2: Thời gian kiểm | C2: Chi nhánh nhận | D2: ID ST | E2: Nhóm hàng | F2: Mã hàng | G2: Tên SP | H2: ĐVT | I2: Số lượng chuyển | J2: Số lượng nhận | K2: Chênh lệch | L2: PT chuyển hàng | M2: Mã thùng | N2: TO | O2: Hạo hụt tự nhiên | P2: SL trả tồn về ST | Q2: SL chênh lệch CXD | R2: PT Trả tồn về ST | S2: PT trả tồn về DC | T2: PT DC pick dư | U2: NOTE | V2: Trạng thái | W2: Lỗi | X2: Hao hụt | Y2: Siêu thị | Z2: Kho ĐÔNG MÁT | AA2: Xử lý | AB2: Link hình ảnh | AC2: DC xác nhận | AD2: NOTE 2 | AE2: KFM phản hồi | AF2: NOTE 3 | AG2: CLV2 | AH2: CLV3 | AI2: Loại hàng | AJ2: % Hao hụt | AK2: Giá nhập ( -VAT) | AL2: Tổng GT | AM2: Tổng hao hụt | AN2: Tổng ST | AO2: Tổng kho | AP2: Tổng chưa xác định | AQ2: GSM phụ trách | AR2: RSM phụ trách
A3: 46231 | B3: 0.41666667 | C3: KFM_BDU_DAN - 01-06 TMDV Him Lam Phú Đông | D3: {=XLOOKUP(C3,'DS ST'!A:A,'DS ST'!B:B)} -> HPD | E3: {=XLOOKUP($F3,'GIÁ'!$A:$A,'GIÁ'!$E:$E)} -> MÁT | F3: 10610 | G3: ZESPRI - HỘP KIWI VÀNG CHÍN 4 QUẢ | H3: HỘP | I3: 1 | J3: 0 | K3: =I3-J3 -> 1 | L3: PT1580356 | M3: TRBHPD002 | N3: TO223985 | P3: 1 | Q3: =I3-J3-O3-P3 -> 0 | R3: PT1595852 | V3: Thiếu Item trong kiện | W3: ST nhập thiếu | X3: =IF(VALUE(O3)<=0,"",IF(TRIM(W3)="Hao hụt","Hao hụt","Hao hụt")) | Y3: =IF(AND(N(P3)>0,OR(W3="DC giao bù",W3="VT giao sai điểm",W3="ST nhập thiếu",W3="DC pick sai",W3="ST kiểm sai QT",W3="ST thông tin sai/không phản hồi",W3="DC thao tác sai")),"Siêu thị","") -> Siêu thị | Z3: Kho đông mát | AA3: Hoàn Thành | AB3: HPD.mp4 | AC3: Kiểm tra lại | AE3: DONE | AG3: {=XLOOKUP(F3,'CLV2'!A:A,'CLV2'!E:E)} -> 2.FRUITS | AH3: {=XLOOKUP(F3,'CLV2'!A:A,'CLV2'!F:F)} -> 3.IMPORT FRUITS | AI3: =if(H3="KG","KG","Pack") -> Pack | AJ3: =K3/I3 -> 1 | AK3: {=XLOOKUP(F3,'GIÁ'!A:A,'GIÁ'!D:D)} -> 72259.15 | AL3: =VALUE(SUBSTITUTE(AK3, ".", ","))*K3 -> 72259.15 | AM3: =IF($X:$X="Hao hụt", VALUE(SUBSTITUTE($AK3, ".", ","))*O3, 0) -> 0 | AN3: =IF($Y:$Y="Siêu thị", VALUE(SUBSTITUTE(AK3, ".", ","))*P3, 0) -> 72259.15 | AO3: =IF($Z:$Z="Kho đông mát", VALUE(SUBSTITUTE(AK3, ".", ","))*Q3, 0) -> 0 | AP3: =IF($Z:$Z="Chưa xác định", VALUE(SUBSTITUTE(AK3, ".", ","))*Q3, 0) -> 0
A4: 46231 | B4: 0.41666667 | C4: KFM_BDU_DAN - 01-06 TMDV Him Lam Phú Đông | D4: {=XLOOKUP(C4,'DS ST'!A:A,'DS ST'!B:B)} -> HPD | E4: {=XLOOKUP($F4,'GIÁ'!$A:$A,'GIÁ'!$E:$E)} -> MÁT | F4: 8936176751014 | G4: TNT - CHÈ MÔN 140G | H4: LY | I4: 1 | J4: 0 | K4: =I4-J4 -> 1 | L4: PT1580356 | M4: TRBHPD002 | N4: TO223985 | P4: 1 | Q4: =I4-J4-O4-P4 -> 0 | R4: PT1595852 | V4: Thiếu Item trong kiện | W4: ST nhập thiếu | X4: =IF(VALUE(O4)<=0,"",IF(TRIM(W4)="Hao hụt","Hao hụt","Hao hụt")) | Y4: =IF(AND(N(P4)>0,OR(W4="DC giao bù",W4="VT giao sai điểm",W4="ST nhập thiếu",W4="DC pick sai",W4="ST kiểm sai QT",W4="ST thông tin sai/không phản hồi",W4="DC thao tác sai")),"Siêu thị","") -> Siêu thị | Z4: Kho đông mát | AA4: Hoàn Thành | AB4: HPD.mp4 | AC4: Kiểm tra lại | AE4: DONE | AG4: {=XLOOKUP(F4,'CLV2'!A:A,'CLV2'!E:E)} -> 2.DELICA | AH4: {=XLOOKUP(F4,'CLV2'!A:A,'CLV2'!F:F)} -> 3.DESSERTS | AI4: =if(H4="KG","KG","Pack") -> Pack | AJ4: =K4/I4 -> 1 | AK4: {=XLOOKUP(F4,'GIÁ'!A:A,'GIÁ'!D:D)} -> 6650.00 | AL4: =VALUE(SUBSTITUTE(AK4, ".", ","))*K4 -> 6650 | AM4: =IF($X:$X="Hao hụt", VALUE(SUBSTITUTE($AK4, ".", ","))*O4, 0) -> 0 | AN4: =IF($Y:$Y="Siêu thị", VALUE(SUBSTITUTE(AK4, ".", ","))*P4, 0) -> 6650 | AO4: =IF($Z:$Z="Kho đông mát", VALUE(SUBSTITUTE(AK4, ".", ","))*Q4, 0) -> 0 | AP4: =IF($Z:$Z="Chưa xác định", VALUE(SUBSTITUTE(AK4, ".", ","))*Q4, 0) -> 0
A5: 46231 | B5: 0.41666667 | C5: KFM_BDU_DAN - 01-06 TMDV Him Lam Phú Đông | D5: {=XLOOKUP(C5,'DS ST'!A:A,'DS ST'!B:B)} -> HPD | E5: {=XLOOKUP($F5,'GIÁ'!$A:$A,'GIÁ'!$E:$E)} -> MÁT | F5: 11751 | G5: TÁO RED FUJI NAM PHI TÚI 950G UP | H5: TÚI | I5: 1 | J5: 0 | K5: =I5-J5 -> 1 | L5: PT1580356 | M5: TRBHPD002 | N5: TO223985 | Q5: =I5-J5-O5-P5 -> 1 | V5: Thiếu Item trong kiện | W5: DC giao thiếu | X5: =IF(VALUE(O5)<=0,"",IF(TRIM(W5)="Hao hụt","Hao hụt","Hao hụt")) | Y5: =IF(AND(N(P5)>0,OR(W5="DC giao bù",W5="VT giao sai điểm",W5="ST nhập thiếu",W5="DC pick sai",W5="ST kiểm sai QT",W5="ST thông tin sai/không phản hồi",W5="DC thao tác sai")),"Siêu thị","") | Z5: Kho đông mát | AA5: Hoàn Thành | AB5: HPD.mp4 | AC5: Đồng ý claim | AG5: {=XLOOKUP(F5,'CLV2'!A:A,'CLV2'!E:E)} -> 2.FRUITS | AH5: {=XLOOKUP(F5,'CLV2'!A:A,'CLV2'!F:F)} -> 3.IMPORT FRUITS | AI5: =if(H5="KG","KG","Pack") -> Pack | AJ5: =K5/I5 -> 1 | AK5: {=XLOOKUP(F5,'GIÁ'!A:A,'GIÁ'!D:D)} -> 64445.12 | AL5: =VALUE(SUBSTITUTE(AK5, ".", ","))*K5 -> 64445.12 | AM5: =IF($X:$X="Hao hụt", VALUE(SUBSTITUTE($AK5, ".", ","))*O5, 0) -> 0 | AN5: =IF($Y:$Y="Siêu thị", VALUE(SUBSTITUTE(AK5, ".", ","))*P5, 0) -> 0 | AO5: =IF($Z:$Z="Kho đông mát", VALUE(SUBSTITUTE(AK5, ".", ","))*Q5, 0) -> 64445.12 | AP5: =IF($Z:$Z="Chưa xác định", VALUE(SUBSTITUTE(AK5, ".", ","))*Q5, 0) -> 0
A6: 46231 | B6: 0.41666667 | C6: KFM_BDU_DAN - 01-06 TMDV Him Lam Phú Đông | D6: {=XLOOKUP(C6,'DS ST'!A:A,'DS ST'!B:B)} -> HPD | E6: {=XLOOKUP($F6,'GIÁ'!$A:$A,'GIÁ'!$E:$E)} -> MÁT | F6: 11550 | G6: TỎI HẢI DƯƠNG XAY 50G | H6: HỘP | I6: 5 | J6: 3 | K6: =I6-J6 -> 2 | L6: PT1580356 | M6: TRBHPD4024 | N6: TO223967 | Q6: =I6-J6-O6-P6 -> 2 | V6: Thiếu Item trong kiện | W6: DC giao thiếu | X6: =IF(VALUE(O6)<=0,"",IF(TRIM(W6)="Hao hụt","Hao hụt","Hao hụt")) | Y6: =IF(AND(N(P6)>0,OR(W6="DC giao bù",W6="VT giao sai điểm",W6="ST nhập thiếu",W6="DC pick sai",W6="ST kiểm sai QT",W6="ST thông tin sai/không phản hồi",W6="DC thao tác sai")),"Siêu thị","") | Z6: Kho đông mát | AA6: Hoàn Thành | AB6: HPD.mp4 | AC6: Đồng ý claim | AG6: {=XLOOKUP(F6,'CLV2'!A:A,'CLV2'!E:E)} -> 2.VEGETABLES | AH6: {=XLOOKUP(F6,'CLV2'!A:A,'CLV2'!F:F)} -> 3.PROCESSED VEGGIES | AI6: =if(H6="KG","KG","Pack") -> Pack | AJ6: =K6/I6 -> 0.4 | AK6: {=XLOOKUP(F6,'GIÁ'!A:A,'GIÁ'!D:D)} -> 10364.97 | AL6: =VALUE(SUBSTITUTE(AK6, ".", ","))*K6 -> 20729.94 | AM6: =IF($X:$X="Hao hụt", VALUE(SUBSTITUTE($AK6, ".", ","))*O6, 0) -> 0 | AN6: =IF($Y:$Y="Siêu thị", VALUE(SUBSTITUTE(AK6, ".", ","))*P6, 0) -> 0 | AO6: =IF($Z:$Z="Kho đông mát", VALUE(SUBSTITUTE(AK6, ".", ","))*Q6, 0) -> 20729.94 | AP6: =IF($Z:$Z="Chưa xác định", VALUE(SUBSTITUTE(AK6, ".", ","))*Q6, 0) -> 0
A7: 46231 | B7: 0.40416667 | C7: KFM_BDU_DAN - 145B Lê Trọng Tấn | D7: {=XLOOKUP(C7,'DS ST'!A:A,'DS ST'!B:B)} -> A209 | E7: {=XLOOKUP($F7,'GIÁ'!$A:$A,'GIÁ'!$E:$E)} -> MÁT | F7: 11589 | G7: MÍT GIỐNG THÁI LỘT SẴN HỘP 350G | H7: HỘP | I7: 1 | J7: 0 | K7: =I7-J7 -> 1 | L7: PT1580307 | M7: TRBA2095039 | N7: TO223974 | Q7: =I7-J7-O7-P7 -> 1 | U7: pick sai code: 11742 - 4 | V7: Thiếu Item trong kiện | W7: DC giao thiếu | X7: =IF(VALUE(O7)<=0,"",IF(TRIM(W7)="Hao hụt","Hao hụt","Hao hụt")) | Y7: =IF(AND(N(P7)>0,OR(W7="DC giao bù",W7="VT giao sai điểm",W7="ST nhập thiếu",W7="DC pick sai",W7="ST kiểm sai QT",W7="ST thông tin sai/không phản hồi",W7="DC thao tác sai")),"Siêu thị","") | Z7: =IF(N(Q7)<=0,"",IF(ISNUMBER(SEARCH("Thiếu kiện",V7)),"Kho đông mát",IF(AND(N(Q7)>0,N(P7)>0,OR(ISNUMBER(SEARCH("Hình KDB",U7)),ISNUMBER(SEARCH("Hình tele",U7)),ISNUMBER(SEARCH("sai code",U7)),ISNUMBER(SEARCH("ST nhận",U7)))),"Kho đông mát",IF(AND(W7="DC giao thiếu",OR(ISNUMBER(SEARCH("Hình KDB",U7)),ISNUMBER(SEARCH("Hình tele",U7)),ISNUMBER(SEARCH("sai code",U7)))),"Kho đông mát",IF(W7="DC giao thiếu","Chưa xác định",IF(AND(W7="DC pick sai",OR(ISNUMBER(SEARCH("Hình KDB",U7)),ISNUMBER(SEARCH("Hình tele",U7)),ISNUMBER(SEARCH("sai code",U7)),ISNUMBER(SEARCH("ST nhận",U7)))),"Kho đông mát",IF(W7="DC pick sai","Chưa xác định",IF(AND(W7="Hao hụt",N(O7)>0,OR(ISNUMBER(SEARCH("Hình KDB",U7)),ISNUMBER(SEARCH("Hình tele",U7)),ISNUMBER(SEARCH("sai code",U7)),ISNUMBER(SEARCH("ST nhận",U7)))),"Kho đông mát",IF(W7="Hao hụt","Chưa xác định",IF(OR(W7="VT giao sai điểm",W7="Không đạt nhiệt độ",W7="TX giao thiếu kiện",W7="Hàng không đạt CL"),"Kho đông mát",IF(W7="Chưa xác định","Chưa xác định",IF(N(P7)>0,"Chưa xác định","")))))))))))) -> Kho đông mát | AA7: Hoàn Thành | AC7: Đồng ý claim | AG7: {=XLOOKUP(F7,'CLV2'!A:A,'CLV2'!E:E)} -> 2.FRUITS | AH7: {=XLOOKUP(F7,'CLV2'!A:A,'CLV2'!F:F)} -> 3.CUTTING FRUITS | AI7: =if(H7="KG","KG","Pack") -> Pack | AJ7: =K7/I7 -> 1 | AK7: {=XLOOKUP(F7,'GIÁ'!A:A,'GIÁ'!D:D)} -> 22122.55 | AL7: =VALUE(SUBSTITUTE(AK7, ".", ","))*K7 -> 22122.55 | AM7: =IF($X:$X="Hao hụt", VALUE(SUBSTITUTE($AK7, ".", ","))*O7, 0) -> 0 | AN7: =IF($Y:$Y="Siêu thị", VALUE(SUBSTITUTE(AK7, ".", ","))*P7, 0) -> 0 | AO7: =IF($Z:$Z="Kho đông mát", VALUE(SUBSTITUTE(AK7, ".", ","))*Q7, 0) -> 22122.55 | AP7: =IF($Z:$Z="Chưa xác định", VALUE(SUBSTITUTE(AK7, ".", ","))*Q7, 0) -> 0
A8: 46231 | B8: 0.40416667 | C8: KFM_BDU_DAN - 145B Lê Trọng Tấn | D8: {=XLOOKUP(C8,'DS ST'!A:A,'DS ST'!B:B)} -> A209 | E8: {=XLOOKUP($F8,'GIÁ'!$A:$A,'GIÁ'!$E:$E)} -> MÁT | F8: 8936176751021 | G8: TNT - CHÈ BẮP 140G | H8: LY | I8: 8 | J8: 5 | K8: =I8-J8 -> 3 | L8: PT1580307 | M8: TRBA2095047 | N8: TO223974 | Q8: =I8-J8-O8-P8 -> 3 | U8: pick sai code: 8936176751007 - 3 | V8: Thiếu Item trong kiện | W8: DC giao thiếu | X8: =IF(VALUE(O8)<=0,"",IF(TRIM(W8)="Hao hụt","Hao hụt","Hao hụt")) | Y8: =IF(AND(N(P8)>0,OR(W8="DC giao bù",W8="VT giao sai điểm",W8="ST nhập thiếu",W8="DC pick sai",W8="ST kiểm sai QT",W8="ST thông tin sai/không phản hồi",W8="DC thao tác sai")),"Siêu thị","") | Z8: =IF(N(Q8)<=0,"",IF(ISNUMBER(SEARCH("Thiếu kiện",V8)),"Kho đông mát",IF(AND(N(Q8)>0,N(P8)>0,OR(ISNUMBER(SEARCH("Hình KDB",U8)),ISNUMBER(SEARCH("Hình tele",U8)),ISNUMBER(SEARCH("sai code",U8)),ISNUMBER(SEARCH("ST nhận",U8)))),"Kho đông mát",IF(AND(W8="DC giao thiếu",OR(ISNUMBER(SEARCH("Hình KDB",U8)),ISNUMBER(SEARCH("Hình tele",U8)),ISNUMBER(SEARCH("sai code",U8)))),"Kho đông mát",IF(W8="DC giao thiếu","Chưa xác định",IF(AND(W8="DC pick sai",OR(ISNUMBER(SEARCH("Hình KDB",U8)),ISNUMBER(SEARCH("Hình tele",U8)),ISNUMBER(SEARCH("sai code",U8)),ISNUMBER(SEARCH("ST nhận",U8)))),"Kho đông mát",IF(W8="DC pick sai","Chưa xác định",IF(AND(W8="Hao hụt",N(O8)>0,OR(ISNUMBER(SEARCH("Hình KDB",U8)),ISNUMBER(SEARCH("Hình tele",U8)),ISNUMBER(SEARCH("sai code",U8)),ISNUMBER(SEARCH("ST nhận",U8)))),"Kho đông mát",IF(W8="Hao hụt","Chưa xác định",IF(OR(W8="VT giao sai điểm",W8="Không đạt nhiệt độ",W8="TX giao thiếu kiện",W8="Hàng không đạt CL"),"Kho đông mát",IF(W8="Chưa xác định","Chưa xác định",IF(N(P8)>0,"Chưa xác định","")))))))))))) -> Kho đông mát | AA8: Hoàn Thành | AC8: Đồng ý claim | AG8: {=XLOOKUP(F8,'CLV2'!A:A,'CLV2'!E:E)} -> 2.DELICA | AH8: {=XLOOKUP(F8,'CLV2'!A:A,'CLV2'!F:F)} -> 3.DESSERTS | AI8: =if(H8="KG","KG","Pack") -> Pack | AJ8: =K8/I8 -> 0.375 | AK8: {=XLOOKUP(F8,'GIÁ'!A:A,'GIÁ'!D:D)} -> 6650.00 | AL8: =VALUE(SUBSTITUTE(AK8, ".", ","))*K8 -> 19950 | AM8: =IF($X:$X="Hao hụt", VALUE(SUBSTITUTE($AK8, ".", ","))*O8, 0) -> 0 | AN8: =IF($Y:$Y="Siêu thị", VALUE(SUBSTITUTE(AK8, ".", ","))*P8, 0) -> 0 | AO8: =IF($Z:$Z="Kho đông mát", VALUE(SUBSTITUTE(AK8, ".", ","))*Q8, 0) -> 19950 | AP8: =IF($Z:$Z="Chưa xác định", VALUE(SUBSTITUTE(AK8, ".", ","))*Q8, 0) -> 0
A9: 46231 | B9: 0.40416667 | C9: KFM_BDU_DAN - 145B Lê Trọng Tấn | D9: {=XLOOKUP(C9,'DS ST'!A:A,'DS ST'!B:B)} -> A209 | E9: {=XLOOKUP($F9,'GIÁ'!$A:$A,'GIÁ'!$E:$E)} -> MÁT | F9: 8936176751175 | G9: TNT - CHÈ DỪA NON KIỂU THÁI 140G | H9: LY | I9: 5 | J9: 4 | K9: =I9-J9 -> 1 | L9: PT1580307 | M9: TRBA2095047 | N9: TO223974 | Q9: =I9-J9-O9-P9 -> 1 | U9: pick sai code: 8936176751182 - 3 | V9: Thiếu Item trong kiện | W9: DC giao thiếu | X9: =IF(VALUE(O9)<=0,"",IF(TRIM(W9)="Hao hụt","Hao hụt","Hao hụt")) | Y9: =IF(AND(N(P9)>0,OR(W9="DC giao bù",W9="VT giao sai điểm",W9="ST nhập thiếu",W9="DC pick sai",W9="ST kiểm sai QT",W9="ST thông tin sai/không phản hồi",W9="DC thao tác sai")),"Siêu thị","") | Z9: =IF(N(Q9)<=0,"",IF(ISNUMBER(SEARCH("Thiếu kiện",V9)),"Kho đông mát",IF(AND(N(Q9)>0,N(P9)>0,OR(ISNUMBER(SEARCH("Hình KDB",U9)),ISNUMBER(SEARCH("Hình tele",U9)),ISNUMBER(SEARCH("sai code",U9)),ISNUMBER(SEARCH("ST nhận",U9)))),"Kho đông mát",IF(AND(W9="DC giao thiếu",OR(ISNUMBER(SEARCH("Hình KDB",U9)),ISNUMBER(SEARCH("Hình tele",U9)),ISNUMBER(SEARCH("sai code",U9)))),"Kho đông mát",IF(W9="DC giao thiếu","Chưa xác định",IF(AND(W9="DC pick sai",OR(ISNUMBER(SEARCH("Hình KDB",U9)),ISNUMBER(SEARCH("Hình tele",U9)),ISNUMBER(SEARCH("sai code",U9)),ISNUMBER(SEARCH("ST nhận",U9)))),"Kho đông mát",IF(W9="DC pick sai","Chưa xác định",IF(AND(W9="Hao hụt",N(O9)>0,OR(ISNUMBER(SEARCH("Hình KDB",U9)),ISNUMBER(SEARCH("Hình tele",U9)),ISNUMBER(SEARCH("sai code",U9)),ISNUMBER(SEARCH("ST nhận",U9)))),"Kho đông mát",IF(W9="Hao hụt","Chưa xác định",IF(OR(W9="VT giao sai điểm",W9="Không đạt nhiệt độ",W9="TX giao thiếu kiện",W9="Hàng không đạt CL"),"Kho đông mát",IF(W9="Chưa xác định","Chưa xác định",IF(N(P9)>0,"Chưa xác định","")))))))))))) -> Kho đông mát | AA9: Hoàn Thành | AC9: Đồng ý claim | AG9: {=XLOOKUP(F9,'CLV2'!A:A,'CLV2'!E:E)} -> 2.DELICA | AH9: {=XLOOKUP(F9,'CLV2'!A:A,'CLV2'!F:F)} -> 3.DESSERTS | AI9: =if(H9="KG","KG","Pack") -> Pack | AJ9: =K9/I9 -> 0.2 | AK9: {=XLOOKUP(F9,'GIÁ'!A:A,'GIÁ'!D:D)} -> 6744.99 | AL9: =VALUE(SUBSTITUTE(AK9, ".", ","))*K9 -> 6744.99 | AM9: =IF($X:$X="Hao hụt", VALUE(SUBSTITUTE($AK9, ".", ","))*O9, 0) -> 0 | AN9: =IF($Y:$Y="Siêu thị", VALUE(SUBSTITUTE(AK9, ".", ","))*P9, 0) -> 0 | AO9: =IF($Z:$Z="Kho đông mát", VALUE(SUBSTITUTE(AK9, ".", ","))*Q9, 0) -> 6744.99 | AP9: =IF($Z:$Z="Chưa xác định", VALUE(SUBSTITUTE(AK9, ".", ","))*Q9, 0) -> 0
A10: 46231 | B10: 0.40416667 | C10: KFM_BDU_DAN - 145B Lê Trọng Tấn | D10: {=XLOOKUP(C10,'DS ST'!A:A,'DS ST'!B:B)} -> A209 | E10: {=XLOOKUP($F10,'GIÁ'!$A:$A,'GIÁ'!$E:$E)} -> MÁT | F10: 3184030003617 | G10: PAYSAN BRETON - PHÔ MAI SỢI EMMENTAL 70G | H10: GÓI | I10: 2 | J10: 0 | K10: =I10-J10 -> 2 | L10: PT1580307 | M10: TRBA2095049 | N10: TO223974 | Q10: =I10-J10-O10-P10 -> 2 | V10: Thiếu Item trong kiện | W10: DC giao thiếu | X10: =IF(VALUE(O10)<=0,"",IF(TRIM(W10)="Hao hụt","Hao hụt","Hao hụt")) | Y10: =IF(AND(N(P10)>0,OR(W10="DC giao bù",W10="VT giao sai điểm",W10="ST nhập thiếu",W10="DC pick sai",W10="ST kiểm sai QT",W10="ST thông tin sai/không phản hồi",W10="DC thao tác sai")),"Siêu thị","") | Z10: Kho đông mát | AA10: Hoàn Thành | AB10: A209.mp4 | AC10: Đồng ý claim | AG10: {=XLOOKUP(F10,'CLV2'!A:A,'CLV2'!E:E)} -> 2.DAIRY | AH10: {=XLOOKUP(F10,'CLV2'!A:A,'CLV2'!F:F)} -> 3.BUTTER AND CHEESE | AI10: =if(H10="KG","KG","Pack") -> Pack | AJ10: =K10/I10 -> 1 | AK10: {=XLOOKUP(F10,'GIÁ'!A:A,'GIÁ'!D:D)} -> 41960.14 | AL10: =VALUE(SUBSTITUTE(AK10, ".", ","))*K10 -> 83920.28 | AM10: =IF($X:$X="Hao hụt", VALUE(SUBSTITUTE($AK10, ".", ","))*O10, 0) -> 0 | AN10: =IF($Y:$Y="Siêu thị", VALUE(SUBSTITUTE(AK10, ".", ","))*P10, 0) -> 0 | AO10: =IF($Z:$Z="Kho đông mát", VALUE(SUBSTITUTE(AK10, ".", ","))*Q10, 0) -> 83920.28 | AP10: =IF($Z:$Z="Chưa xác định", VALUE(SUBSTITUTE(AK10, ".", ","))*Q10, 0) -> 0
A11: 46231 | B11: 0.4875 | C11: KFM_BDU_DAN - 9 Đường M, Khu Phố Nhị Đồng 2 | D11: {=XLOOKUP(C11,'DS ST'!A:A,'DS ST'!B:B)} -> A189 | E11: {=XLOOKUP($F11,'GIÁ'!$A:$A,'GIÁ'!$E:$E)} -> MÁT | F11: 11751 | G11: TÁO RED FUJI NAM PHI TÚI 950G UP | H11: TÚI | I11: 1 | J11: 0 | K11: =I11-J11 -> 1 | L11: PT1580392 | M11: TRBA1894008 | N11: TO224177 | Q11: =I11-J11-O11-P11 -> 1 | S11: x | T11: PT1581784 | U11: Pick sai code: TÁO GALA NEW ZEALAND TÚI 950G UP - 1 | V11: Thiếu Item trong kiện | W11: DC pick sai | X11: =IF(VALUE(O11)<=0,"",IF(TRIM(W11)="Hao hụt","Hao hụt","Hao hụt")) | Y11: =IF(AND(N(P11)>0,OR(W11="DC giao bù",W11="VT giao sai điểm",W11="ST nhập thiếu",W11="DC pick sai",W11="ST kiểm sai QT",W11="ST thông tin sai/không phản hồi",W11="DC thao tác sai")),"Siêu thị","") | Z11: =IF(N(Q11)<=0,"",IF(ISNUMBER(SEARCH("Thiếu kiện",V11)),"Kho đông mát",IF(AND(N(Q11)>0,N(P11)>0,OR(ISNUMBER(SEARCH("Hình KDB",U11)),ISNUMBER(SEARCH("Hình tele",U11)),ISNUMBER(SEARCH("sai code",U11)),ISNUMBER(SEARCH("ST nhận",U11)))),"Kho đông mát",IF(AND(W11="DC giao thiếu",OR(ISNUMBER(SEARCH("Hình KDB",U11)),ISNUMBER(SEARCH("Hình tele",U11)),ISNUMBER(SEARCH("sai code",U11)))),"Kho đông mát",IF(W11="DC giao thiếu","Chưa xác định",IF(AND(W11="DC pick sai",OR(ISNUMBER(SEARCH("Hình KDB",U11)),ISNUMBER(SEARCH("Hình tele",U11)),ISNUMBER(SEARCH("sai code",U11)),ISNUMBER(SEARCH("ST nhận",U11)))),"Kho đông mát",IF(W11="DC pick sai","Chưa xác định",IF(AND(W11="Hao hụt",N(O11)>0,OR(ISNUMBER(SEARCH("Hình KDB",U11)),ISNUMBER(SEARCH("Hình tele",U11)),ISNUMBER(SEARCH("sai code",U11)),ISNUMBER(SEARCH("ST nhận",U11)))),"Kho đông mát",IF(W11="Hao hụt","Chưa xác định",IF(OR(W11="VT giao sai điểm",W11="Không đạt nhiệt độ",W11="TX giao thiếu kiện",W11="Hàng không đạt CL"),"Kho đông mát",IF(W11="Chưa xác định","Chưa xác định",IF(N(P11)>0,"Chưa xác định","")))))))))))) -> Kho đông mát | AA11: Hoàn Thành | AG11: {=XLOOKUP(F11,'CLV2'!A:A,'CLV2'!E:E)} -> 2.FRUITS | AH11: {=XLOOKUP(F11,'CLV2'!A:A,'CLV2'!F:F)} -> 3.IMPORT FRUITS | AI11: =if(H11="KG","KG","Pack") -> Pack | AJ11: =K11/I11 -> 1 | AK11: {=XLOOKUP(F11,'GIÁ'!A:A,'GIÁ'!D:D)} -> 64445.12 | AL11: =VALUE(SUBSTITUTE(AK11, ".", ","))*K11 -> 64445.12 | AM11: =IF($X:$X="Hao hụt", VALUE(SUBSTITUTE($AK11, ".", ","))*O11, 0) -> 0 | AN11: =IF($Y:$Y="Siêu thị", VALUE(SUBSTITUTE(AK11, ".", ","))*P11, 0) -> 0 | AO11: =IF($Z:$Z="Kho đông mát", VALUE(SUBSTITUTE(AK11, ".", ","))*Q11, 0) -> 64445.12 | AP11: =IF($Z:$Z="Chưa xác định", VALUE(SUBSTITUTE(AK11, ".", ","))*Q11, 0) -> 0
A12: 46231 | B12: 0.4875 | C12: KFM_BDU_DAN - 9 Đường M, Khu Phố Nhị Đồng 2 | D12: {=XLOOKUP(C12,'DS ST'!A:A,'DS ST'!B:B)} -> A189 | E12: {=XLOOKUP($F12,'GIÁ'!$A:$A,'GIÁ'!$E:$E)} -> MÁT | F12: 8938528582574 | G12: NGỌC TÚ - BÁNH GIÒ THỊT HEO TRỨNG CÚT 160G | H12: GÓI | I12: 4 | J12: 2 | K12: =I12-J12 -> 2 | L12: PT1580392 | M12: TRBA1894024 | N12: TO224162 | P12: 2 | Q12: =I12-J12-O12-P12 -> 0 | R12: PT1581784 | V12: Thiếu Item trong kiện | W12: DC thao tác sai | X12: =IF(VALUE(O12)<=0,"",IF(TRIM(W12)="Hao hụt","Hao hụt","Hao hụt")) | Y12: =IF(AND(N(P12)>0,OR(W12="DC giao bù",W12="VT giao sai điểm",W12="ST nhập thiếu",W12="DC pick sai",W12="ST kiểm sai QT",W12="ST thông tin sai/không phản hồi",W12="DC thao tác sai")),"Siêu thị","") -> Siêu thị | Z12: =IF(N(Q12)<=0,"",IF(ISNUMBER(SEARCH("Thiếu kiện",V12)),"Kho đông mát",IF(AND(N(Q12)>0,N(P12)>0,OR(ISNUMBER(SEARCH("Hình KDB",U12)),ISNUMBER(SEARCH("Hình tele",U12)),ISNUMBER(SEARCH("sai code",U12)),ISNUMBER(SEARCH("ST nhận",U12)))),"Kho đông mát",IF(AND(W12="DC giao thiếu",OR(ISNUMBER(SEARCH("Hình KDB",U12)),ISNUMBER(SEARCH("Hình tele",U12)),ISNUMBER(SEARCH("sai code",U12)))),"Kho đông mát",IF(W12="DC giao thiếu","Chưa xác định",IF(AND(W12="DC pick sai",OR(ISNUMBER(SEARCH("Hình KDB",U12)),ISNUMBER(SEARCH("Hình tele",U12)),ISNUMBER(SEARCH("sai code",U12)),ISNUMBER(SEARCH("ST nhận",U12)))),"Kho đông mát",IF(W12="DC pick sai","Chưa xác định",IF(AND(W12="Hao hụt",N(O12)>0,OR(ISNUMBER(SEARCH("Hình KDB",U12)),ISNUMBER(SEARCH("Hình tele",U12)),ISNUMBER(SEARCH("sai code",U12)),ISNUMBER(SEARCH("ST nhận",U12)))),"Kho đông mát",IF(W12="Hao hụt","Chưa xác định",IF(OR(W12="VT giao sai điểm",W12="Không đạt nhiệt độ",W12="TX giao thiếu kiện",W12="Hàng không đạt CL"),"Kho đông mát",IF(W12="Chưa xác định","Chưa xác định",IF(N(P12)>0,"Chưa xác định","")))))))))))) | AA12: Hoàn Thành | AG12: {=XLOOKUP(F12,'CLV2'!A:A,'CLV2'!E:E)} -> 2.CHILLED FOODS | AH12: {=XLOOKUP(F12,'CLV2'!A:A,'CLV2'!F:F)} -> 3.OTHER CHILLED PRODUCTS | AI12: =if(H12="KG","KG","Pack") -> Pack | AJ12: =K12/I12 -> 0.5 | AK12: {=XLOOKUP(F12,'GIÁ'!A:A,'GIÁ'!D:D)} -> 10450.00 | AL12: =VALUE(SUBSTITUTE(AK12, ".", ","))*K12 -> 20900 | AM12: =IF($X:$X="Hao hụt", VALUE(SUBSTITUTE($AK12, ".", ","))*O12, 0) -> 0 | AN12: =IF($Y:$Y="Siêu thị", VALUE(SUBSTITUTE(AK12, ".", ","))*P12, 0) -> 20900 | AO12: =IF($Z:$Z="Kho đông mát", VALUE(SUBSTITUTE(AK12, ".", ","))*Q12, 0) -> 0 | AP12: =IF($Z:$Z="Chưa xác định", VALUE(SUBSTITUTE(AK12, ".", ","))*Q12, 0) -> 0
A13: 46231 | B13: 0.39375 | C13: KFM_BDU_DAN - B2.01.05 Tháp B Opal Boulevard | D13: {=XLOOKUP(C13,'DS ST'!A:A,'DS ST'!B:B)} -> A164 | E13: {=XLOOKUP($F13,'GIÁ'!$A:$A,'GIÁ'!$E:$E)} -> MÁT | F13: 8938562884405 | G13: MINH NHẬT - RAU CÂU FLAN PHOMAI CÀ PHÊ 120G | H13: HỘP | I13: 4 | J13: 0 | K13: =I13-J13 -> 4 | L13: PT1580343 | M13: TRBA164651 | N13: TO223935 | Q13: =I13-J13-O13-P13 -> 4 | U13: ST nhận: A189 - PT1581784 - 4/4 thiếu | V13: Thiếu Item trong kiện | W13: DC pick sai | X13: =IF(VALUE(O13)<=0,"",IF(TRIM(W13)="Hao hụt","Hao hụt","Hao hụt")) | Y13: =IF(AND(N(P13)>0,OR(W13="DC giao bù",W13="VT giao sai điểm",W13="ST nhập thiếu",W13="DC pick sai",W13="ST kiểm sai QT",W13="ST thông tin sai/không phản hồi",W13="DC thao tác sai")),"Siêu thị","") | Z13: =IF(N(Q13)<=0,"",IF(ISNUMBER(SEARCH("Thiếu kiện",V13)),"Kho đông mát",IF(AND(N(Q13)>0,N(P13)>0,OR(ISNUMBER(SEARCH("Hình KDB",U13)),ISNUMBER(SEARCH("Hình tele",U13)),ISNUMBER(SEARCH("sai code",U13)),ISNUMBER(SEARCH("ST nhận",U13)))),"Kho đông mát",IF(AND(W13="DC giao thiếu",OR(ISNUMBER(SEARCH("Hình KDB",U13)),ISNUMBER(SEARCH("Hình tele",U13)),ISNUMBER(SEARCH("sai code",U13)))),"Kho đông mát",IF(W13="DC giao thiếu","Chưa xác định",IF(AND(W13="DC pick sai",OR(ISNUMBER(SEARCH("Hình KDB",U13)),ISNUMBER(SEARCH("Hình tele",U13)),ISNUMBER(SEARCH("sai code",U13)),ISNUMBER(SEARCH("ST nhận",U13)))),"Kho đông mát",IF(W13="DC pick sai","Chưa xác định",IF(AND(W13="Hao hụt",N(O13)>0,OR(ISNUMBER(SEARCH("Hình KDB",U13)),ISNUMBER(SEARCH("Hình tele",U13)),ISNUMBER(SEARCH("sai code",U13)),ISNUMBER(SEARCH("ST nhận",U13)))),"Kho đông mát",IF(W13="Hao hụt","Chưa xác định",IF(OR(W13="VT giao sai điểm",W13="Không đạt nhiệt độ",W13="TX giao thiếu kiện",W13="Hàng không đạt CL"),"Kho đông mát",IF(W13="Chưa xác định","Chưa xác định",IF(N(P13)>0,"Chưa xác định","")))))))))))) -> Kho đông mát | AA13: Hoàn Thành | AG13: {=XLOOKUP(F13,'CLV2'!A:A,'CLV2'!E:E)} -> 2.DELICA | AH13: {=XLOOKUP(F13,'CLV2'!A:A,'CLV2'!F:F)} -> 3.DESSERTS | AI13: =if(H13="KG","KG","Pack") -> Pack | AJ13: =K13/I13 -> 1 | AK13: {=XLOOKUP(F13,'GIÁ'!A:A,'GIÁ'!D:D)} -> 9500.00 | AL13: =VALUE(SUBSTITUTE(AK13, ".", ","))*K13 -> 38000 | AM13: =IF($X:$X="Hao hụt", VALUE(SUBSTITUTE($AK13, ".", ","))*O13, 0) -> 0 | AN13: =IF($Y:$Y="Siêu thị", VALUE(SUBSTITUTE(AK13, ".", ","))*P13, 0) -> 0 | AO13: =IF($Z:$Z="Kho đông mát", VALUE(SUBSTITUTE(AK13, ".", ","))*Q13, 0) -> 38000 | AP13: =IF($Z:$Z="Chưa xác định", VALUE(SUBSTITUTE(AK13, ".", ","))*Q13, 0) -> 0
A14: 46231 | B14: 0.53263889 | C14: KFM_BDU_DAN - S01.11 Block A1 Charm Sapphire | D14: {=XLOOKUP(C14,'DS ST'!A:A,'DS ST'!B:B)} -> CHR | E14: {=XLOOKUP($F14,'GIÁ'!$A:$A,'GIÁ'!$E:$E)} -> MÁT | F14: 8936176751090 | G14: TNT - CHUỐI RIM CỐT DỪA 140G | H14: LY | I14: 1 | J14: 0 | K14: =I14-J14 -> 1 | L14: PT1580407 | M14: TRBCHR181 | N14: TO224307 | P14: 1 | Q14: =I14-J14-O14-P14 -> 0 | R14: PT1582229 | V14: Thiếu Item trong kiện | W14: DC thao tác sai | X14: =IF(VALUE(O14)<=0,"",IF(TRIM(W14)="Hao hụt","Hao hụt","Hao hụt")) | Y14: =IF(AND(N(P14)>0,OR(W14="DC giao bù",W14="VT giao sai điểm",W14="ST nhập thiếu",W14="DC pick sai",W14="ST kiểm sai QT",W14="ST thông tin sai/không phản hồi",W14="DC thao tác sai")),"Siêu thị","") -> Siêu thị | Z14: =IF(N(Q14)<=0,"",IF(ISNUMBER(SEARCH("Thiếu kiện",V14)),"Kho đông mát",IF(AND(N(Q14)>0,N(P14)>0,OR(ISNUMBER(SEARCH("Hình KDB",U14)),ISNUMBER(SEARCH("Hình tele",U14)),ISNUMBER(SEARCH("sai code",U14)),ISNUMBER(SEARCH("ST nhận",U14)))),"Kho đông mát",IF(AND(W14="DC giao thiếu",OR(ISNUMBER(SEARCH("Hình KDB",U14)),ISNUMBER(SEARCH("Hình tele",U14)),ISNUMBER(SEARCH("sai code",U14)))),"Kho đông mát",IF(W14="DC giao thiếu","Chưa xác định",IF(AND(W14="DC pick sai",OR(ISNUMBER(SEARCH("Hình KDB",U14)),ISNUMBER(SEARCH("Hình tele",U14)),ISNUMBER(SEARCH("sai code",U14)),ISNUMBER(SEARCH("ST nhận",U14)))),"Kho đông mát",IF(W14="DC pick sai","Chưa xác định",IF(AND(W14="Hao hụt",N(O14)>0,OR(ISNUMBER(SEARCH("Hình KDB",U14)),ISNUMBER(SEARCH("Hình tele",U14)),ISNUMBER(SEARCH("sai code",U14)),ISNUMBER(SEARCH("ST nhận",U14)))),"Kho đông mát",IF(W14="Hao hụt","Chưa xác định",IF(OR(W14="VT giao sai điểm",W14="Không đạt nhiệt độ",W14="TX giao thiếu kiện",W14="Hàng không đạt CL"),"Kho đông mát",IF(W14="Chưa xác định","Chưa xác định",IF(N(P14)>0,"Chưa xác định","")))))))))))) | AA14: Hoàn Thành | AG14: {=XLOOKUP(F14,'CLV2'!A:A,'CLV2'!E:E)} -> 2.DELICA | AH14: {=XLOOKUP(F14,'CLV2'!A:A,'CLV2'!F:F)} -> 3.DESSERTS | AI14: =if(H14="KG","KG","Pack") -> Pack | AJ14: =K14/I14 -> 1 | AK14: {=XLOOKUP(F14,'GIÁ'!A:A,'GIÁ'!D:D)} -> 6650.00 | AL14: =VALUE(SUBSTITUTE(AK14, ".", ","))*K14 -> 6650 | AM14: =IF($X:$X="Hao hụt", VALUE(SUBSTITUTE($AK14, ".", ","))*O14, 0) -> 0 | AN14: =IF($Y:$Y="Siêu thị", VALUE(SUBSTITUTE(AK14, ".", ","))*P14, 0) -> 6650 | AO14: =IF($Z:$Z="Kho đông mát", VALUE(SUBSTITUTE(AK14, ".", ","))*Q14, 0) -> 0 | AP14: =IF($Z:$Z="Chưa xác định", VALUE(SUBSTITUTE(AK14, ".", ","))*Q14, 0) -> 0
A15: 46231 | B15: 0.53263889 | C15: KFM_BDU_DAN - S01.11 Block A1 Charm Sapphire | D15: {=XLOOKUP(C15,'DS ST'!A:A,'DS ST'!B:B)} -> CHR | E15: {=XLOOKUP($F15,'GIÁ'!$A:$A,'GIÁ'!$E:$E)} -> MÁT | F15: 8936076271957 | G15: SAVOURE - BÁNH ỐC KEM 70G | H15: TÚI | I15: 1 | J15: 0 | K15: =I15-J15 -> 1 | L15: PT1580407 | M15: TRBCHR183 | N15: TO224285 | P15: 1 | Q15: =I15-J15-O15-P15 -> 0 | R15: PT1582229 | V15: Thiếu Item trong kiện | W15: DC thao tác sai | X15: =IF(VALUE(O15)<=0,"",IF(TRIM(W15)="Hao hụt","Hao hụt","Hao hụt")) | Y15: =IF(AND(N(P15)>0,OR(W15="DC giao bù",W15="VT giao sai điểm",W15="ST nhập thiếu",W15="DC pick sai",W15="ST kiểm sai QT",W15="ST thông tin sai/không phản hồi",W15="DC thao tác sai")),"Siêu thị","") -> Siêu thị | Z15: =IF(N(Q15)<=0,"",IF(ISNUMBER(SEARCH("Thiếu kiện",V15)),"Kho đông mát",IF(AND(N(Q15)>0,N(P15)>0,OR(ISNUMBER(SEARCH("Hình KDB",U15)),ISNUMBER(SEARCH("Hình tele",U15)),ISNUMBER(SEARCH("sai code",U15)),ISNUMBER(SEARCH("ST nhận",U15)))),"Kho đông mát",IF(AND(W15="DC giao thiếu",OR(ISNUMBER(SEARCH("Hình KDB",U15)),ISNUMBER(SEARCH("Hình tele",U15)),ISNUMBER(SEARCH("sai code",U15)))),"Kho đông mát",IF(W15="DC giao thiếu","Chưa xác định",IF(AND(W15="DC pick sai",OR(ISNUMBER(SEARCH("Hình KDB",U15)),ISNUMBER(SEARCH("Hình tele",U15)),ISNUMBER(SEARCH("sai code",U15)),ISNUMBER(SEARCH("ST nhận",U15)))),"Kho đông mát",IF(W15="DC pick sai","Chưa xác định",IF(AND(W15="Hao hụt",N(O15)>0,OR(ISNUMBER(SEARCH("Hình KDB",U15)),ISNUMBER(SEARCH("Hình tele",U15)),ISNUMBER(SEARCH("sai code",U15)),ISNUMBER(SEARCH("ST nhận",U15)))),"Kho đông mát",IF(W15="Hao hụt","Chưa xác định",IF(OR(W15="VT giao sai điểm",W15="Không đạt nhiệt độ",W15="TX giao thiếu kiện",W15="Hàng không đạt CL"),"Kho đông mát",IF(W15="Chưa xác định","Chưa xác định",IF(N(P15)>0,"Chưa xác định","")))))))))))) | AA15: Hoàn Thành | AG15: {=XLOOKUP(F15,'CLV2'!A:A,'CLV2'!E:E)} -> 2.BAKERY | AH15: {=XLOOKUP(F15,'CLV2'!A:A,'CLV2'!F:F)} -> 3.CAKES | AI15: =if(H15="KG","KG","Pack") -> Pack | AJ15: =K15/I15 -> 1 | AK15: {=XLOOKUP(F15,'GIÁ'!A:A,'GIÁ'!D:D)} -> 8898.99 | AL15: =VALUE(SUBSTITUTE(AK15, ".", ","))*K15 -> 8898.99 | AM15: =IF($X:$X="Hao hụt", VALUE(SUBSTITUTE($AK15, ".", ","))*O15, 0) -> 0 | AN15: =IF($Y:$Y="Siêu thị", VALUE(SUBSTITUTE(AK15, ".", ","))*P15, 0) -> 8898.99 | AO15: =IF($Z:$Z="Kho đông mát", VALUE(SUBSTITUTE(AK15, ".", ","))*Q15, 0) -> 0 | AP15: =IF($Z:$Z="Chưa xác định", VALUE(SUBSTITUTE(AK15, ".", ","))*Q15, 0) -> 0
A16: 46231 | B16: 0.53263889 | C16: KFM_BDU_DAN - S01.11 Block A1 Charm Sapphire | D16: {=XLOOKUP(C16,'DS ST'!A:A,'DS ST'!B:B)} -> CHR | E16: {=XLOOKUP($F16,'GIÁ'!$A:$A,'GIÁ'!$E:$E)} -> MÁT | F16: 8936243700136 | G16: HẢI ĐĂNG - MAKIZUSHI BÒ 163G | H16: HỘP | I16: 1 | J16: 0 | K16: =I16-J16 -> 1 | L16: PT1580407 | M16: TRBCHR183 | N16: TO224285 | P16: 1 | Q16: =I16-J16-O16-P16 -> 0 | R16: PT1582229 | V16: Thiếu Item trong kiện | W16: DC thao tác sai | X16: =IF(VALUE(O16)<=0,"",IF(TRIM(W16)="Hao hụt","Hao hụt","Hao hụt")) | Y16: =IF(AND(N(P16)>0,OR(W16="DC giao bù",W16="VT giao sai điểm",W16="ST nhập thiếu",W16="DC pick sai",W16="ST kiểm sai QT",W16="ST thông tin sai/không phản hồi",W16="DC thao tác sai")),"Siêu thị","") -> Siêu thị | Z16: =IF(N(Q16)<=0,"",IF(ISNUMBER(SEARCH("Thiếu kiện",V16)),"Kho đông mát",IF(AND(N(Q16)>0,N(P16)>0,OR(ISNUMBER(SEARCH("Hình KDB",U16)),ISNUMBER(SEARCH("Hình tele",U16)),ISNUMBER(SEARCH("sai code",U16)),ISNUMBER(SEARCH("ST nhận",U16)))),"Kho đông mát",IF(AND(W16="DC giao thiếu",OR(ISNUMBER(SEARCH("Hình KDB",U16)),ISNUMBER(SEARCH("Hình tele",U16)),ISNUMBER(SEARCH("sai code",U16)))),"Kho đông mát",IF(W16="DC giao thiếu","Chưa xác định",IF(AND(W16="DC pick sai",OR(ISNUMBER(SEARCH("Hình KDB",U16)),ISNUMBER(SEARCH("Hình tele",U16)),ISNUMBER(SEARCH("sai code",U16)),ISNUMBER(SEARCH("ST nhận",U16)))),"Kho đông mát",IF(W16="DC pick sai","Chưa xác định",IF(AND(W16="Hao hụt",N(O16)>0,OR(ISNUMBER(SEARCH("Hình KDB",U16)),ISNUMBER(SEARCH("Hình tele",U16)),ISNUMBER(SEARCH("sai code",U16)),ISNUMBER(SEARCH("ST nhận",U16)))),"Kho đông mát",IF(W16="Hao hụt","Chưa xác định",IF(OR(W16="VT giao sai điểm",W16="Không đạt nhiệt độ",W16="TX giao thiếu kiện",W16="Hàng không đạt CL"),"Kho đông mát",IF(W16="Chưa xác định","Chưa xác định",IF(N(P16)>0,"Chưa xác định","")))))))))))) | AA16: Hoàn Thành | AG16: {=XLOOKUP(F16,'CLV2'!A:A,'CLV2'!E:E)} -> 2.DELICA | AH16: {=XLOOKUP(F16,'CLV2'!A:A,'CLV2'!F:F)} -> 3.COLD AND HOT DELICA | AI16: =if(H16="KG","KG","Pack") -> Pack | AJ16: =K16/I16 -> 1 | AK16: {=XLOOKUP(F16,'GIÁ'!A:A,'GIÁ'!D:D)} -> 21700.00 | AL16: =VALUE(SUBSTITUTE(AK16, ".", ","))*K16 -> 21700 | AM16: =IF($X:$X="Hao hụt", VALUE(SUBSTITUTE($AK16, ".", ","))*O16, 0) -> 0 | AN16: =IF($Y:$Y="Siêu thị", VALUE(SUBSTITUTE(AK16, ".", ","))*P16, 0) -> 21700 | AO16: =IF($Z:$Z="Kho đông mát", VALUE(SUBSTITUTE(AK16, ".", ","))*Q16, 0) -> 0 | AP16: =IF($Z:$Z="Chưa xác định", VALUE(SUBSTITUTE(AK16, ".", ","))*Q16, 0) -> 0
A17: 46231 | B17: 0.53263889 | C17: KFM_BDU_DAN - S01.11 Block A1 Charm Sapphire | D17: {=XLOOKUP(C17,'DS ST'!A:A,'DS ST'!B:B)} -> CHR | E17: {=XLOOKUP($F17,'GIÁ'!$A:$A,'GIÁ'!$E:$E)} -> MÁT | F17: 8936243700174 | G17: HẢI ĐĂNG - CƠM NGHÊU THỊT XÀO CAY 282G | H17: HỘP | I17: 1 | J17: 0 | K17: =I17-J17 -> 1 | L17: PT1580407 | M17: TRBCHR183 | N17: TO224285 | P17: 1 | Q17: =I17-J17-O17-P17 -> 0 | R17: PT1582229 | V17: Thiếu Item trong kiện | W17: DC thao tác sai | X17: =IF(VALUE(O17)<=0,"",IF(TRIM(W17)="Hao hụt","Hao hụt","Hao hụt")) | Y17: =IF(AND(N(P17)>0,OR(W17="DC giao bù",W17="VT giao sai điểm",W17="ST nhập thiếu",W17="DC pick sai",W17="ST kiểm sai QT",W17="ST thông tin sai/không phản hồi",W17="DC thao tác sai")),"Siêu thị","") -> Siêu thị | Z17: =IF(N(Q17)<=0,"",IF(ISNUMBER(SEARCH("Thiếu kiện",V17)),"Kho đông mát",IF(AND(N(Q17)>0,N(P17)>0,OR(ISNUMBER(SEARCH("Hình KDB",U17)),ISNUMBER(SEARCH("Hình tele",U17)),ISNUMBER(SEARCH("sai code",U17)),ISNUMBER(SEARCH("ST nhận",U17)))),"Kho đông mát",IF(AND(W17="DC giao thiếu",OR(ISNUMBER(SEARCH("Hình KDB",U17)),ISNUMBER(SEARCH("Hình tele",U17)),ISNUMBER(SEARCH("sai code",U17)))),"Kho đông mát",IF(W17="DC giao thiếu","Chưa xác định",IF(AND(W17="DC pick sai",OR(ISNUMBER(SEARCH("Hình KDB",U17)),ISNUMBER(SEARCH("Hình tele",U17)),ISNUMBER(SEARCH("sai code",U17)),ISNUMBER(SEARCH("ST nhận",U17)))),"Kho đông mát",IF(W17="DC pick sai","Chưa xác định",IF(AND(W17="Hao hụt",N(O17)>0,OR(ISNUMBER(SEARCH("Hình KDB",U17)),ISNUMBER(SEARCH("Hình tele",U17)),ISNUMBER(SEARCH("sai code",U17)),ISNUMBER(SEARCH("ST nhận",U17)))),"Kho đông mát",IF(W17="Hao hụt","Chưa xác định",IF(OR(W17="VT giao sai điểm",W17="Không đạt nhiệt độ",W17="TX giao thiếu kiện",W17="Hàng không đạt CL"),"Kho đông mát",IF(W17="Chưa xác định","Chưa xác định",IF(N(P17)>0,"Chưa xác định","")))))))))))) | AA17: Hoàn Thành | AG17: {=XLOOKUP(F17,'CLV2'!A:A,'CLV2'!E:E)} -> 2.DELICA | AH17: {=XLOOKUP(F17,'CLV2'!A:A,'CLV2'!F:F)} -> 3.COLD AND HOT DELICA | AI17: =if(H17="KG","KG","Pack") -> Pack | AJ17: =K17/I17 -> 1 | AK17: {=XLOOKUP(F17,'GIÁ'!A:A,'GIÁ'!D:D)} -> 23138.19 | AL17: =VALUE(SUBSTITUTE(AK17, ".", ","))*K17 -> 23138.19 | AM17: =IF($X:$X="Hao hụt", VALUE(SUBSTITUTE($AK17, ".", ","))*O17, 0) -> 0 | AN17: =IF($Y:$Y="Siêu thị", VALUE(SUBSTITUTE(AK17, ".", ","))*P17, 0) -> 23138.19 | AO17: =IF($Z:$Z="Kho đông mát", VALUE(SUBSTITUTE(AK17, ".", ","))*Q17, 0) -> 0 | AP17: =IF($Z:$Z="Chưa xác định", VALUE(SUBSTITUTE(AK17, ".", ","))*Q17, 0) -> 0
A18: 46231 | B18: 0.53263889 | C18: KFM_BDU_DAN - S01.11 Block A1 Charm Sapphire | D18: {=XLOOKUP(C18,'DS ST'!A:A,'DS ST'!B:B)} -> CHR | E18: {=XLOOKUP($F18,'GIÁ'!$A:$A,'GIÁ'!$E:$E)} -> MÁT | F18: 8936243700167 | G18: HẢI ĐĂNG - CƠM CHIÊN TRỨNG CUỘN 269G | H18: HỘP | I18: 1 | J18: 0 | K18: =I18-J18 -> 1 | L18: PT1580407 | M18: TRBCHR184 | N18: TO224294 | P18: 1 | Q18: =I18-J18-O18-P18 -> 0 | R18: PT1582229 | V18: Thiếu Item trong kiện | W18: DC thao tác sai | X18: =IF(VALUE(O18)<=0,"",IF(TRIM(W18)="Hao hụt","Hao hụt","Hao hụt")) | Y18: =IF(AND(N(P18)>0,OR(W18="DC giao bù",W18="VT giao sai điểm",W18="ST nhập thiếu",W18="DC pick sai",W18="ST kiểm sai QT",W18="ST thông tin sai/không phản hồi",W18="DC thao tác sai")),"Siêu thị","") -> Siêu thị | Z18: =IF(N(Q18)<=0,"",IF(ISNUMBER(SEARCH("Thiếu kiện",V18)),"Kho đông mát",IF(AND(N(Q18)>0,N(P18)>0,OR(ISNUMBER(SEARCH("Hình KDB",U18)),ISNUMBER(SEARCH("Hình tele",U18)),ISNUMBER(SEARCH("sai code",U18)),ISNUMBER(SEARCH("ST nhận",U18)))),"Kho đông mát",IF(AND(W18="DC giao thiếu",OR(ISNUMBER(SEARCH("Hình KDB",U18)),ISNUMBER(SEARCH("Hình tele",U18)),ISNUMBER(SEARCH("sai code",U18)))),"Kho đông mát",IF(W18="DC giao thiếu","Chưa xác định",IF(AND(W18="DC pick sai",OR(ISNUMBER(SEARCH("Hình KDB",U18)),ISNUMBER(SEARCH("Hình tele",U18)),ISNUMBER(SEARCH("sai code",U18)),ISNUMBER(SEARCH("ST nhận",U18)))),"Kho đông mát",IF(W18="DC pick sai","Chưa xác định",IF(AND(W18="Hao hụt",N(O18)>0,OR(ISNUMBER(SEARCH("Hình KDB",U18)),ISNUMBER(SEARCH("Hình tele",U18)),ISNUMBER(SEARCH("sai code",U18)),ISNUMBER(SEARCH("ST nhận",U18)))),"Kho đông mát",IF(W18="Hao hụt","Chưa xác định",IF(OR(W18="VT giao sai điểm",W18="Không đạt nhiệt độ",W18="TX giao thiếu kiện",W18="Hàng không đạt CL"),"Kho đông mát",IF(W18="Chưa xác định","Chưa xác định",IF(N(P18)>0,"Chưa xác định","")))))))))))) | AA18: Hoàn Thành | AG18: {=XLOOKUP(F18,'CLV2'!A:A,'CLV2'!E:E)} -> 2.DELICA | AH18: {=XLOOKUP(F18,'CLV2'!A:A,'CLV2'!F:F)} -> 3.COLD AND HOT DELICA | AI18: =if(H18="KG","KG","Pack") -> Pack | AJ18: =K18/I18 -> 1 | AK18: {=XLOOKUP(F18,'GIÁ'!A:A,'GIÁ'!D:D)} -> 20400.00 | AL18: =VALUE(SUBSTITUTE(AK18, ".", ","))*K18 -> 20400 | AM18: =IF($X:$X="Hao hụt", VALUE(SUBSTITUTE($AK18, ".", ","))*O18, 0) -> 0 | AN18: =IF($Y:$Y="Siêu thị", VALUE(SUBSTITUTE(AK18, ".", ","))*P18, 0) -> 20400 | AO18: =IF($Z:$Z="Kho đông mát", VALUE(SUBSTITUTE(AK18, ".", ","))*Q18, 0) -> 0 | AP18: =IF($Z:$Z="Chưa xác định", VALUE(SUBSTITUTE(AK18, ".", ","))*Q18, 0) -> 0
A19: 46231 | B19: 0.53263889 | C19: KFM_BDU_DAN - S01.11 Block A1 Charm Sapphire | D19: {=XLOOKUP(C19,'DS ST'!A:A,'DS ST'!B:B)} -> CHR | E19: {=XLOOKUP($F19,'GIÁ'!$A:$A,'GIÁ'!$E:$E)} -> MÁT | F19: 8938505512211 | G19: SENTA - KHOAI MÔN GỌT VỎ 400G | H19: GÓI | I19: 1 | J19: 0 | K19: =I19-J19 -> 1 | L19: PT1580407 | M19: TRBCHR194 | N19: TO224318 | P19: 1 | Q19: =I19-J19-O19-P19 -> 0 | R19: PT1582196 | V19: Thiếu Item trong kiện | W19: DC thao tác sai | X19: =IF(VALUE(O19)<=0,"",IF(TRIM(W19)="Hao hụt","Hao hụt","Hao hụt")) | Y19: =IF(AND(N(P19)>0,OR(W19="DC giao bù",W19="VT giao sai điểm",W19="ST nhập thiếu",W19="DC pick sai",W19="ST kiểm sai QT",W19="ST thông tin sai/không phản hồi",W19="DC thao tác sai")),"Siêu thị","") -> Siêu thị | Z19: =IF(N(Q19)<=0,"",IF(ISNUMBER(SEARCH("Thiếu kiện",V19)),"Kho đông mát",IF(AND(N(Q19)>0,N(P19)>0,OR(ISNUMBER(SEARCH("Hình KDB",U19)),ISNUMBER(SEARCH("Hình tele",U19)),ISNUMBER(SEARCH("sai code",U19)),ISNUMBER(SEARCH("ST nhận",U19)))),"Kho đông mát",IF(AND(W19="DC giao thiếu",OR(ISNUMBER(SEARCH("Hình KDB",U19)),ISNUMBER(SEARCH("Hình tele",U19)),ISNUMBER(SEARCH("sai code",U19)))),"Kho đông mát",IF(W19="DC giao thiếu","Chưa xác định",IF(AND(W19="DC pick sai",OR(ISNUMBER(SEARCH("Hình KDB",U19)),ISNUMBER(SEARCH("Hình tele",U19)),ISNUMBER(SEARCH("sai code",U19)),ISNUMBER(SEARCH("ST nhận",U19)))),"Kho đông mát",IF(W19="DC pick sai","Chưa xác định",IF(AND(W19="Hao hụt",N(O19)>0,OR(ISNUMBER(SEARCH("Hình KDB",U19)),ISNUMBER(SEARCH("Hình tele",U19)),ISNUMBER(SEARCH("sai code",U19)),ISNUMBER(SEARCH("ST nhận",U19)))),"Kho đông mát",IF(W19="Hao hụt","Chưa xác định",IF(OR(W19="VT giao sai điểm",W19="Không đạt nhiệt độ",W19="TX giao thiếu kiện",W19="Hàng không đạt CL"),"Kho đông mát",IF(W19="Chưa xác định","Chưa xác định",IF(N(P19)>0,"Chưa xác định","")))))))))))) | AA19: Hoàn Thành | AG19: {=XLOOKUP(F19,'CLV2'!A:A,'CLV2'!E:E)} -> 2.VEGETABLES | AH19: {=XLOOKUP(F19,'CLV2'!A:A,'CLV2'!F:F)} -> 3.PROCESSED VEGGIES | AI19: =if(H19="KG","KG","Pack") -> Pack | AJ19: =K19/I19 -> 1 | AK19: {=XLOOKUP(F19,'GIÁ'!A:A,'GIÁ'!D:D)} -> 22493.70 | AL19: =VALUE(SUBSTITUTE(AK19, ".", ","))*K19 -> 22493.7 | AM19: =IF($X:$X="Hao hụt", VALUE(SUBSTITUTE($AK19, ".", ","))*O19, 0) -> 0 | AN19: =IF($Y:$Y="Siêu thị", VALUE(SUBSTITUTE(AK19, ".", ","))*P19, 0) -> 22493.7 | AO19: =IF($Z:$Z="Kho đông mát", VALUE(SUBSTITUTE(AK19, ".", ","))*Q19, 0) -> 0 | AP19: =IF($Z:$Z="Chưa xác định", VALUE(SUBSTITUTE(AK19, ".", ","))*Q19, 0) -> 0
A20: 46231 | B20: 0.53263889 | C20: KFM_BDU_DAN - S01.11 Block A1 Charm Sapphire | D20: {=XLOOKUP(C20,'DS ST'!A:A,'DS ST'!B:B)} -> CHR | E20: {=XLOOKUP($F20,'GIÁ'!$A:$A,'GIÁ'!$E:$E)} -> MÁT | F20: 8935335403443 | G20: THỌ PHÁT - BÁNH BAO GÀ NƯỚNG PHÔ MAI 100G | H20: CÁI | I20: 13 | J20: 0 | K20: =I20-J20 -> 13 | L20: PT1580407 | M20: TRBCHR222 | N20: TO224291 | P20: 13 | Q20: =I20-J20-O20-P20 -> 0 | R20: PT1582138 | V20: Thiếu Item trong kiện | W20: DC thao tác sai | X20: =IF(VALUE(O20)<=0,"",IF(TRIM(W20)="Hao hụt","Hao hụt","Hao hụt")) | Y20: =IF(AND(N(P20)>0,OR(W20="DC giao bù",W20="VT giao sai điểm",W20="ST nhập thiếu",W20="DC pick sai",W20="ST kiểm sai QT",W20="ST thông tin sai/không phản hồi",W20="DC thao tác sai")),"Siêu thị","") -> Siêu thị | Z20: =IF(N(Q20)<=0,"",IF(ISNUMBER(SEARCH("Thiếu kiện",V20)),"Kho đông mát",IF(AND(N(Q20)>0,N(P20)>0,OR(ISNUMBER(SEARCH("Hình KDB",U20)),ISNUMBER(SEARCH("Hình tele",U20)),ISNUMBER(SEARCH("sai code",U20)),ISNUMBER(SEARCH("ST nhận",U20)))),"Kho đông mát",IF(AND(W20="DC giao thiếu",OR(ISNUMBER(SEARCH("Hình KDB",U20)),ISNUMBER(SEARCH("Hình tele",U20)),ISNUMBER(SEARCH("sai code",U20)))),"Kho đông mát",IF(W20="DC giao thiếu","Chưa xác định",IF(AND(W20="DC pick sai",OR(ISNUMBER(SEARCH("Hình KDB",U20)),ISNUMBER(SEARCH("Hình tele",U20)),ISNUMBER(SEARCH("sai code",U20)),ISNUMBER(SEARCH("ST nhận",U20)))),"Kho đông mát",IF(W20="DC pick sai","Chưa xác định",IF(AND(W20="Hao hụt",N(O20)>0,OR(ISNUMBER(SEARCH("Hình KDB",U20)),ISNUMBER(SEARCH("Hình tele",U20)),ISNUMBER(SEARCH("sai code",U20)),ISNUMBER(SEARCH("ST nhận",U20)))),"Kho đông mát",IF(W20="Hao hụt","Chưa xác định",IF(OR(W20="VT giao sai điểm",W20="Không đạt nhiệt độ",W20="TX giao thiếu kiện",W20="Hàng không đạt CL"),"Kho đông mát",IF(W20="Chưa xác định","Chưa xác định",IF(N(P20)>0,"Chưa xác định","")))))))))))) | AA20: Hoàn Thành | AG20: {=XLOOKUP(F20,'CLV2'!A:A,'CLV2'!E:E)} -> 2.DELICA | AH20: {=XLOOKUP(F20,'CLV2'!A:A,'CLV2'!F:F)} -> 3.COLD AND HOT DELICA | AI20: =if(H20="KG","KG","Pack") -> Pack | AJ20: =K20/I20 -> 1 | AK20: {=XLOOKUP(F20,'GIÁ'!A:A,'GIÁ'!D:D)} -> 11574.00 | AL20: =VALUE(SUBSTITUTE(AK20, ".", ","))*K20 -> 150462 | AM20: =IF($X:$X="Hao hụt", VALUE(SUBSTITUTE($AK20, ".", ","))*O20, 0) -> 0 | AN20: =IF($Y:$Y="Siêu thị", VALUE(SUBSTITUTE(AK20, ".", ","))*P20, 0) -> 150462 | AO20: =IF($Z:$Z="Kho đông mát", VALUE(SUBSTITUTE(AK20, ".", ","))*Q20, 0) -> 0 | AP20: =IF($Z:$Z="Chưa xác định", VALUE(SUBSTITUTE(AK20, ".", ","))*Q20, 0) -> 0
A21: 46231 | B21: 0.53263889 | C21: KFM_BDU_DAN - S01.11 Block A1 Charm Sapphire | D21: {=XLOOKUP(C21,'DS ST'!A:A,'DS ST'!B:B)} -> CHR | E21: {=XLOOKUP($F21,'GIÁ'!$A:$A,'GIÁ'!$E:$E)} -> MÁT | F21: 8938511301618 | G21: THƠM - HỒNG TRÀ SỮA BÁ TƯỚC 250ML | H21: CHAI | I21: 3 | J21: 0 | K21: =I21-J21 -> 3 | L21: PT1580407 | M21: TRBCHR222 | N21: TO224291 | P21: 3 | Q21: =I21-J21-O21-P21 -> 0 | R21: PT1582138 | V21: Thiếu Item trong kiện | W21: DC thao tác sai | X21: =IF(VALUE(O21)<=0,"",IF(TRIM(W21)="Hao hụt","Hao hụt","Hao hụt")) | Y21: =IF(AND(N(P21)>0,OR(W21="DC giao bù",W21="VT giao sai điểm",W21="ST nhập thiếu",W21="DC pick sai",W21="ST kiểm sai QT",W21="ST thông tin sai/không phản hồi",W21="DC thao tác sai")),"Siêu thị","") -> Siêu thị | Z21: =IF(N(Q21)<=0,"",IF(ISNUMBER(SEARCH("Thiếu kiện",V21)),"Kho đông mát",IF(AND(N(Q21)>0,N(P21)>0,OR(ISNUMBER(SEARCH("Hình KDB",U21)),ISNUMBER(SEARCH("Hình tele",U21)),ISNUMBER(SEARCH("sai code",U21)),ISNUMBER(SEARCH("ST nhận",U21)))),"Kho đông mát",IF(AND(W21="DC giao thiếu",OR(ISNUMBER(SEARCH("Hình KDB",U21)),ISNUMBER(SEARCH("Hình tele",U21)),ISNUMBER(SEARCH("sai code",U21)))),"Kho đông mát",IF(W21="DC giao thiếu","Chưa xác định",IF(AND(W21="DC pick sai",OR(ISNUMBER(SEARCH("Hình KDB",U21)),ISNUMBER(SEARCH("Hình tele",U21)),ISNUMBER(SEARCH("sai code",U21)),ISNUMBER(SEARCH("ST nhận",U21)))),"Kho đông mát",IF(W21="DC pick sai","Chưa xác định",IF(AND(W21="Hao hụt",N(O21)>0,OR(ISNUMBER(SEARCH("Hình KDB",U21)),ISNUMBER(SEARCH("Hình tele",U21)),ISNUMBER(SEARCH("sai code",U21)),ISNUMBER(SEARCH("ST nhận",U21)))),"Kho đông mát",IF(W21="Hao hụt","Chưa xác định",IF(OR(W21="VT giao sai điểm",W21="Không đạt nhiệt độ",W21="TX giao thiếu kiện",W21="Hàng không đạt CL"),"Kho đông mát",IF(W21="Chưa xác định","Chưa xác định",IF(N(P21)>0,"Chưa xác định","")))))))))))) | AA21: Hoàn Thành | AG21: {=XLOOKUP(F21,'CLV2'!A:A,'CLV2'!E:E)} -> 2.DELICA | AH21: {=XLOOKUP(F21,'CLV2'!A:A,'CLV2'!F:F)} -> 3.DRINKS | AI21: =if(H21="KG","KG","Pack") -> Pack | AJ21: =K21/I21 -> 1 | AK21: {=XLOOKUP(F21,'GIÁ'!A:A,'GIÁ'!D:D)} -> 11687.57 | AL21: =VALUE(SUBSTITUTE(AK21, ".", ","))*K21 -> 35062.71 | AM21: =IF($X:$X="Hao hụt", VALUE(SUBSTITUTE($AK21, ".", ","))*O21, 0) -> 0 | AN21: =IF($Y:$Y="Siêu thị", VALUE(SUBSTITUTE(AK21, ".", ","))*P21, 0) -> 35062.71 | AO21: =IF($Z:$Z="Kho đông mát", VALUE(SUBSTITUTE(AK21, ".", ","))*Q21, 0) -> 0 | AP21: =IF($Z:$Z="Chưa xác định", VALUE(SUBSTITUTE(AK21, ".", ","))*Q21, 0) -> 0
A22: 46231 | B22: 0.53263889 | C22: KFM_BDU_DAN - S01.11 Block A1 Charm Sapphire | D22: {=XLOOKUP(C22,'DS ST'!A:A,'DS ST'!B:B)} -> CHR | E22: {=XLOOKUP($F22,'GIÁ'!$A:$A,'GIÁ'!$E:$E)} -> MÁT | F22: 11542 | G22: HỖN HỢP SU SU VÀ CÀ RỐT 300G | H22: KHAY | I22: 2 | J22: 0 | K22: =I22-J22 -> 2 | L22: PT1580407 | M22: TRBCHR224 | N22: TO224283 | Q22: =I22-J22-O22-P22 -> 2 | V22: Thiếu Item trong kiện | W22: DC giao thiếu | X22: =IF(VALUE(O22)<=0,"",IF(TRIM(W22)="Hao hụt","Hao hụt","Hao hụt")) | Y22: =IF(AND(N(P22)>0,OR(W22="DC giao bù",W22="VT giao sai điểm",W22="ST nhập thiếu",W22="DC pick sai",W22="ST kiểm sai QT",W22="ST thông tin sai/không phản hồi",W22="DC thao tác sai")),"Siêu thị","") | Z22: Kho đông mát | AA22: Hoàn Thành | AB22: CHR.mp4 | AC22: Đồng ý claim | AG22: {=XLOOKUP(F22,'CLV2'!A:A,'CLV2'!E:E)} -> 2.VEGETABLES | AH22: {=XLOOKUP(F22,'CLV2'!A:A,'CLV2'!F:F)} -> 3.PROCESSED VEGGIES | AI22: =if(H22="KG","KG","Pack") -> Pack | AJ22: =K22/I22 -> 1 | AK22: {=XLOOKUP(F22,'GIÁ'!A:A,'GIÁ'!D:D)} -> 14473.30 | AL22: =VALUE(SUBSTITUTE(AK22, ".", ","))*K22 -> 28946.6 | AM22: =IF($X:$X="Hao hụt", VALUE(SUBSTITUTE($AK22, ".", ","))*O22, 0) -> 0 | AN22: =IF($Y:$Y="Siêu thị", VALUE(SUBSTITUTE(AK22, ".", ","))*P22, 0) -> 0 | AO22: =IF($Z:$Z="Kho đông mát", VALUE(SUBSTITUTE(AK22, ".", ","))*Q22, 0) -> 28946.6 | AP22: =IF($Z:$Z="Chưa xác định", VALUE(SUBSTITUTE(AK22, ".", ","))*Q22, 0) -> 0
A23: 46231 | B23: 0.53263889 | C23: KFM_BDU_DAN - S01.11 Block A1 Charm Sapphire | D23: {=XLOOKUP(C23,'DS ST'!A:A,'DS ST'!B:B)} -> CHR | E23: {=XLOOKUP($F23,'GIÁ'!$A:$A,'GIÁ'!$E:$E)} -> MÁT | F23: 8935335403436 | G23: THỌ PHÁT - BÁNH BAO THỊT HEO 2 TRỨNG CÚT 150G | H23: CÁI | I23: 19 | J23: 0 | K23: =I23-J23 -> 19 | L23: PT1580407 | M23: TRBCHR225 | N23: TO224304 | P23: 19 | Q23: =I23-J23-O23-P23 -> 0 | R23: PT1582233 | V23: Thiếu Item trong kiện | W23: DC thao tác sai | X23: =IF(VALUE(O23)<=0,"",IF(TRIM(W23)="Hao hụt","Hao hụt","Hao hụt")) | Y23: =IF(AND(N(P23)>0,OR(W23="DC giao bù",W23="VT giao sai điểm",W23="ST nhập thiếu",W23="DC pick sai",W23="ST kiểm sai QT",W23="ST thông tin sai/không phản hồi",W23="DC thao tác sai")),"Siêu thị","") -> Siêu thị | Z23: =IF(N(Q23)<=0,"",IF(ISNUMBER(SEARCH("Thiếu kiện",V23)),"Kho đông mát",IF(AND(N(Q23)>0,N(P23)>0,OR(ISNUMBER(SEARCH("Hình KDB",U23)),ISNUMBER(SEARCH("Hình tele",U23)),ISNUMBER(SEARCH("sai code",U23)),ISNUMBER(SEARCH("ST nhận",U23)))),"Kho đông mát",IF(AND(W23="DC giao thiếu",OR(ISNUMBER(SEARCH("Hình KDB",U23)),ISNUMBER(SEARCH("Hình tele",U23)),ISNUMBER(SEARCH("sai code",U23)))),"Kho đông mát",IF(W23="DC giao thiếu","Chưa xác định",IF(AND(W23="DC pick sai",OR(ISNUMBER(SEARCH("Hình KDB",U23)),ISNUMBER(SEARCH("Hình tele",U23)),ISNUMBER(SEARCH("sai code",U23)),ISNUMBER(SEARCH("ST nhận",U23)))),"Kho đông mát",IF(W23="DC pick sai","Chưa xác định",IF(AND(W23="Hao hụt",N(O23)>0,OR(ISNUMBER(SEARCH("Hình KDB",U23)),ISNUMBER(SEARCH("Hình tele",U23)),ISNUMBER(SEARCH("sai code",U23)),ISNUMBER(SEARCH("ST nhận",U23)))),"Kho đông mát",IF(W23="Hao hụt","Chưa xác định",IF(OR(W23="VT giao sai điểm",W23="Không đạt nhiệt độ",W23="TX giao thiếu kiện",W23="Hàng không đạt CL"),"Kho đông mát",IF(W23="Chưa xác định","Chưa xác định",IF(N(P23)>0,"Chưa xác định","")))))))))))) | AA23: Hoàn Thành | AG23: {=XLOOKUP(F23,'CLV2'!A:A,'CLV2'!E:E)} -> 2.DELICA | AH23: {=XLOOKUP(F23,'CLV2'!A:A,'CLV2'!F:F)} -> 3.COLD AND HOT DELICA | AI23: =if(H23="KG","KG","Pack") -> Pack | AJ23: =K23/I23 -> 1 | AK23: {=XLOOKUP(F23,'GIÁ'!A:A,'GIÁ'!D:D)} -> 12963.00 | AL23: =VALUE(SUBSTITUTE(AK23, ".", ","))*K23 -> 246297 | AM23: =IF($X:$X="Hao hụt", VALUE(SUBSTITUTE($AK23, ".", ","))*O23, 0) -> 0 | AN23: =IF($Y:$Y="Siêu thị", VALUE(SUBSTITUTE(AK23, ".", ","))*P23, 0) -> 246297 | AO23: =IF($Z:$Z="Kho đông mát", VALUE(SUBSTITUTE(AK23, ".", ","))*Q23, 0) -> 0 | AP23: =IF($Z:$Z="Chưa xác định", VALUE(SUBSTITUTE(AK23, ".", ","))*Q23, 0) -> 0
A24: 46231 | B24: 0.53263889 | C24: KFM_BDU_DAN - S01.11 Block A1 Charm Sapphire | D24: {=XLOOKUP(C24,'DS ST'!A:A,'DS ST'!B:B)} -> CHR | E24: {=XLOOKUP($F24,'GIÁ'!$A:$A,'GIÁ'!$E:$E)} -> MÁT | F24: 8936049693892 | G24: HASFARM - HỖN HỢP XÀ LÁCH BABY 100G ( ĐÃ RỬA SẠCH) | H24: HỘP | I24: 1 | J24: 0 | K24: =I24-J24 -> 1 | L24: PT1580407 | M24: TRBCHR225 | N24: TO224304 | P24: 1 | Q24: =I24-J24-O24-P24 -> 0 | R24: PT1582103 | V24: Thiếu Item trong kiện | W24: DC thao tác sai | X24: =IF(VALUE(O24)<=0,"",IF(TRIM(W24)="Hao hụt","Hao hụt","Hao hụt")) | Y24: =IF(AND(N(P24)>0,OR(W24="DC giao bù",W24="VT giao sai điểm",W24="ST nhập thiếu",W24="DC pick sai",W24="ST kiểm sai QT",W24="ST thông tin sai/không phản hồi",W24="DC thao tác sai")),"Siêu thị","") -> Siêu thị | Z24: =IF(N(Q24)<=0,"",IF(ISNUMBER(SEARCH("Thiếu kiện",V24)),"Kho đông mát",IF(AND(N(Q24)>0,N(P24)>0,OR(ISNUMBER(SEARCH("Hình KDB",U24)),ISNUMBER(SEARCH("Hình tele",U24)),ISNUMBER(SEARCH("sai code",U24)),ISNUMBER(SEARCH("ST nhận",U24)))),"Kho đông mát",IF(AND(W24="DC giao thiếu",OR(ISNUMBER(SEARCH("Hình KDB",U24)),ISNUMBER(SEARCH("Hình tele",U24)),ISNUMBER(SEARCH("sai code",U24)))),"Kho đông mát",IF(W24="DC giao thiếu","Chưa xác định",IF(AND(W24="DC pick sai",OR(ISNUMBER(SEARCH("Hình KDB",U24)),ISNUMBER(SEARCH("Hình tele",U24)),ISNUMBER(SEARCH("sai code",U24)),ISNUMBER(SEARCH("ST nhận",U24)))),"Kho đông mát",IF(W24="DC pick sai","Chưa xác định",IF(AND(W24="Hao hụt",N(O24)>0,OR(ISNUMBER(SEARCH("Hình KDB",U24)),ISNUMBER(SEARCH("Hình tele",U24)),ISNUMBER(SEARCH("sai code",U24)),ISNUMBER(SEARCH("ST nhận",U24)))),"Kho đông mát",IF(W24="Hao hụt","Chưa xác định",IF(OR(W24="VT giao sai điểm",W24="Không đạt nhiệt độ",W24="TX giao thiếu kiện",W24="Hàng không đạt CL"),"Kho đông mát",IF(W24="Chưa xác định","Chưa xác định",IF(N(P24)>0,"Chưa xác định","")))))))))))) | AA24: Hoàn Thành | AG24: {=XLOOKUP(F24,'CLV2'!A:A,'CLV2'!E:E)} -> 2.VEGETABLES | AH24: {=XLOOKUP(F24,'CLV2'!A:A,'CLV2'!F:F)} -> 3.LETTUCE, SNACKABLES | AI24: =if(H24="KG","KG","Pack") -> Pack | AJ24: =K24/I24 -> 1 | AK24: {=XLOOKUP(F24,'GIÁ'!A:A,'GIÁ'!D:D)} -> 20378.31 | AL24: =VALUE(SUBSTITUTE(AK24, ".", ","))*K24 -> 20378.31 | AM24: =IF($X:$X="Hao hụt", VALUE(SUBSTITUTE($AK24, ".", ","))*O24, 0) -> 0 | AN24: =IF($Y:$Y="Siêu thị", VALUE(SUBSTITUTE(AK24, ".", ","))*P24, 0) -> 20378.31 | AO24: =IF($Z:$Z="Kho đông mát", VALUE(SUBSTITUTE(AK24, ".", ","))*Q24, 0) -> 0 | AP24: =IF($Z:$Z="Chưa xác định", VALUE(SUBSTITUTE(AK24, ".", ","))*Q24, 0) -> 0
A25: 46231 | B25: 0.53263889 | C25: KFM_BDU_DAN - S01.11 Block A1 Charm Sapphire | D25: {=XLOOKUP(C25,'DS ST'!A:A,'DS ST'!B:B)} -> CHR | E25: {=XLOOKUP($F25,'GIÁ'!$A:$A,'GIÁ'!$E:$E)} -> MÁT | F25: 8936049694271 | G25: HỖN HỢP BẮP CẢI TRẮNG VÀ CÀ RỐT THÁI SỢI (ĐÃ RỬA SẠCH) 200G | H25: PACK | I25: 1 | J25: 0 | K25: =I25-J25 -> 1 | L25: PT1580407 | M25: TRBCHR225 | N25: TO224304 | P25: 1 | Q25: =I25-J25-O25-P25 -> 0 | R25: PT1582103 | V25: Thiếu Item trong kiện | W25: DC thao tác sai | X25: =IF(VALUE(O25)<=0,"",IF(TRIM(W25)="Hao hụt","Hao hụt","Hao hụt")) | Y25: =IF(AND(N(P25)>0,OR(W25="DC giao bù",W25="VT giao sai điểm",W25="ST nhập thiếu",W25="DC pick sai",W25="ST kiểm sai QT",W25="ST thông tin sai/không phản hồi",W25="DC thao tác sai")),"Siêu thị","") -> Siêu thị | Z25: =IF(N(Q25)<=0,"",IF(ISNUMBER(SEARCH("Thiếu kiện",V25)),"Kho đông mát",IF(AND(N(Q25)>0,N(P25)>0,OR(ISNUMBER(SEARCH("Hình KDB",U25)),ISNUMBER(SEARCH("Hình tele",U25)),ISNUMBER(SEARCH("sai code",U25)),ISNUMBER(SEARCH("ST nhận",U25)))),"Kho đông mát",IF(AND(W25="DC giao thiếu",OR(ISNUMBER(SEARCH("Hình KDB",U25)),ISNUMBER(SEARCH("Hình tele",U25)),ISNUMBER(SEARCH("sai code",U25)))),"Kho đông mát",IF(W25="DC giao thiếu","Chưa xác định",IF(AND(W25="DC pick sai",OR(ISNUMBER(SEARCH("Hình KDB",U25)),ISNUMBER(SEARCH("Hình tele",U25)),ISNUMBER(SEARCH("sai code",U25)),ISNUMBER(SEARCH("ST nhận",U25)))),"Kho đông mát",IF(W25="DC pick sai","Chưa xác định",IF(AND(W25="Hao hụt",N(O25)>0,OR(ISNUMBER(SEARCH("Hình KDB",U25)),ISNUMBER(SEARCH("Hình tele",U25)),ISNUMBER(SEARCH("sai code",U25)),ISNUMBER(SEARCH("ST nhận",U25)))),"Kho đông mát",IF(W25="Hao hụt","Chưa xác định",IF(OR(W25="VT giao sai điểm",W25="Không đạt nhiệt độ",W25="TX giao thiếu kiện",W25="Hàng không đạt CL"),"Kho đông mát",IF(W25="Chưa xác định","Chưa xác định",IF(N(P25)>0,"Chưa xác định","")))))))))))) | AA25: Hoàn Thành | AG25: {=XLOOKUP(F25,'CLV2'!A:A,'CLV2'!E:E)} -> 2.VEGETABLES | AH25: {=XLOOKUP(F25,'CLV2'!A:A,'CLV2'!F:F)} -> 3.PROCESSED VEGGIES | AI25: =if(H25="KG","KG","Pack") -> Pack | AJ25: =K25/I25 -> 1 | AK25: {=XLOOKUP(F25,'GIÁ'!A:A,'GIÁ'!D:D)} -> 14698.02 | AL25: =VALUE(SUBSTITUTE(AK25, ".", ","))*K25 -> 14698.02 | AM25: =IF($X:$X="Hao hụt", VALUE(SUBSTITUTE($AK25, ".", ","))*O25, 0) -> 0 | AN25: =IF($Y:$Y="Siêu thị", VALUE(SUBSTITUTE(AK25, ".", ","))*P25, 0) -> 14698.02 | AO25: =IF($Z:$Z="Kho đông mát", VALUE(SUBSTITUTE(AK25, ".", ","))*Q25, 0) -> 0 | AP25: =IF($Z:$Z="Chưa xác định", VALUE(SUBSTITUTE(AK25, ".", ","))*Q25, 0) -> 0
A26: 46231 | B26: 0.53263889 | C26: KFM_BDU_DAN - S01.11 Block A1 Charm Sapphire | D26: {=XLOOKUP(C26,'DS ST'!A:A,'DS ST'!B:B)} -> CHR | E26: {=XLOOKUP($F26,'GIÁ'!$A:$A,'GIÁ'!$E:$E)} -> MÁT | F26: 8935019503216 | G26: LEGOURMET - XÚC XÍCH VƯỜN BIA 10CM, 200G | H26: GÓI | I26: 2 | J26: 0 | K26: =I26-J26 -> 2 | L26: PT1580407 | M26: TRBCHR225 | N26: TO224304 | P26: 2 | Q26: =I26-J26-O26-P26 -> 0 | R26: PT1582103 | V26: Thiếu Item trong kiện | W26: DC thao tác sai | X26: =IF(VALUE(O26)<=0,"",IF(TRIM(W26)="Hao hụt","Hao hụt","Hao hụt")) | Y26: =IF(AND(N(P26)>0,OR(W26="DC giao bù",W26="VT giao sai điểm",W26="ST nhập thiếu",W26="DC pick sai",W26="ST kiểm sai QT",W26="ST thông tin sai/không phản hồi",W26="DC thao tác sai")),"Siêu thị","") -> Siêu thị | Z26: =IF(N(Q26)<=0,"",IF(ISNUMBER(SEARCH("Thiếu kiện",V26)),"Kho đông mát",IF(AND(N(Q26)>0,N(P26)>0,OR(ISNUMBER(SEARCH("Hình KDB",U26)),ISNUMBER(SEARCH("Hình tele",U26)),ISNUMBER(SEARCH("sai code",U26)),ISNUMBER(SEARCH("ST nhận",U26)))),"Kho đông mát",IF(AND(W26="DC giao thiếu",OR(ISNUMBER(SEARCH("Hình KDB",U26)),ISNUMBER(SEARCH("Hình tele",U26)),ISNUMBER(SEARCH("sai code",U26)))),"Kho đông mát",IF(W26="DC giao thiếu","Chưa xác định",IF(AND(W26="DC pick sai",OR(ISNUMBER(SEARCH("Hình KDB",U26)),ISNUMBER(SEARCH("Hình tele",U26)),ISNUMBER(SEARCH("sai code",U26)),ISNUMBER(SEARCH("ST nhận",U26)))),"Kho đông mát",IF(W26="DC pick sai","Chưa xác định",IF(AND(W26="Hao hụt",N(O26)>0,OR(ISNUMBER(SEARCH("Hình KDB",U26)),ISNUMBER(SEARCH("Hình tele",U26)),ISNUMBER(SEARCH("sai code",U26)),ISNUMBER(SEARCH("ST nhận",U26)))),"Kho đông mát",IF(W26="Hao hụt","Chưa xác định",IF(OR(W26="VT giao sai điểm",W26="Không đạt nhiệt độ",W26="TX giao thiếu kiện",W26="Hàng không đạt CL"),"Kho đông mát",IF(W26="Chưa xác định","Chưa xác định",IF(N(P26)>0,"Chưa xác định","")))))))))))) | AA26: Hoàn Thành | AG26: {=XLOOKUP(F26,'CLV2'!A:A,'CLV2'!E:E)} -> 2.CHILLED FOODS | AH26: {=XLOOKUP(F26,'CLV2'!A:A,'CLV2'!F:F)} -> 3.HAM AND SAUSAGES | AI26: =if(H26="KG","KG","Pack") -> Pack | AJ26: =K26/I26 -> 1 | AK26: {=XLOOKUP(F26,'GIÁ'!A:A,'GIÁ'!D:D)} -> 30395.96 | AL26: =VALUE(SUBSTITUTE(AK26, ".", ","))*K26 -> 60791.92 | AM26: =IF($X:$X="Hao hụt", VALUE(SUBSTITUTE($AK26, ".", ","))*O26, 0) -> 0 | AN26: =IF($Y:$Y="Siêu thị", VALUE(SUBSTITUTE(AK26, ".", ","))*P26, 0) -> 60791.92 | AO26: =IF($Z:$Z="Kho đông mát", VALUE(SUBSTITUTE(AK26, ".", ","))*Q26, 0) -> 0 | AP26: =IF($Z:$Z="Chưa xác định", VALUE(SUBSTITUTE(AK26, ".", ","))*Q26, 0) -> 0
A27: 46231 | B27: 0.53263889 | C27: KFM_BDU_DAN - S01.11 Block A1 Charm Sapphire | D27: {=XLOOKUP(C27,'DS ST'!A:A,'DS ST'!B:B)} -> CHR | E27: {=XLOOKUP($F27,'GIÁ'!$A:$A,'GIÁ'!$E:$E)} -> MÁT | F27: 8888319823099 | G27: HAND & HAND - NẤM HỖN HỢP HQ 300G | H27: HỘP | I27: 1 | J27: 0 | K27: =I27-J27 -> 1 | L27: PT1580407 | M27: TRBCHR225 | N27: TO224304 | P27: 1 | Q27: =I27-J27-O27-P27 -> 0 | R27: PT1582103 | V27: Thiếu Item trong kiện | W27: DC thao tác sai | X27: =IF(VALUE(O27)<=0,"",IF(TRIM(W27)="Hao hụt","Hao hụt","Hao hụt")) | Y27: =IF(AND(N(P27)>0,OR(W27="DC giao bù",W27="VT giao sai điểm",W27="ST nhập thiếu",W27="DC pick sai",W27="ST kiểm sai QT",W27="ST thông tin sai/không phản hồi",W27="DC thao tác sai")),"Siêu thị","") -> Siêu thị | Z27: =IF(N(Q27)<=0,"",IF(ISNUMBER(SEARCH("Thiếu kiện",V27)),"Kho đông mát",IF(AND(N(Q27)>0,N(P27)>0,OR(ISNUMBER(SEARCH("Hình KDB",U27)),ISNUMBER(SEARCH("Hình tele",U27)),ISNUMBER(SEARCH("sai code",U27)),ISNUMBER(SEARCH("ST nhận",U27)))),"Kho đông mát",IF(AND(W27="DC giao thiếu",OR(ISNUMBER(SEARCH("Hình KDB",U27)),ISNUMBER(SEARCH("Hình tele",U27)),ISNUMBER(SEARCH("sai code",U27)))),"Kho đông mát",IF(W27="DC giao thiếu","Chưa xác định",IF(AND(W27="DC pick sai",OR(ISNUMBER(SEARCH("Hình KDB",U27)),ISNUMBER(SEARCH("Hình tele",U27)),ISNUMBER(SEARCH("sai code",U27)),ISNUMBER(SEARCH("ST nhận",U27)))),"Kho đông mát",IF(W27="DC pick sai","Chưa xác định",IF(AND(W27="Hao hụt",N(O27)>0,OR(ISNUMBER(SEARCH("Hình KDB",U27)),ISNUMBER(SEARCH("Hình tele",U27)),ISNUMBER(SEARCH("sai code",U27)),ISNUMBER(SEARCH("ST nhận",U27)))),"Kho đông mát",IF(W27="Hao hụt","Chưa xác định",IF(OR(W27="VT giao sai điểm",W27="Không đạt nhiệt độ",W27="TX giao thiếu kiện",W27="Hàng không đạt CL"),"Kho đông mát",IF(W27="Chưa xác định","Chưa xác định",IF(N(P27)>0,"Chưa xác định","")))))))))))) | AA27: Hoàn Thành | AG27: {=XLOOKUP(F27,'CLV2'!A:A,'CLV2'!E:E)} -> 2.VEGETABLES | AH27: {=XLOOKUP(F27,'CLV2'!A:A,'CLV2'!F:F)} -> 3.MUSHROOM | AI27: =if(H27="KG","KG","Pack") -> Pack | AJ27: =K27/I27 -> 1 | AK27: {=XLOOKUP(F27,'GIÁ'!A:A,'GIÁ'!D:D)} -> 41000.00 | AL27: =VALUE(SUBSTITUTE(AK27, ".", ","))*K27 -> 41000 | AM27: =IF($X:$X="Hao hụt", VALUE(SUBSTITUTE($AK27, ".", ","))*O27, 0) -> 0 | AN27: =IF($Y:$Y="Siêu thị", VALUE(SUBSTITUTE(AK27, ".", ","))*P27, 0) -> 41000 | AO27: =IF($Z:$Z="Kho đông mát", VALUE(SUBSTITUTE(AK27, ".", ","))*Q27, 0) -> 0 | AP27: =IF($Z:$Z="Chưa xác định", VALUE(SUBSTITUTE(AK27, ".", ","))*Q27, 0) -> 0
A28: 46231 | B28: 0.53263889 | C28: KFM_BDU_DAN - S01.11 Block A1 Charm Sapphire | D28: {=XLOOKUP(C28,'DS ST'!A:A,'DS ST'!B:B)} -> CHR | E28: {=XLOOKUP($F28,'GIÁ'!$A:$A,'GIÁ'!$E:$E)} -> MÁT | F28: 8938502525351 | G28: THỌ PHÁT - BÁNH BAO THỊT HEO TRỨNG MUỐI 4X170G | H28: GÓI | I28: 3 | J28: 0 | K28: =I28-J28 -> 3 | L28: PT1580407 | M28: TRBCHR225 | N28: TO224304 | P28: 3 | Q28: =I28-J28-O28-P28 -> 0 | R28: PT1582233 | V28: Thiếu Item trong kiện | W28: DC thao tác sai | X28: =IF(VALUE(O28)<=0,"",IF(TRIM(W28)="Hao hụt","Hao hụt","Hao hụt")) | Y28: =IF(AND(N(P28)>0,OR(W28="DC giao bù",W28="VT giao sai điểm",W28="ST nhập thiếu",W28="DC pick sai",W28="ST kiểm sai QT",W28="ST thông tin sai/không phản hồi",W28="DC thao tác sai")),"Siêu thị","") -> Siêu thị | Z28: =IF(N(Q28)<=0,"",IF(ISNUMBER(SEARCH("Thiếu kiện",V28)),"Kho đông mát",IF(AND(N(Q28)>0,N(P28)>0,OR(ISNUMBER(SEARCH("Hình KDB",U28)),ISNUMBER(SEARCH("Hình tele",U28)),ISNUMBER(SEARCH("sai code",U28)),ISNUMBER(SEARCH("ST nhận",U28)))),"Kho đông mát",IF(AND(W28="DC giao thiếu",OR(ISNUMBER(SEARCH("Hình KDB",U28)),ISNUMBER(SEARCH("Hình tele",U28)),ISNUMBER(SEARCH("sai code",U28)))),"Kho đông mát",IF(W28="DC giao thiếu","Chưa xác định",IF(AND(W28="DC pick sai",OR(ISNUMBER(SEARCH("Hình KDB",U28)),ISNUMBER(SEARCH("Hình tele",U28)),ISNUMBER(SEARCH("sai code",U28)),ISNUMBER(SEARCH("ST nhận",U28)))),"Kho đông mát",IF(W28="DC pick sai","Chưa xác định",IF(AND(W28="Hao hụt",N(O28)>0,OR(ISNUMBER(SEARCH("Hình KDB",U28)),ISNUMBER(SEARCH("Hình tele",U28)),ISNUMBER(SEARCH("sai code",U28)),ISNUMBER(SEARCH("ST nhận",U28)))),"Kho đông mát",IF(W28="Hao hụt","Chưa xác định",IF(OR(W28="VT giao sai điểm",W28="Không đạt nhiệt độ",W28="TX giao thiếu kiện",W28="Hàng không đạt CL"),"Kho đông mát",IF(W28="Chưa xác định","Chưa xác định",IF(N(P28)>0,"Chưa xác định","")))))))))))) | AA28: Hoàn Thành | AG28: {=XLOOKUP(F28,'CLV2'!A:A,'CLV2'!E:E)} -> 2.DELICA | AH28: {=XLOOKUP(F28,'CLV2'!A:A,'CLV2'!F:F)} -> 3.COLD AND HOT DELICA | AI28: =if(H28="KG","KG","Pack") -> Pack | AJ28: =K28/I28 -> 1 | AK28: {=XLOOKUP(F28,'GIÁ'!A:A,'GIÁ'!D:D)} -> 77776.00 | AL28: =VALUE(SUBSTITUTE(AK28, ".", ","))*K28 -> 233328 | AM28: =IF($X:$X="Hao hụt", VALUE(SUBSTITUTE($AK28, ".", ","))*O28, 0) -> 0 | AN28: =IF($Y:$Y="Siêu thị", VALUE(SUBSTITUTE(AK28, ".", ","))*P28, 0) -> 233328 | AO28: =IF($Z:$Z="Kho đông mát", VALUE(SUBSTITUTE(AK28, ".", ","))*Q28, 0) -> 0 | AP28: =IF($Z:$Z="Chưa xác định", VALUE(SUBSTITUTE(AK28, ".", ","))*Q28, 0) -> 0
A29: 46231 | B29: 0.50486111 | C29: KFM_BDU_DAN - SH01 BCons Garden | D29: {=XLOOKUP(C29,'DS ST'!A:A,'DS ST'!B:B)} -> BCG | E29: {=XLOOKUP($F29,'GIÁ'!$A:$A,'GIÁ'!$E:$E)} -> MÁT | F29: 8936183060833 | G29: GFU - BẮP HẤP 200G | H29: GÓI | I29: 1 | J29: 0 | K29: =I29-J29 -> 1 | L29: PT1580246 | M29: TRBBCG140 | N29: TO224331 | Q29: =I29-J29-O29-P29 -> 1 | V29: Thiếu Item trong kiện | W29: DC giao thiếu | X29: =IF(VALUE(O29)<=0,"",IF(TRIM(W29)="Hao hụt","Hao hụt","Hao hụt")) | Y29: =IF(AND(N(P29)>0,OR(W29="DC giao bù",W29="VT giao sai điểm",W29="ST nhập thiếu",W29="DC pick sai",W29="ST kiểm sai QT",W29="ST thông tin sai/không phản hồi",W29="DC thao tác sai")),"Siêu thị","") | Z29: =IF(N(Q29)<=0,"",IF(ISNUMBER(SEARCH("Thiếu kiện",V29)),"Kho đông mát",IF(AND(N(Q29)>0,N(P29)>0,OR(ISNUMBER(SEARCH("Hình KDB",U29)),ISNUMBER(SEARCH("Hình tele",U29)),ISNUMBER(SEARCH("sai code",U29)),ISNUMBER(SEARCH("ST nhận",U29)))),"Kho đông mát",IF(AND(W29="DC giao thiếu",OR(ISNUMBER(SEARCH("Hình KDB",U29)),ISNUMBER(SEARCH("Hình tele",U29)),ISNUMBER(SEARCH("sai code",U29)))),"Kho đông mát",IF(W29="DC giao thiếu","Chưa xác định",IF(AND(W29="DC pick sai",OR(ISNUMBER(SEARCH("Hình KDB",U29)),ISNUMBER(SEARCH("Hình tele",U29)),ISNUMBER(SEARCH("sai code",U29)),ISNUMBER(SEARCH("ST nhận",U29)))),"Kho đông mát",IF(W29="DC pick sai","Chưa xác định",IF(AND(W29="Hao hụt",N(O29)>0,OR(ISNUMBER(SEARCH("Hình KDB",U29)),ISNUMBER(SEARCH("Hình tele",U29)),ISNUMBER(SEARCH("sai code",U29)),ISNUMBER(SEARCH("ST nhận",U29)))),"Kho đông mát",IF(W29="Hao hụt","Chưa xác định",IF(OR(W29="VT giao sai điểm",W29="Không đạt nhiệt độ",W29="TX giao thiếu kiện",W29="Hàng không đạt CL"),"Kho đông mát",IF(W29="Chưa xác định","Chưa xác định",IF(N(P29)>0,"Chưa xác định","")))))))))))) -> Chưa xác định | AA29: Hoàn Thành | AG29: {=XLOOKUP(F29,'CLV2'!A:A,'CLV2'!E:E)} -> 2.DELICA | AH29: {=XLOOKUP(F29,'CLV2'!A:A,'CLV2'!F:F)} -> 3.COLD AND HOT DELICA | AI29: =if(H29="KG","KG","Pack") -> Pack | AJ29: =K29/I29 -> 1 | AK29: {=XLOOKUP(F29,'GIÁ'!A:A,'GIÁ'!D:D)} -> 10687.57 | AL29: =VALUE(SUBSTITUTE(AK29, ".", ","))*K29 -> 10687.57 | AM29: =IF($X:$X="Hao hụt", VALUE(SUBSTITUTE($AK29, ".", ","))*O29, 0) -> 0 | AN29: =IF($Y:$Y="Siêu thị", VALUE(SUBSTITUTE(AK29, ".", ","))*P29, 0) -> 0 | AO29: =IF($Z:$Z="Kho đông mát", VALUE(SUBSTITUTE(AK29, ".", ","))*Q29, 0) -> 0 | AP29: =IF($Z:$Z="Chưa xác định", VALUE(SUBSTITUTE(AK29, ".", ","))*Q29, 0) -> 10687.57
A30: 46231 | B30: 0.50208333 | C30: KFM_BDU_TAN - 13 Vĩnh Phú 41 | D30: {=XLOOKUP(C30,'DS ST'!A:A,'DS ST'!B:B)} -> A214 | E30: {=XLOOKUP($F30,'GIÁ'!$A:$A,'GIÁ'!$E:$E)} -> MÁT | F30: 8934673303521 | G30: VINAMILK - SCU PROBI ÍT ĐƯỜNG 4*130ML | H30: LỐC | I30: 36 | J30: 30 | K30: =I30-J30 -> 6 | L30: PT1580385 | M30: TRBA2143017 | N30: TO224421 | Q30: =I30-J30-O30-P30 -> 6 | V30: Thiếu Item trong kiện | W30: DC giao thiếu | X30: =IF(VALUE(O30)<=0,"",IF(TRIM(W30)="Hao hụt","Hao hụt","Hao hụt")) | Y30: =IF(AND(N(P30)>0,OR(W30="DC giao bù",W30="VT giao sai điểm",W30="ST nhập thiếu",W30="DC pick sai",W30="ST kiểm sai QT",W30="ST thông tin sai/không phản hồi",W30="DC thao tác sai")),"Siêu thị","") | Z30: Kho đông mát | AA30: Hoàn Thành | AB30: A214 (1).mp4 A214 (2).mp4 A214 (3).mp4 A214 (4).mp4 | AC30: Từ chối claim | AD30: Khuất cam | AG30: {=XLOOKUP(F30,'CLV2'!A:A,'CLV2'!E:E)} -> 2.DAIRY | AH30: {=XLOOKUP(F30,'CLV2'!A:A,'CLV2'!F:F)} -> 3.DRINKING YOGURT | AI30: =if(H30="KG","KG","Pack") -> Pack | AJ30: =K30/I30 -> 0.16666667 | AK30: {=XLOOKUP(F30,'GIÁ'!A:A,'GIÁ'!D:D)} -> 25770.04 | AL30: =VALUE(SUBSTITUTE(AK30, ".", ","))*K30 -> 154620.24 | AM30: =IF($X:$X="Hao hụt", VALUE(SUBSTITUTE($AK30, ".", ","))*O30, 0) -> 0 | AN30: =IF($Y:$Y="Siêu thị", VALUE(SUBSTITUTE(AK30, ".", ","))*P30, 0) -> 0 | AO30: =IF($Z:$Z="Kho đông mát", VALUE(SUBSTITUTE(AK30, ".", ","))*Q30, 0) -> 154620.24 | AP30: =IF($Z:$Z="Chưa xác định", VALUE(SUBSTITUTE(AK30, ".", ","))*Q30, 0) -> 0
A31: 46231 | B31: 0.50208333 | C31: KFM_BDU_TAN - 13 Vĩnh Phú 41 | D31: {=XLOOKUP(C31,'DS ST'!A:A,'DS ST'!B:B)} -> A214 | E31: {=XLOOKUP($F31,'GIÁ'!$A:$A,'GIÁ'!$E:$E)} -> MÁT | F31: 8935058921446 | G31: CP - XÚC XÍCH MEISTERS WURST PREMIUM 200G | H31: GÓI | I31: 2 | J31: 1 | K31: =I31-J31 -> 1 | L31: PT1580385 | M31: TRBA2143018 | N31: TO224423 | Q31: =I31-J31-O31-P31 -> 1 | V31: Thiếu Item trong kiện | W31: DC giao thiếu | X31: =IF(VALUE(O31)<=0,"",IF(TRIM(W31)="Hao hụt","Hao hụt","Hao hụt")) | Y31: =IF(AND(N(P31)>0,OR(W31="DC giao bù",W31="VT giao sai điểm",W31="ST nhập thiếu",W31="DC pick sai",W31="ST kiểm sai QT",W31="ST thông tin sai/không phản hồi",W31="DC thao tác sai")),"Siêu thị","") | Z31: Kho đông mát | AA31: Hoàn Thành | AB31: A214 (1).mp4 A214 (2).mp4 A214 (3).mp4 A214 (4).mp4 | AC31: Từ chối claim | AD31: Khuất cam | AG31: {=XLOOKUP(F31,'CLV2'!A:A,'CLV2'!E:E)} -> 2.CHILLED FOODS | AH31: {=XLOOKUP(F31,'CLV2'!A:A,'CLV2'!F:F)} -> 3.HAM AND SAUSAGES | AI31: =if(H31="KG","KG","Pack") -> Pack | AJ31: =K31/I31 -> 0.5 | AK31: {=XLOOKUP(F31,'GIÁ'!A:A,'GIÁ'!D:D)} -> 29041.52 | AL31: =VALUE(SUBSTITUTE(AK31, ".", ","))*K31 -> 29041.52 | AM31: =IF($X:$X="Hao hụt", VALUE(SUBSTITUTE($AK31, ".", ","))*O31, 0) -> 0 | AN31: =IF($Y:$Y="Siêu thị", VALUE(SUBSTITUTE(AK31, ".", ","))*P31, 0) -> 0 | AO31: =IF($Z:$Z="Kho đông mát", VALUE(SUBSTITUTE(AK31, ".", ","))*Q31, 0) -> 29041.52 | AP31: =IF($Z:$Z="Chưa xác định", VALUE(SUBSTITUTE(AK31, ".", ","))*Q31, 0) -> 0
A32: 46231 | B32: 0.50208333 | C32: KFM_BDU_TAN - 13 Vĩnh Phú 41 | D32: {=XLOOKUP(C32,'DS ST'!A:A,'DS ST'!B:B)} -> A214 | E32: {=XLOOKUP($F32,'GIÁ'!$A:$A,'GIÁ'!$E:$E)} -> MÁT | F32: 8936176751014 | G32: TNT - CHÈ MÔN 140G | H32: LY | I32: 4 | J32: 3 | K32: =I32-J32 -> 1 | L32: PT1580385 | M32: TRBA2143073 | N32: TO224424 | Q32: =I32-J32-O32-P32 -> 1 | V32: Thiếu Item trong kiện | W32: DC giao thiếu | X32: =IF(VALUE(O32)<=0,"",IF(TRIM(W32)="Hao hụt","Hao hụt","Hao hụt")) | Y32: =IF(AND(N(P32)>0,OR(W32="DC giao bù",W32="VT giao sai điểm",W32="ST nhập thiếu",W32="DC pick sai",W32="ST kiểm sai QT",W32="ST thông tin sai/không phản hồi",W32="DC thao tác sai")),"Siêu thị","") | Z32: Kho đông mát | AA32: Hoàn Thành | AB32: A214 (1).mp4 A214 (2).mp4 A214 (3).mp4 A214 (4).mp4 | AC32: Từ chối claim | AD32: Khuất cam | AG32: {=XLOOKUP(F32,'CLV2'!A:A,'CLV2'!E:E)} -> 2.DELICA | AH32: {=XLOOKUP(F32,'CLV2'!A:A,'CLV2'!F:F)} -> 3.DESSERTS | AI32: =if(H32="KG","KG","Pack") -> Pack | AJ32: =K32/I32 -> 0.25 | AK32: {=XLOOKUP(F32,'GIÁ'!A:A,'GIÁ'!D:D)} -> 6650.00 | AL32: =VALUE(SUBSTITUTE(AK32, ".", ","))*K32 -> 6650 | AM32: =IF($X:$X="Hao hụt", VALUE(SUBSTITUTE($AK32, ".", ","))*O32, 0) -> 0 | AN32: =IF($Y:$Y="Siêu thị", VALUE(SUBSTITUTE(AK32, ".", ","))*P32, 0) -> 0 | AO32: =IF($Z:$Z="Kho đông mát", VALUE(SUBSTITUTE(AK32, ".", ","))*Q32, 0) -> 6650 | AP32: =IF($Z:$Z="Chưa xác định", VALUE(SUBSTITUTE(AK32, ".", ","))*Q32, 0) -> 0
A33: 46231 | B33: 0.55069444 | C33: KFM_BDU_TAN - B.01.04 Tháp B Opal Skyline | D33: {=XLOOKUP(C33,'DS ST'!A:A,'DS ST'!B:B)} -> OPS | E33: {=XLOOKUP($F33,'GIÁ'!$A:$A,'GIÁ'!$E:$E)} -> MÁT | F33: 11751 | G33: TÁO RED FUJI NAM PHI TÚI 950G UP | H33: TÚI | I33: 1 | J33: 0 | K33: =I33-J33 -> 1 | L33: PT1580326 | M33: TRBOPS203 | N33: TO224359 | Q33: =I33-J33-O33-P33 -> 1 | S33: x | T33: PT1582284 | U33: Pick sai code: TÁO GALA NEW ZEALAND TÚI 950G UP - 1 | V33: Thiếu Item trong kiện | W33: DC pick sai | X33: =IF(VALUE(O33)<=0,"",IF(TRIM(W33)="Hao hụt","Hao hụt","Hao hụt")) | Y33: =IF(AND(N(P33)>0,OR(W33="DC giao bù",W33="VT giao sai điểm",W33="ST nhập thiếu",W33="DC pick sai",W33="ST kiểm sai QT",W33="ST thông tin sai/không phản hồi",W33="DC thao tác sai")),"Siêu thị","") | Z33: =IF(N(Q33)<=0,"",IF(ISNUMBER(SEARCH("Thiếu kiện",V33)),"Kho đông mát",IF(AND(N(Q33)>0,N(P33)>0,OR(ISNUMBER(SEARCH("Hình KDB",U33)),ISNUMBER(SEARCH("Hình tele",U33)),ISNUMBER(SEARCH("sai code",U33)),ISNUMBER(SEARCH("ST nhận",U33)))),"Kho đông mát",IF(AND(W33="DC giao thiếu",OR(ISNUMBER(SEARCH("Hình KDB",U33)),ISNUMBER(SEARCH("Hình tele",U33)),ISNUMBER(SEARCH("sai code",U33)))),"Kho đông mát",IF(W33="DC giao thiếu","Chưa xác định",IF(AND(W33="DC pick sai",OR(ISNUMBER(SEARCH("Hình KDB",U33)),ISNUMBER(SEARCH("Hình tele",U33)),ISNUMBER(SEARCH("sai code",U33)),ISNUMBER(SEARCH("ST nhận",U33)))),"Kho đông mát",IF(W33="DC pick sai","Chưa xác định",IF(AND(W33="Hao hụt",N(O33)>0,OR(ISNUMBER(SEARCH("Hình KDB",U33)),ISNUMBER(SEARCH("Hình tele",U33)),ISNUMBER(SEARCH("sai code",U33)),ISNUMBER(SEARCH("ST nhận",U33)))),"Kho đông mát",IF(W33="Hao hụt","Chưa xác định",IF(OR(W33="VT giao sai điểm",W33="Không đạt nhiệt độ",W33="TX giao thiếu kiện",W33="Hàng không đạt CL"),"Kho đông mát",IF(W33="Chưa xác định","Chưa xác định",IF(N(P33)>0,"Chưa xác định","")))))))))))) -> Kho đông mát | AA33: Hoàn Thành | AG33: {=XLOOKUP(F33,'CLV2'!A:A,'CLV2'!E:E)} -> 2.FRUITS | AH33: {=XLOOKUP(F33,'CLV2'!A:A,'CLV2'!F:F)} -> 3.IMPORT FRUITS | AI33: =if(H33="KG","KG","Pack") -> Pack | AJ33: =K33/I33 -> 1 | AK33: {=XLOOKUP(F33,'GIÁ'!A:A,'GIÁ'!D:D)} -> 64445.12 | AL33: =VALUE(SUBSTITUTE(AK33, ".", ","))*K33 -> 64445.12 | AM33: =IF($X:$X="Hao hụt", VALUE(SUBSTITUTE($AK33, ".", ","))*O33, 0) -> 0 | AN33: =IF($Y:$Y="Siêu thị", VALUE(SUBSTITUTE(AK33, ".", ","))*P33, 0) -> 0 | AO33: =IF($Z:$Z="Kho đông mát", VALUE(SUBSTITUTE(AK33, ".", ","))*Q33, 0) -> 64445.12 | AP33: =IF($Z:$Z="Chưa xác định", VALUE(SUBSTITUTE(AK33, ".", ","))*Q33, 0) -> 0
A34: 46231 | B34: 0.55069444 | C34: KFM_BDU_TAN - B.01.04 Tháp B Opal Skyline | D34: {=XLOOKUP(C34,'DS ST'!A:A,'DS ST'!B:B)} -> OPS | E34: {=XLOOKUP($F34,'GIÁ'!$A:$A,'GIÁ'!$E:$E)} -> MÁT | F34: 10610 | G34: ZESPRI - HỘP KIWI VÀNG CHÍN 4 QUẢ | H34: HỘP | I34: 1 | J34: 0 | K34: =I34-J34 -> 1 | L34: PT1580326 | M34: TRBOPS206 | N34: TO224334 | P34: 1 | Q34: =I34-J34-O34-P34 -> 0 | R34: PT1582284 | V34: Thiếu Item trong kiện | W34: DC thao tác sai | X34: =IF(VALUE(O34)<=0,"",IF(TRIM(W34)="Hao hụt","Hao hụt","Hao hụt")) | Y34: =IF(AND(N(P34)>0,OR(W34="DC giao bù",W34="VT giao sai điểm",W34="ST nhập thiếu",W34="DC pick sai",W34="ST kiểm sai QT",W34="ST thông tin sai/không phản hồi",W34="DC thao tác sai")),"Siêu thị","") -> Siêu thị | Z34: =IF(N(Q34)<=0,"",IF(ISNUMBER(SEARCH("Thiếu kiện",V34)),"Kho đông mát",IF(AND(N(Q34)>0,N(P34)>0,OR(ISNUMBER(SEARCH("Hình KDB",U34)),ISNUMBER(SEARCH("Hình tele",U34)),ISNUMBER(SEARCH("sai code",U34)),ISNUMBER(SEARCH("ST nhận",U34)))),"Kho đông mát",IF(AND(W34="DC giao thiếu",OR(ISNUMBER(SEARCH("Hình KDB",U34)),ISNUMBER(SEARCH("Hình tele",U34)),ISNUMBER(SEARCH("sai code",U34)))),"Kho đông mát",IF(W34="DC giao thiếu","Chưa xác định",IF(AND(W34="DC pick sai",OR(ISNUMBER(SEARCH("Hình KDB",U34)),ISNUMBER(SEARCH("Hình tele",U34)),ISNUMBER(SEARCH("sai code",U34)),ISNUMBER(SEARCH("ST nhận",U34)))),"Kho đông mát",IF(W34="DC pick sai","Chưa xác định",IF(AND(W34="Hao hụt",N(O34)>0,OR(ISNUMBER(SEARCH("Hình KDB",U34)),ISNUMBER(SEARCH("Hình tele",U34)),ISNUMBER(SEARCH("sai code",U34)),ISNUMBER(SEARCH("ST nhận",U34)))),"Kho đông mát",IF(W34="Hao hụt","Chưa xác định",IF(OR(W34="VT giao sai điểm",W34="Không đạt nhiệt độ",W34="TX giao thiếu kiện",W34="Hàng không đạt CL"),"Kho đông mát",IF(W34="Chưa xác định","Chưa xác định",IF(N(P34)>0,"Chưa xác định","")))))))))))) | AA34: Hoàn Thành | AG34: {=XLOOKUP(F34,'CLV2'!A:A,'CLV2'!E:E)} -> 2.FRUITS | AH34: {=XLOOKUP(F34,'CLV2'!A:A,'CLV2'!F:F)} -> 3.IMPORT FRUITS | AI34: =if(H34="KG","KG","Pack") -> Pack | AJ34: =K34/I34 -> 1 | AK34: {=XLOOKUP(F34,'GIÁ'!A:A,'GIÁ'!D:D)} -> 72259.15 | AL34: =VALUE(SUBSTITUTE(AK34, ".", ","))*K34 -> 72259.15 | AM34: =IF($X:$X="Hao hụt", VALUE(SUBSTITUTE($AK34, ".", ","))*O34, 0) -> 0 | AN34: =IF($Y:$Y="Siêu thị", VALUE(SUBSTITUTE(AK34, ".", ","))*P34, 0) -> 72259.15 | AO34: =IF($Z:$Z="Kho đông mát", VALUE(SUBSTITUTE(AK34, ".", ","))*Q34, 0) -> 0 | AP34: =IF($Z:$Z="Chưa xác định", VALUE(SUBSTITUTE(AK34, ".", ","))*Q34, 0) -> 0
A35: 46231 | B35: 0.55069444 | C35: KFM_BDU_TAN - B.01.04 Tháp B Opal Skyline | D35: {=XLOOKUP(C35,'DS ST'!A:A,'DS ST'!B:B)} -> OPS | E35: {=XLOOKUP($F35,'GIÁ'!$A:$A,'GIÁ'!$E:$E)} -> MÁT | F35: 8935007117135 | G35: LOTHAMILK - SỮA THANH TRÙNG CÓ ĐƯỜNG CHAI 473ML | H35: BÌNH | I35: 1 | J35: 0 | K35: =I35-J35 -> 1 | L35: PT1580326 | M35: TRBOPS225 | N35: TO224362 | P35: 1 | Q35: =I35-J35-O35-P35 -> 0 | R35: PT1582253 | V35: Thiếu Item trong kiện | W35: DC thao tác sai | X35: =IF(VALUE(O35)<=0,"",IF(TRIM(W35)="Hao hụt","Hao hụt","Hao hụt")) | Y35: =IF(AND(N(P35)>0,OR(W35="DC giao bù",W35="VT giao sai điểm",W35="ST nhập thiếu",W35="DC pick sai",W35="ST kiểm sai QT",W35="ST thông tin sai/không phản hồi",W35="DC thao tác sai")),"Siêu thị","") -> Siêu thị | Z35: =IF(N(Q35)<=0,"",IF(ISNUMBER(SEARCH("Thiếu kiện",V35)),"Kho đông mát",IF(AND(N(Q35)>0,N(P35)>0,OR(ISNUMBER(SEARCH("Hình KDB",U35)),ISNUMBER(SEARCH("Hình tele",U35)),ISNUMBER(SEARCH("sai code",U35)),ISNUMBER(SEARCH("ST nhận",U35)))),"Kho đông mát",IF(AND(W35="DC giao thiếu",OR(ISNUMBER(SEARCH("Hình KDB",U35)),ISNUMBER(SEARCH("Hình tele",U35)),ISNUMBER(SEARCH("sai code",U35)))),"Kho đông mát",IF(W35="DC giao thiếu","Chưa xác định",IF(AND(W35="DC pick sai",OR(ISNUMBER(SEARCH("Hình KDB",U35)),ISNUMBER(SEARCH("Hình tele",U35)),ISNUMBER(SEARCH("sai code",U35)),ISNUMBER(SEARCH("ST nhận",U35)))),"Kho đông mát",IF(W35="DC pick sai","Chưa xác định",IF(AND(W35="Hao hụt",N(O35)>0,OR(ISNUMBER(SEARCH("Hình KDB",U35)),ISNUMBER(SEARCH("Hình tele",U35)),ISNUMBER(SEARCH("sai code",U35)),ISNUMBER(SEARCH("ST nhận",U35)))),"Kho đông mát",IF(W35="Hao hụt","Chưa xác định",IF(OR(W35="VT giao sai điểm",W35="Không đạt nhiệt độ",W35="TX giao thiếu kiện",W35="Hàng không đạt CL"),"Kho đông mát",IF(W35="Chưa xác định","Chưa xác định",IF(N(P35)>0,"Chưa xác định","")))))))))))) | AA35: Hoàn Thành | AG35: {=XLOOKUP(F35,'CLV2'!A:A,'CLV2'!E:E)} -> 2.DAIRY | AH35: {=XLOOKUP(F35,'CLV2'!A:A,'CLV2'!F:F)} -> 3.FRESH MILK | AI35: =if(H35="KG","KG","Pack") -> Pack | AJ35: =K35/I35 -> 1 | AK35: {=XLOOKUP(F35,'GIÁ'!A:A,'GIÁ'!D:D)} -> 18613.38 | AL35: =VALUE(SUBSTITUTE(AK35, ".", ","))*K35 -> 18613.38 | AM35: =IF($X:$X="Hao hụt", VALUE(SUBSTITUTE($AK35, ".", ","))*O35, 0) -> 0 | AN35: =IF($Y:$Y="Siêu thị", VALUE(SUBSTITUTE(AK35, ".", ","))*P35, 0) -> 18613.38 | AO35: =IF($Z:$Z="Kho đông mát", VALUE(SUBSTITUTE(AK35, ".", ","))*Q35, 0) -> 0 | AP35: =IF($Z:$Z="Chưa xác định", VALUE(SUBSTITUTE(AK35, ".", ","))*Q35, 0) -> 0
A36: 46231 | B36: 0.55069444 | C36: KFM_BDU_TAN - B.01.04 Tháp B Opal Skyline | D36: {=XLOOKUP(C36,'DS ST'!A:A,'DS ST'!B:B)} -> OPS | E36: {=XLOOKUP($F36,'GIÁ'!$A:$A,'GIÁ'!$E:$E)} -> MÁT | F36: 8938528582574 | G36: NGỌC TÚ - BÁNH GIÒ THỊT HEO TRỨNG CÚT 160G | H36: GÓI | I36: 4 | J36: 3 | K36: =I36-J36 -> 1 | L36: PT1580326 | M36: TRBOPS225 | N36: TO224362 | P36: 1 | Q36: =I36-J36-O36-P36 -> 0 | R36: PT1582261 | V36: Thiếu Item trong kiện | W36: DC thao tác sai | X36: =IF(VALUE(O36)<=0,"",IF(TRIM(W36)="Hao hụt","Hao hụt","Hao hụt")) | Y36: =IF(AND(N(P36)>0,OR(W36="DC giao bù",W36="VT giao sai điểm",W36="ST nhập thiếu",W36="DC pick sai",W36="ST kiểm sai QT",W36="ST thông tin sai/không phản hồi",W36="DC thao tác sai")),"Siêu thị","") -> Siêu thị | Z36: =IF(N(Q36)<=0,"",IF(ISNUMBER(SEARCH("Thiếu kiện",V36)),"Kho đông mát",IF(AND(N(Q36)>0,N(P36)>0,OR(ISNUMBER(SEARCH("Hình KDB",U36)),ISNUMBER(SEARCH("Hình tele",U36)),ISNUMBER(SEARCH("sai code",U36)),ISNUMBER(SEARCH("ST nhận",U36)))),"Kho đông mát",IF(AND(W36="DC giao thiếu",OR(ISNUMBER(SEARCH("Hình KDB",U36)),ISNUMBER(SEARCH("Hình tele",U36)),ISNUMBER(SEARCH("sai code",U36)))),"Kho đông mát",IF(W36="DC giao thiếu","Chưa xác định",IF(AND(W36="DC pick sai",OR(ISNUMBER(SEARCH("Hình KDB",U36)),ISNUMBER(SEARCH("Hình tele",U36)),ISNUMBER(SEARCH("sai code",U36)),ISNUMBER(SEARCH("ST nhận",U36)))),"Kho đông mát",IF(W36="DC pick sai","Chưa xác định",IF(AND(W36="Hao hụt",N(O36)>0,OR(ISNUMBER(SEARCH("Hình KDB",U36)),ISNUMBER(SEARCH("Hình tele",U36)),ISNUMBER(SEARCH("sai code",U36)),ISNUMBER(SEARCH("ST nhận",U36)))),"Kho đông mát",IF(W36="Hao hụt","Chưa xác định",IF(OR(W36="VT giao sai điểm",W36="Không đạt nhiệt độ",W36="TX giao thiếu kiện",W36="Hàng không đạt CL"),"Kho đông mát",IF(W36="Chưa xác định","Chưa xác định",IF(N(P36)>0,"Chưa xác định","")))))))))))) | AA36: Hoàn Thành | AG36: {=XLOOKUP(F36,'CLV2'!A:A,'CLV2'!E:E)} -> 2.CHILLED FOODS | AH36: {=XLOOKUP(F36,'CLV2'!A:A,'CLV2'!F:F)} -> 3.OTHER CHILLED PRODUCTS | AI36: =if(H36="KG","KG","Pack") -> Pack | AJ36: =K36/I36 -> 0.25 | AK36: {=XLOOKUP(F36,'GIÁ'!A:A,'GIÁ'!D:D)} -> 10450.00 | AL36: =VALUE(SUBSTITUTE(AK36, ".", ","))*K36 -> 10450 | AM36: =IF($X:$X="Hao hụt", VALUE(SUBSTITUTE($AK36, ".", ","))*O36, 0) -> 0 | AN36: =IF($Y:$Y="Siêu thị", VALUE(SUBSTITUTE(AK36, ".", ","))*P36, 0) -> 10450 | AO36: =IF($Z:$Z="Kho đông mát", VALUE(SUBSTITUTE(AK36, ".", ","))*Q36, 0) -> 0 | AP36: =IF($Z:$Z="Chưa xác định", VALUE(SUBSTITUTE(AK36, ".", ","))*Q36, 0) -> 0
A37: 46231 | B37: 0.55069444 | C37: KFM_BDU_TAN - B.01.04 Tháp B Opal Skyline | D37: {=XLOOKUP(C37,'DS ST'!A:A,'DS ST'!B:B)} -> OPS | E37: {=XLOOKUP($F37,'GIÁ'!$A:$A,'GIÁ'!$E:$E)} -> MÁT | F37: 8938529045856 | G37: NGỌC THƠM - CHÂN GIÒ HEO MUỐI 300G | H37: GÓI | I37: 2 | J37: 0 | K37: =I37-J37 -> 2 | L37: PT1580326 | M37: TRBOPS225 | N37: TO224362 | P37: 2 | Q37: =I37-J37-O37-P37 -> 0 | R37: PT1582261 | V37: Thiếu Item trong kiện | W37: DC thao tác sai | X37: =IF(VALUE(O37)<=0,"",IF(TRIM(W37)="Hao hụt","Hao hụt","Hao hụt")) | Y37: =IF(AND(N(P37)>0,OR(W37="DC giao bù",W37="VT giao sai điểm",W37="ST nhập thiếu",W37="DC pick sai",W37="ST kiểm sai QT",W37="ST thông tin sai/không phản hồi",W37="DC thao tác sai")),"Siêu thị","") -> Siêu thị | Z37: =IF(N(Q37)<=0,"",IF(ISNUMBER(SEARCH("Thiếu kiện",V37)),"Kho đông mát",IF(AND(N(Q37)>0,N(P37)>0,OR(ISNUMBER(SEARCH("Hình KDB",U37)),ISNUMBER(SEARCH("Hình tele",U37)),ISNUMBER(SEARCH("sai code",U37)),ISNUMBER(SEARCH("ST nhận",U37)))),"Kho đông mát",IF(AND(W37="DC giao thiếu",OR(ISNUMBER(SEARCH("Hình KDB",U37)),ISNUMBER(SEARCH("Hình tele",U37)),ISNUMBER(SEARCH("sai code",U37)))),"Kho đông mát",IF(W37="DC giao thiếu","Chưa xác định",IF(AND(W37="DC pick sai",OR(ISNUMBER(SEARCH("Hình KDB",U37)),ISNUMBER(SEARCH("Hình tele",U37)),ISNUMBER(SEARCH("sai code",U37)),ISNUMBER(SEARCH("ST nhận",U37)))),"Kho đông mát",IF(W37="DC pick sai","Chưa xác định",IF(AND(W37="Hao hụt",N(O37)>0,OR(ISNUMBER(SEARCH("Hình KDB",U37)),ISNUMBER(SEARCH("Hình tele",U37)),ISNUMBER(SEARCH("sai code",U37)),ISNUMBER(SEARCH("ST nhận",U37)))),"Kho đông mát",IF(W37="Hao hụt","Chưa xác định",IF(OR(W37="VT giao sai điểm",W37="Không đạt nhiệt độ",W37="TX giao thiếu kiện",W37="Hàng không đạt CL"),"Kho đông mát",IF(W37="Chưa xác định","Chưa xác định",IF(N(P37)>0,"Chưa xác định","")))))))))))) | AA37: Hoàn Thành | AG37: {=XLOOKUP(F37,'CLV2'!A:A,'CLV2'!E:E)} -> 2.CHILLED FOODS | AH37: {=XLOOKUP(F37,'CLV2'!A:A,'CLV2'!F:F)} -> 3.HAM AND SAUSAGES | AI37: =if(H37="KG","KG","Pack") -> Pack | AJ37: =K37/I37 -> 1 | AK37: {=XLOOKUP(F37,'GIÁ'!A:A,'GIÁ'!D:D)} -> 66066.31 | AL37: =VALUE(SUBSTITUTE(AK37, ".", ","))*K37 -> 132132.62 | AM37: =IF($X:$X="Hao hụt", VALUE(SUBSTITUTE($AK37, ".", ","))*O37, 0) -> 0 | AN37: =IF($Y:$Y="Siêu thị", VALUE(SUBSTITUTE(AK37, ".", ","))*P37, 0) -> 132132.62 | AO37: =IF($Z:$Z="Kho đông mát", VALUE(SUBSTITUTE(AK37, ".", ","))*Q37, 0) -> 0 | AP37: =IF($Z:$Z="Chưa xác định", VALUE(SUBSTITUTE(AK37, ".", ","))*Q37, 0) -> 0
A38: 46231 | B38: 0.55069444 | C38: KFM_BDU_TAN - B.01.04 Tháp B Opal Skyline | D38: {=XLOOKUP(C38,'DS ST'!A:A,'DS ST'!B:B)} -> OPS | E38: {=XLOOKUP($F38,'GIÁ'!$A:$A,'GIÁ'!$E:$E)} -> MÁT | F38: 8850329183715 | G38: MEIJI - SỮA THANH TRÙNG 4.3% 946ML | H38: HỘP | I38: 2 | J38: 0 | K38: =I38-J38 -> 2 | L38: PT1580326 | M38: TRBOPS225 | N38: TO224362 | P38: 2 | Q38: =I38-J38-O38-P38 -> 0 | R38: PT1582253 | V38: Thiếu Item trong kiện | W38: DC thao tác sai | X38: =IF(VALUE(O38)<=0,"",IF(TRIM(W38)="Hao hụt","Hao hụt","Hao hụt")) | Y38: =IF(AND(N(P38)>0,OR(W38="DC giao bù",W38="VT giao sai điểm",W38="ST nhập thiếu",W38="DC pick sai",W38="ST kiểm sai QT",W38="ST thông tin sai/không phản hồi",W38="DC thao tác sai")),"Siêu thị","") -> Siêu thị | Z38: =IF(N(Q38)<=0,"",IF(ISNUMBER(SEARCH("Thiếu kiện",V38)),"Kho đông mát",IF(AND(N(Q38)>0,N(P38)>0,OR(ISNUMBER(SEARCH("Hình KDB",U38)),ISNUMBER(SEARCH("Hình tele",U38)),ISNUMBER(SEARCH("sai code",U38)),ISNUMBER(SEARCH("ST nhận",U38)))),"Kho đông mát",IF(AND(W38="DC giao thiếu",OR(ISNUMBER(SEARCH("Hình KDB",U38)),ISNUMBER(SEARCH("Hình tele",U38)),ISNUMBER(SEARCH("sai code",U38)))),"Kho đông mát",IF(W38="DC giao thiếu","Chưa xác định",IF(AND(W38="DC pick sai",OR(ISNUMBER(SEARCH("Hình KDB",U38)),ISNUMBER(SEARCH("Hình tele",U38)),ISNUMBER(SEARCH("sai code",U38)),ISNUMBER(SEARCH("ST nhận",U38)))),"Kho đông mát",IF(W38="DC pick sai","Chưa xác định",IF(AND(W38="Hao hụt",N(O38)>0,OR(ISNUMBER(SEARCH("Hình KDB",U38)),ISNUMBER(SEARCH("Hình tele",U38)),ISNUMBER(SEARCH("sai code",U38)),ISNUMBER(SEARCH("ST nhận",U38)))),"Kho đông mát",IF(W38="Hao hụt","Chưa xác định",IF(OR(W38="VT giao sai điểm",W38="Không đạt nhiệt độ",W38="TX giao thiếu kiện",W38="Hàng không đạt CL"),"Kho đông mát",IF(W38="Chưa xác định","Chưa xác định",IF(N(P38)>0,"Chưa xác định","")))))))))))) | AA38: Hoàn Thành | AG38: {=XLOOKUP(F38,'CLV2'!A:A,'CLV2'!E:E)} -> 2.DAIRY | AH38: {=XLOOKUP(F38,'CLV2'!A:A,'CLV2'!F:F)} -> 3.FRESH MILK | AI38: =if(H38="KG","KG","Pack") -> Pack | AJ38: =K38/I38 -> 1 | AK38: {=XLOOKUP(F38,'GIÁ'!A:A,'GIÁ'!D:D)} -> 55260.51 | AL38: =VALUE(SUBSTITUTE(AK38, ".", ","))*K38 -> 110521.02 | AM38: =IF($X:$X="Hao hụt", VALUE(SUBSTITUTE($AK38, ".", ","))*O38, 0) -> 0 | AN38: =IF($Y:$Y="Siêu thị", VALUE(SUBSTITUTE(AK38, ".", ","))*P38, 0) -> 110521.02 | AO38: =IF($Z:$Z="Kho đông mát", VALUE(SUBSTITUTE(AK38, ".", ","))*Q38, 0) -> 0 | AP38: =IF($Z:$Z="Chưa xác định", VALUE(SUBSTITUTE(AK38, ".", ","))*Q38, 0) -> 0
A39: 46231 | B39: 0.55069444 | C39: KFM_BDU_TAN - B.01.04 Tháp B Opal Skyline | D39: {=XLOOKUP(C39,'DS ST'!A:A,'DS ST'!B:B)} -> OPS | E39: {=XLOOKUP($F39,'GIÁ'!$A:$A,'GIÁ'!$E:$E)} -> MÁT | F39: 11763 | G39: QUÝT ÚC HỘP 4 QUẢ | H39: HỘP | I39: 2 | J39: 0 | K39: =I39-J39 -> 2 | L39: PT1580326 | M39: TRBOPS225 | N39: TO224362 | P39: 2 | Q39: =I39-J39-O39-P39 -> 0 | R39: PT1582253 | V39: Thiếu Item trong kiện | W39: DC thao tác sai | X39: =IF(VALUE(O39)<=0,"",IF(TRIM(W39)="Hao hụt","Hao hụt","Hao hụt")) | Y39: =IF(AND(N(P39)>0,OR(W39="DC giao bù",W39="VT giao sai điểm",W39="ST nhập thiếu",W39="DC pick sai",W39="ST kiểm sai QT",W39="ST thông tin sai/không phản hồi",W39="DC thao tác sai")),"Siêu thị","") -> Siêu thị | Z39: =IF(N(Q39)<=0,"",IF(ISNUMBER(SEARCH("Thiếu kiện",V39)),"Kho đông mát",IF(AND(N(Q39)>0,N(P39)>0,OR(ISNUMBER(SEARCH("Hình KDB",U39)),ISNUMBER(SEARCH("Hình tele",U39)),ISNUMBER(SEARCH("sai code",U39)),ISNUMBER(SEARCH("ST nhận",U39)))),"Kho đông mát",IF(AND(W39="DC giao thiếu",OR(ISNUMBER(SEARCH("Hình KDB",U39)),ISNUMBER(SEARCH("Hình tele",U39)),ISNUMBER(SEARCH("sai code",U39)))),"Kho đông mát",IF(W39="DC giao thiếu","Chưa xác định",IF(AND(W39="DC pick sai",OR(ISNUMBER(SEARCH("Hình KDB",U39)),ISNUMBER(SEARCH("Hình tele",U39)),ISNUMBER(SEARCH("sai code",U39)),ISNUMBER(SEARCH("ST nhận",U39)))),"Kho đông mát",IF(W39="DC pick sai","Chưa xác định",IF(AND(W39="Hao hụt",N(O39)>0,OR(ISNUMBER(SEARCH("Hình KDB",U39)),ISNUMBER(SEARCH("Hình tele",U39)),ISNUMBER(SEARCH("sai code",U39)),ISNUMBER(SEARCH("ST nhận",U39)))),"Kho đông mát",IF(W39="Hao hụt","Chưa xác định",IF(OR(W39="VT giao sai điểm",W39="Không đạt nhiệt độ",W39="TX giao thiếu kiện",W39="Hàng không đạt CL"),"Kho đông mát",IF(W39="Chưa xác định","Chưa xác định",IF(N(P39)>0,"Chưa xác định","")))))))))))) | AA39: Hoàn Thành | AG39: {=XLOOKUP(F39,'CLV2'!A:A,'CLV2'!E:E)} -> 2.FRUITS | AH39: {=XLOOKUP(F39,'CLV2'!A:A,'CLV2'!F:F)} -> 3.IMPORT FRUITS | AI39: =if(H39="KG","KG","Pack") -> Pack | AJ39: =K39/I39 -> 1 | AK39: {=XLOOKUP(F39,'GIÁ'!A:A,'GIÁ'!D:D)} -> 45773.45 | AL39: =VALUE(SUBSTITUTE(AK39, ".", ","))*K39 -> 91546.9 | AM39: =IF($X:$X="Hao hụt", VALUE(SUBSTITUTE($AK39, ".", ","))*O39, 0) -> 0 | AN39: =IF($Y:$Y="Siêu thị", VALUE(SUBSTITUTE(AK39, ".", ","))*P39, 0) -> 91546.9 | AO39: =IF($Z:$Z="Kho đông mát", VALUE(SUBSTITUTE(AK39, ".", ","))*Q39, 0) -> 0 | AP39: =IF($Z:$Z="Chưa xác định", VALUE(SUBSTITUTE(AK39, ".", ","))*Q39, 0) -> 0
A40: 46231 | B40: 0.55069444 | C40: KFM_BDU_TAN - B.01.04 Tháp B Opal Skyline | D40: {=XLOOKUP(C40,'DS ST'!A:A,'DS ST'!B:B)} -> OPS | E40: {=XLOOKUP($F40,'GIÁ'!$A:$A,'GIÁ'!$E:$E)} -> MÁT | F40: 8938511301731 | G40: THƠM - TÀU HŨ TRÀ SỮA VỊ HẠNH NHÂN 130G | H40: HŨ | I40: 1 | J40: 0 | K40: =I40-J40 -> 1 | L40: PT1580326 | M40: TRBOPS225 | N40: TO224362 | P40: 1 | Q40: =I40-J40-O40-P40 -> 0 | R40: PT1582253 | V40: Thiếu Item trong kiện | W40: DC thao tác sai | X40: =IF(VALUE(O40)<=0,"",IF(TRIM(W40)="Hao hụt","Hao hụt","Hao hụt")) | Y40: =IF(AND(N(P40)>0,OR(W40="DC giao bù",W40="VT giao sai điểm",W40="ST nhập thiếu",W40="DC pick sai",W40="ST kiểm sai QT",W40="ST thông tin sai/không phản hồi",W40="DC thao tác sai")),"Siêu thị","") -> Siêu thị | Z40: =IF(N(Q40)<=0,"",IF(ISNUMBER(SEARCH("Thiếu kiện",V40)),"Kho đông mát",IF(AND(N(Q40)>0,N(P40)>0,OR(ISNUMBER(SEARCH("Hình KDB",U40)),ISNUMBER(SEARCH("Hình tele",U40)),ISNUMBER(SEARCH("sai code",U40)),ISNUMBER(SEARCH("ST nhận",U40)))),"Kho đông mát",IF(AND(W40="DC giao thiếu",OR(ISNUMBER(SEARCH("Hình KDB",U40)),ISNUMBER(SEARCH("Hình tele",U40)),ISNUMBER(SEARCH("sai code",U40)))),"Kho đông mát",IF(W40="DC giao thiếu","Chưa xác định",IF(AND(W40="DC pick sai",OR(ISNUMBER(SEARCH("Hình KDB",U40)),ISNUMBER(SEARCH("Hình tele",U40)),ISNUMBER(SEARCH("sai code",U40)),ISNUMBER(SEARCH("ST nhận",U40)))),"Kho đông mát",IF(W40="DC pick sai","Chưa xác định",IF(AND(W40="Hao hụt",N(O40)>0,OR(ISNUMBER(SEARCH("Hình KDB",U40)),ISNUMBER(SEARCH("Hình tele",U40)),ISNUMBER(SEARCH("sai code",U40)),ISNUMBER(SEARCH("ST nhận",U40)))),"Kho đông mát",IF(W40="Hao hụt","Chưa xác định",IF(OR(W40="VT giao sai điểm",W40="Không đạt nhiệt độ",W40="TX giao thiếu kiện",W40="Hàng không đạt CL"),"Kho đông mát",IF(W40="Chưa xác định","Chưa xác định",IF(N(P40)>0,"Chưa xác định","")))))))))))) | AA40: Hoàn Thành | AG40: {=XLOOKUP(F40,'CLV2'!A:A,'CLV2'!E:E)} -> 2.DELICA | AH40: {=XLOOKUP(F40,'CLV2'!A:A,'CLV2'!F:F)} -> 3.DESSERTS | AI40: =if(H40="KG","KG","Pack") -> Pack | AJ40: =K40/I40 -> 1 | AK40: {=XLOOKUP(F40,'GIÁ'!A:A,'GIÁ'!D:D)} -> 12537.09 | AL40: =VALUE(SUBSTITUTE(AK40, ".", ","))*K40 -> 12537.09 | AM40: =IF($X:$X="Hao hụt", VALUE(SUBSTITUTE($AK40, ".", ","))*O40, 0) -> 0 | AN40: =IF($Y:$Y="Siêu thị", VALUE(SUBSTITUTE(AK40, ".", ","))*P40, 0) -> 12537.09 | AO40: =IF($Z:$Z="Kho đông mát", VALUE(SUBSTITUTE(AK40, ".", ","))*Q40, 0) -> 0 | AP40: =IF($Z:$Z="Chưa xác định", VALUE(SUBSTITUTE(AK40, ".", ","))*Q40, 0) -> 0
A41: 46231 | B41: 0.55069444 | C41: KFM_BDU_TAN - B.01.04 Tháp B Opal Skyline | D41: {=XLOOKUP(C41,'DS ST'!A:A,'DS ST'!B:B)} -> OPS | E41: {=XLOOKUP($F41,'GIÁ'!$A:$A,'GIÁ'!$E:$E)} -> MÁT | F41: 8938511301212 | G41: THƠM - TÀU HŨ MATCHA 130G | H41: HŨ | I41: 1 | J41: 0 | K41: =I41-J41 -> 1 | L41: PT1580326 | M41: TRBOPS225 | N41: TO224362 | P41: 1 | Q41: =I41-J41-O41-P41 -> 0 | R41: PT1582253 | V41: Thiếu Item trong kiện | W41: DC thao tác sai | X41: =IF(VALUE(O41)<=0,"",IF(TRIM(W41)="Hao hụt","Hao hụt","Hao hụt")) | Y41: =IF(AND(N(P41)>0,OR(W41="DC giao bù",W41="VT giao sai điểm",W41="ST nhập thiếu",W41="DC pick sai",W41="ST kiểm sai QT",W41="ST thông tin sai/không phản hồi",W41="DC thao tác sai")),"Siêu thị","") -> Siêu thị | Z41: =IF(N(Q41)<=0,"",IF(ISNUMBER(SEARCH("Thiếu kiện",V41)),"Kho đông mát",IF(AND(N(Q41)>0,N(P41)>0,OR(ISNUMBER(SEARCH("Hình KDB",U41)),ISNUMBER(SEARCH("Hình tele",U41)),ISNUMBER(SEARCH("sai code",U41)),ISNUMBER(SEARCH("ST nhận",U41)))),"Kho đông mát",IF(AND(W41="DC giao thiếu",OR(ISNUMBER(SEARCH("Hình KDB",U41)),ISNUMBER(SEARCH("Hình tele",U41)),ISNUMBER(SEARCH("sai code",U41)))),"Kho đông mát",IF(W41="DC giao thiếu","Chưa xác định",IF(AND(W41="DC pick sai",OR(ISNUMBER(SEARCH("Hình KDB",U41)),ISNUMBER(SEARCH("Hình tele",U41)),ISNUMBER(SEARCH("sai code",U41)),ISNUMBER(SEARCH("ST nhận",U41)))),"Kho đông mát",IF(W41="DC pick sai","Chưa xác định",IF(AND(W41="Hao hụt",N(O41)>0,OR(ISNUMBER(SEARCH("Hình KDB",U41)),ISNUMBER(SEARCH("Hình tele",U41)),ISNUMBER(SEARCH("sai code",U41)),ISNUMBER(SEARCH("ST nhận",U41)))),"Kho đông mát",IF(W41="Hao hụt","Chưa xác định",IF(OR(W41="VT giao sai điểm",W41="Không đạt nhiệt độ",W41="TX giao thiếu kiện",W41="Hàng không đạt CL"),"Kho đông mát",IF(W41="Chưa xác định","Chưa xác định",IF(N(P41)>0,"Chưa xác định","")))))))))))) | AA41: Hoàn Thành | AG41: {=XLOOKUP(F41,'CLV2'!A:A,'CLV2'!E:E)} -> 2.DELICA | AH41: {=XLOOKUP(F41,'CLV2'!A:A,'CLV2'!F:F)} -> 3.DESSERTS | AI41: =if(H41="KG","KG","Pack") -> Pack | AJ41: =K41/I41 -> 1 | AK41: {=XLOOKUP(F41,'GIÁ'!A:A,'GIÁ'!D:D)} -> 12622.50 | AL41: =VALUE(SUBSTITUTE(AK41, ".", ","))*K41 -> 12622.5 | AM41: =IF($X:$X="Hao hụt", VALUE(SUBSTITUTE($AK41, ".", ","))*O41, 0) -> 0 | AN41: =IF($Y:$Y="Siêu thị", VALUE(SUBSTITUTE(AK41, ".", ","))*P41, 0) -> 12622.5 | AO41: =IF($Z:$Z="Kho đông mát", VALUE(SUBSTITUTE(AK41, ".", ","))*Q41, 0) -> 0 | AP41: =IF($Z:$Z="Chưa xác định", VALUE(SUBSTITUTE(AK41, ".", ","))*Q41, 0) -> 0
A42: 46231 | B42: 0.55069444 | C42: KFM_BDU_TAN - B.01.04 Tháp B Opal Skyline | D42: {=XLOOKUP(C42,'DS ST'!A:A,'DS ST'!B:B)} -> OPS | E42: {=XLOOKUP($F42,'GIÁ'!$A:$A,'GIÁ'!$E:$E)} -> MÁT | F42: 8938511301618 | G42: THƠM - HỒNG TRÀ SỮA BÁ TƯỚC 250ML | H42: CHAI | I42: 5 | J42: 0 | K42: =I42-J42 -> 5 | L42: PT1580326 | M42: TRBOPS225 | N42: TO224362 | P42: 5 | Q42: =I42-J42-O42-P42 -> 0 | R42: PT1582253 | V42: Thiếu Item trong kiện | W42: DC thao tác sai | X42: =IF(VALUE(O42)<=0,"",IF(TRIM(W42)="Hao hụt","Hao hụt","Hao hụt")) | Y42: =IF(AND(N(P42)>0,OR(W42="DC giao bù",W42="VT giao sai điểm",W42="ST nhập thiếu",W42="DC pick sai",W42="ST kiểm sai QT",W42="ST thông tin sai/không phản hồi",W42="DC thao tác sai")),"Siêu thị","") -> Siêu thị | Z42: =IF(N(Q42)<=0,"",IF(ISNUMBER(SEARCH("Thiếu kiện",V42)),"Kho đông mát",IF(AND(N(Q42)>0,N(P42)>0,OR(ISNUMBER(SEARCH("Hình KDB",U42)),ISNUMBER(SEARCH("Hình tele",U42)),ISNUMBER(SEARCH("sai code",U42)),ISNUMBER(SEARCH("ST nhận",U42)))),"Kho đông mát",IF(AND(W42="DC giao thiếu",OR(ISNUMBER(SEARCH("Hình KDB",U42)),ISNUMBER(SEARCH("Hình tele",U42)),ISNUMBER(SEARCH("sai code",U42)))),"Kho đông mát",IF(W42="DC giao thiếu","Chưa xác định",IF(AND(W42="DC pick sai",OR(ISNUMBER(SEARCH("Hình KDB",U42)),ISNUMBER(SEARCH("Hình tele",U42)),ISNUMBER(SEARCH("sai code",U42)),ISNUMBER(SEARCH("ST nhận",U42)))),"Kho đông mát",IF(W42="DC pick sai","Chưa xác định",IF(AND(W42="Hao hụt",N(O42)>0,OR(ISNUMBER(SEARCH("Hình KDB",U42)),ISNUMBER(SEARCH("Hình tele",U42)),ISNUMBER(SEARCH("sai code",U42)),ISNUMBER(SEARCH("ST nhận",U42)))),"Kho đông mát",IF(W42="Hao hụt","Chưa xác định",IF(OR(W42="VT giao sai điểm",W42="Không đạt nhiệt độ",W42="TX giao thiếu kiện",W42="Hàng không đạt CL"),"Kho đông mát",IF(W42="Chưa xác định","Chưa xác định",IF(N(P42)>0,"Chưa xác định","")))))))))))) | AA42: Hoàn Thành | AG42: {=XLOOKUP(F42,'CLV2'!A:A,'CLV2'!E:E)} -> 2.DELICA | AH42: {=XLOOKUP(F42,'CLV2'!A:A,'CLV2'!F:F)} -> 3.DRINKS | AI42: =if(H42="KG","KG","Pack") -> Pack | AJ42: =K42/I42 -> 1 | AK42: {=XLOOKUP(F42,'GIÁ'!A:A,'GIÁ'!D:D)} -> 11687.57 | AL42: =VALUE(SUBSTITUTE(AK42, ".", ","))*K42 -> 58437.85 | AM42: =IF($X:$X="Hao hụt", VALUE(SUBSTITUTE($AK42, ".", ","))*O42, 0) -> 0 | AN42: =IF($Y:$Y="Siêu thị", VALUE(SUBSTITUTE(AK42, ".", ","))*P42, 0) -> 58437.85 | AO42: =IF($Z:$Z="Kho đông mát", VALUE(SUBSTITUTE(AK42, ".", ","))*Q42, 0) -> 0 | AP42: =IF($Z:$Z="Chưa xác định", VALUE(SUBSTITUTE(AK42, ".", ","))*Q42, 0) -> 0
A43: 46231 | B43: 0.47638889 | C43: KFM_HCM_BCH - 10 Phạm Hùng | D43: {=XLOOKUP(C43,'DS ST'!A:A,'DS ST'!B:B)} -> PHG | E43: {=XLOOKUP($F43,'GIÁ'!$A:$A,'GIÁ'!$E:$E)} -> MÁT | F43: 8936049693397 | G43: SALAD HỖN HỢP RAU XANH GLOBAL GAP 150G ( ĐÃ RỬA SẠCH) | H43: HỘP | I43: 2 | J43: 0 | K43: =I43-J43 -> 2 | L43: PT1580268 | M43: TRBPHG4008 | N43: TO224330 | P43: 2 | Q43: =I43-J43-O43-P43 -> 0 | R43: PT1582200 | V43: Thiếu Item trong kiện | W43: DC thao tác sai | X43: =IF(VALUE(O43)<=0,"",IF(TRIM(W43)="Hao hụt","Hao hụt","Hao hụt")) | Y43: =IF(AND(N(P43)>0,OR(W43="DC giao bù",W43="VT giao sai điểm",W43="ST nhập thiếu",W43="DC pick sai",W43="ST kiểm sai QT",W43="ST thông tin sai/không phản hồi",W43="DC thao tác sai")),"Siêu thị","") -> Siêu thị | Z43: =IF(N(Q43)<=0,"",IF(ISNUMBER(SEARCH("Thiếu kiện",V43)),"Kho đông mát",IF(AND(N(Q43)>0,N(P43)>0,OR(ISNUMBER(SEARCH("Hình KDB",U43)),ISNUMBER(SEARCH("Hình tele",U43)),ISNUMBER(SEARCH("sai code",U43)),ISNUMBER(SEARCH("ST nhận",U43)))),"Kho đông mát",IF(AND(W43="DC giao thiếu",OR(ISNUMBER(SEARCH("Hình KDB",U43)),ISNUMBER(SEARCH("Hình tele",U43)),ISNUMBER(SEARCH("sai code",U43)))),"Kho đông mát",IF(W43="DC giao thiếu","Chưa xác định",IF(AND(W43="DC pick sai",OR(ISNUMBER(SEARCH("Hình KDB",U43)),ISNUMBER(SEARCH("Hình tele",U43)),ISNUMBER(SEARCH("sai code",U43)),ISNUMBER(SEARCH("ST nhận",U43)))),"Kho đông mát",IF(W43="DC pick sai","Chưa xác định",IF(AND(W43="Hao hụt",N(O43)>0,OR(ISNUMBER(SEARCH("Hình KDB",U43)),ISNUMBER(SEARCH("Hình tele",U43)),ISNUMBER(SEARCH("sai code",U43)),ISNUMBER(SEARCH("ST nhận",U43)))),"Kho đông mát",IF(W43="Hao hụt","Chưa xác định",IF(OR(W43="VT giao sai điểm",W43="Không đạt nhiệt độ",W43="TX giao thiếu kiện",W43="Hàng không đạt CL"),"Kho đông mát",IF(W43="Chưa xác định","Chưa xác định",IF(N(P43)>0,"Chưa xác định","")))))))))))) | AA43: Hoàn Thành | AG43: {=XLOOKUP(F43,'CLV2'!A:A,'CLV2'!E:E)} -> 2.VEGETABLES | AH43: {=XLOOKUP(F43,'CLV2'!A:A,'CLV2'!F:F)} -> 3.LETTUCE, SNACKABLES | AI43: =if(H43="KG","KG","Pack") -> Pack | AJ43: =K43/I43 -> 1 | AK43: {=XLOOKUP(F43,'GIÁ'!A:A,'GIÁ'!D:D)} -> 29702.07 | AL43: =VALUE(SUBSTITUTE(AK43, ".", ","))*K43 -> 59404.14 | AM43: =IF($X:$X="Hao hụt", VALUE(SUBSTITUTE($AK43, ".", ","))*O43, 0) -> 0 | AN43: =IF($Y:$Y="Siêu thị", VALUE(SUBSTITUTE(AK43, ".", ","))*P43, 0) -> 59404.14 | AO43: =IF($Z:$Z="Kho đông mát", VALUE(SUBSTITUTE(AK43, ".", ","))*Q43, 0) -> 0 | AP43: =IF($Z:$Z="Chưa xác định", VALUE(SUBSTITUTE(AK43, ".", ","))*Q43, 0) -> 0
A44: 46231 | B44: 0.47638889 | C44: KFM_HCM_BCH - 10 Phạm Hùng | D44: {=XLOOKUP(C44,'DS ST'!A:A,'DS ST'!B:B)} -> PHG | E44: {=XLOOKUP($F44,'GIÁ'!$A:$A,'GIÁ'!$E:$E)} -> MÁT | F44: 8936049694424 | G44: HỖN HỢP XÀ LÁCH BABY VÀ RAU THƠM 75G (ĐÃ RỬA SẠCH) | H44: HỘP | I44: 1 | J44: 0 | K44: =I44-J44 -> 1 | L44: PT1580268 | M44: TRBPHG4008 | N44: TO224330 | P44: 1 | Q44: =I44-J44-O44-P44 -> 0 | R44: PT1582200 | V44: Thiếu Item trong kiện | W44: DC thao tác sai | X44: =IF(VALUE(O44)<=0,"",IF(TRIM(W44)="Hao hụt","Hao hụt","Hao hụt")) | Y44: =IF(AND(N(P44)>0,OR(W44="DC giao bù",W44="VT giao sai điểm",W44="ST nhập thiếu",W44="DC pick sai",W44="ST kiểm sai QT",W44="ST thông tin sai/không phản hồi",W44="DC thao tác sai")),"Siêu thị","") -> Siêu thị | Z44: =IF(N(Q44)<=0,"",IF(ISNUMBER(SEARCH("Thiếu kiện",V44)),"Kho đông mát",IF(AND(N(Q44)>0,N(P44)>0,OR(ISNUMBER(SEARCH("Hình KDB",U44)),ISNUMBER(SEARCH("Hình tele",U44)),ISNUMBER(SEARCH("sai code",U44)),ISNUMBER(SEARCH("ST nhận",U44)))),"Kho đông mát",IF(AND(W44="DC giao thiếu",OR(ISNUMBER(SEARCH("Hình KDB",U44)),ISNUMBER(SEARCH("Hình tele",U44)),ISNUMBER(SEARCH("sai code",U44)))),"Kho đông mát",IF(W44="DC giao thiếu","Chưa xác định",IF(AND(W44="DC pick sai",OR(ISNUMBER(SEARCH("Hình KDB",U44)),ISNUMBER(SEARCH("Hình tele",U44)),ISNUMBER(SEARCH("sai code",U44)),ISNUMBER(SEARCH("ST nhận",U44)))),"Kho đông mát",IF(W44="DC pick sai","Chưa xác định",IF(AND(W44="Hao hụt",N(O44)>0,OR(ISNUMBER(SEARCH("Hình KDB",U44)),ISNUMBER(SEARCH("Hình tele",U44)),ISNUMBER(SEARCH("sai code",U44)),ISNUMBER(SEARCH("ST nhận",U44)))),"Kho đông mát",IF(W44="Hao hụt","Chưa xác định",IF(OR(W44="VT giao sai điểm",W44="Không đạt nhiệt độ",W44="TX giao thiếu kiện",W44="Hàng không đạt CL"),"Kho đông mát",IF(W44="Chưa xác định","Chưa xác định",IF(N(P44)>0,"Chưa xác định","")))))))))))) | AA44: Hoàn Thành | AG44: {=XLOOKUP(F44,'CLV2'!A:A,'CLV2'!E:E)} -> 2.VEGETABLES | AH44: {=XLOOKUP(F44,'CLV2'!A:A,'CLV2'!F:F)} -> 3.LETTUCE, SNACKABLES | AI44: =if(H44="KG","KG","Pack") -> Pack | AJ44: =K44/I44 -> 1 | AK44: {=XLOOKUP(F44,'GIÁ'!A:A,'GIÁ'!D:D)} -> 26058.45 | AL44: =VALUE(SUBSTITUTE(AK44, ".", ","))*K44 -> 26058.45 | AM44: =IF($X:$X="Hao hụt", VALUE(SUBSTITUTE($AK44, ".", ","))*O44, 0) -> 0 | AN44: =IF($Y:$Y="Siêu thị", VALUE(SUBSTITUTE(AK44, ".", ","))*P44, 0) -> 26058.45 | AO44: =IF($Z:$Z="Kho đông mát", VALUE(SUBSTITUTE(AK44, ".", ","))*Q44, 0) -> 0 | AP44: =IF($Z:$Z="Chưa xác định", VALUE(SUBSTITUTE(AK44, ".", ","))*Q44, 0) -> 0
A45: 46231 | B45: 0.47638889 | C45: KFM_HCM_BCH - 10 Phạm Hùng | D45: {=XLOOKUP(C45,'DS ST'!A:A,'DS ST'!B:B)} -> PHG | E45: {=XLOOKUP($F45,'GIÁ'!$A:$A,'GIÁ'!$E:$E)} -> MÁT | F45: 8936049694431 | G45: HỖN HỢP XÀ LÁCH RADICHIO VÀ ROCKET 100G (ĐÃ RỬA SẠCH) | H45: HỘP | I45: 2 | J45: 0 | K45: =I45-J45 -> 2 | L45: PT1580268 | M45: TRBPHG4008 | N45: TO224330 | P45: 2 | Q45: =I45-J45-O45-P45 -> 0 | R45: PT1582200 | V45: Thiếu Item trong kiện | W45: DC thao tác sai | X45: =IF(VALUE(O45)<=0,"",IF(TRIM(W45)="Hao hụt","Hao hụt","Hao hụt")) | Y45: =IF(AND(N(P45)>0,OR(W45="DC giao bù",W45="VT giao sai điểm",W45="ST nhập thiếu",W45="DC pick sai",W45="ST kiểm sai QT",W45="ST thông tin sai/không phản hồi",W45="DC thao tác sai")),"Siêu thị","") -> Siêu thị | Z45: =IF(N(Q45)<=0,"",IF(ISNUMBER(SEARCH("Thiếu kiện",V45)),"Kho đông mát",IF(AND(N(Q45)>0,N(P45)>0,OR(ISNUMBER(SEARCH("Hình KDB",U45)),ISNUMBER(SEARCH("Hình tele",U45)),ISNUMBER(SEARCH("sai code",U45)),ISNUMBER(SEARCH("ST nhận",U45)))),"Kho đông mát",IF(AND(W45="DC giao thiếu",OR(ISNUMBER(SEARCH("Hình KDB",U45)),ISNUMBER(SEARCH("Hình tele",U45)),ISNUMBER(SEARCH("sai code",U45)))),"Kho đông mát",IF(W45="DC giao thiếu","Chưa xác định",IF(AND(W45="DC pick sai",OR(ISNUMBER(SEARCH("Hình KDB",U45)),ISNUMBER(SEARCH("Hình tele",U45)),ISNUMBER(SEARCH("sai code",U45)),ISNUMBER(SEARCH("ST nhận",U45)))),"Kho đông mát",IF(W45="DC pick sai","Chưa xác định",IF(AND(W45="Hao hụt",N(O45)>0,OR(ISNUMBER(SEARCH("Hình KDB",U45)),ISNUMBER(SEARCH("Hình tele",U45)),ISNUMBER(SEARCH("sai code",U45)),ISNUMBER(SEARCH("ST nhận",U45)))),"Kho đông mát",IF(W45="Hao hụt","Chưa xác định",IF(OR(W45="VT giao sai điểm",W45="Không đạt nhiệt độ",W45="TX giao thiếu kiện",W45="Hàng không đạt CL"),"Kho đông mát",IF(W45="Chưa xác định","Chưa xác định",IF(N(P45)>0,"Chưa xác định","")))))))))))) | AA45: Hoàn Thành | AG45: {=XLOOKUP(F45,'CLV2'!A:A,'CLV2'!E:E)} -> 2.VEGETABLES | AH45: {=XLOOKUP(F45,'CLV2'!A:A,'CLV2'!F:F)} -> 3.LETTUCE, SNACKABLES | AI45: =if(H45="KG","KG","Pack") -> Pack | AJ45: =K45/I45 -> 1 | AK45: {=XLOOKUP(F45,'GIÁ'!A:A,'GIÁ'!D:D)} -> 26437.71 | AL45: =VALUE(SUBSTITUTE(AK45, ".", ","))*K45 -> 52875.42 | AM45: =IF($X:$X="Hao hụt", VALUE(SUBSTITUTE($AK45, ".", ","))*O45, 0) -> 0 | AN45: =IF($Y:$Y="Siêu thị", VALUE(SUBSTITUTE(AK45, ".", ","))*P45, 0) -> 52875.42 | AO45: =IF($Z:$Z="Kho đông mát", VALUE(SUBSTITUTE(AK45, ".", ","))*Q45, 0) -> 0 | AP45: =IF($Z:$Z="Chưa xác định", VALUE(SUBSTITUTE(AK45, ".", ","))*Q45, 0) -> 0
... A74: 46231 | B74: 0.47638889 | C74: KFM_HCM_BCH - 10 Phạm Hùng | D74: {=XLOOKUP(C74,'DS ST'!A:A,'DS ST'!B:B)} -> PHG | E74: {=XLOOKUP($F74,'GIÁ'!$A:$A,'GIÁ'!$E:$E)} -> MÁT | F74: 8935007101103 | G74: LOTHAMILK - SỮA THANH TRÙNG KHÔNG ĐƯỜNG CHAI 1760ML | H74: CHAI | I74: 3 | J74: 0 | K74: =I74-J74 -> 3 | L74: PT1580268 | M74: TRBPHG4048 | N74: TO224317 | P74: 3 | Q74: =I74-J74-O74-P74 -> 0 | R74: PT1582192 | V74: Thiếu Item trong kiện | W74: DC thao tác sai | X74: =IF(VALUE(O74)<=0,"",IF(TRIM(W74)="Hao hụt","Hao hụt","Hao hụt")) | Y74: =IF(AND(N(P74)>0,OR(W74="DC giao bù",W74="VT giao sai điểm",W74="ST nhập thiếu",W74="DC pick sai",W74="ST kiểm sai QT",W74="ST thông tin sai/không phản hồi",W74="DC thao tác sai")),"Siêu thị","") -> Siêu thị | Z74: =IF(N(Q74)<=0,"",IF(ISNUMBER(SEARCH("Thiếu kiện",V74)),"Kho đông mát",IF(AND(N(Q74)>0,N(P74)>0,OR(ISNUMBER(SEARCH("Hình KDB",U74)),ISNUMBER(SEARCH("Hình tele",U74)),ISNUMBER(SEARCH("sai code",U74)),ISNUMBER(SEARCH("ST nhận",U74)))),"Kho đông mát",IF(AND(W74="DC giao thiếu",OR(ISNUMBER(SEARCH("Hình KDB",U74)),ISNUMBER(SEARCH("Hình tele",U74)),ISNUMBER(SEARCH("sai code",U74)))),"Kho đông mát",IF(W74="DC giao thiếu","Chưa xác định",IF(AND(W74="DC pick sai",OR(ISNUMBER(SEARCH("Hình KDB",U74)),ISNUMBER(SEARCH("Hình tele",U74)),ISNUMBER(SEARCH("sai code",U74)),ISNUMBER(SEARCH("ST nhận",U74)))),"Kho đông mát",IF(W74="DC pick sai","Chưa xác định",IF(AND(W74="Hao hụt",N(O74)>0,OR(ISNUMBER(SEARCH("Hình KDB",U74)),ISNUMBER(SEARCH("Hình tele",U74)),ISNUMBER(SEARCH("sai code",U74)),ISNUMBER(SEARCH("ST nhận",U74)))),"Kho đông mát",IF(W74="Hao hụt","Chưa xác định",IF(OR(W74="VT giao sai điểm",W74="Không đạt nhiệt độ",W74="TX giao thiếu kiện",W74="Hàng không đạt CL"),"Kho đông mát",IF(W74="Chưa xác định","Chưa xác định",IF(N(P74)>0,"Chưa xác định","")))))))))))) | AA74: Hoàn Thành | AG74: {=XLOOKUP(F74,'CLV2'!A:A,'CLV2'!E:E)} -> 2.DAIRY | AH74: {=XLOOKUP(F74,'CLV2'!A:A,'CLV2'!F:F)} -> 3.FRESH MILK | AI74: =if(H74="KG","KG","Pack") -> Pack | AJ74: =K74/I74 -> 1 | AK74: {=XLOOKUP(F74,'GIÁ'!A:A,'GIÁ'!D:D)} -> 53296.98 | AL74: =VALUE(SUBSTITUTE(AK74, ".", ","))*K74 -> 159890.94 | AM74: =IF($X:$X="Hao hụt", VALUE(SUBSTITUTE($AK74, ".", ","))*O74, 0) -> 0 | AN74: =IF($Y:$Y="Siêu thị", VALUE(SUBSTITUTE(AK74, ".", ","))*P74, 0) -> 159890.94 | AO74: =IF($Z:$Z="Kho đông mát", VALUE(SUBSTITUTE(AK74, ".", ","))*Q74, 0) -> 0 | AP74: =IF($Z:$Z="Chưa xác định", VALUE(SUBSTITUTE(AK74, ".", ","))*Q74, 0) -> 0
A75: 46231 | B75: 0.47638889 | C75: KFM_HCM_BCH - 10 Phạm Hùng | D75: {=XLOOKUP(C75,'DS ST'!A:A,'DS ST'!B:B)} -> PHG | E75: {=XLOOKUP($F75,'GIÁ'!$A:$A,'GIÁ'!$E:$E)} -> MÁT | F75: SP001589 | G75: BBANG HOUSE - BÁNH MOUSSE DÂU 150G | H75: HỘP | I75: 1 | J75: 0 | K75: =I75-J75 -> 1 | L75: PT1580268 | M75: TRBPHG4049 | N75: TO224314 | P75: 1 | Q75: =I75-J75-O75-P75 -> 0 | R75: PT1582195 | V75: Thiếu Item trong kiện | W75: DC thao tác sai | X75: =IF(VALUE(O75)<=0,"",IF(TRIM(W75)="Hao hụt","Hao hụt","Hao hụt")) | Y75: =IF(AND(N(P75)>0,OR(W75="DC giao bù",W75="VT giao sai điểm",W75="ST nhập thiếu",W75="DC pick sai",W75="ST kiểm sai QT",W75="ST thông tin sai/không phản hồi",W75="DC thao tác sai")),"Siêu thị","") -> Siêu thị | Z75: =IF(N(Q75)<=0,"",IF(ISNUMBER(SEARCH("Thiếu kiện",V75)),"Kho đông mát",IF(AND(N(Q75)>0,N(P75)>0,OR(ISNUMBER(SEARCH("Hình KDB",U75)),ISNUMBER(SEARCH("Hình tele",U75)),ISNUMBER(SEARCH("sai code",U75)),ISNUMBER(SEARCH("ST nhận",U75)))),"Kho đông mát",IF(AND(W75="DC giao thiếu",OR(ISNUMBER(SEARCH("Hình KDB",U75)),ISNUMBER(SEARCH("Hình tele",U75)),ISNUMBER(SEARCH("sai code",U75)))),"Kho đông mát",IF(W75="DC giao thiếu","Chưa xác định",IF(AND(W75="DC pick sai",OR(ISNUMBER(SEARCH("Hình KDB",U75)),ISNUMBER(SEARCH("Hình tele",U75)),ISNUMBER(SEARCH("sai code",U75)),ISNUMBER(SEARCH("ST nhận",U75)))),"Kho đông mát",IF(W75="DC pick sai","Chưa xác định",IF(AND(W75="Hao hụt",N(O75)>0,OR(ISNUMBER(SEARCH("Hình KDB",U75)),ISNUMBER(SEARCH("Hình tele",U75)),ISNUMBER(SEARCH("sai code",U75)),ISNUMBER(SEARCH("ST nhận",U75)))),"Kho đông mát",IF(W75="Hao hụt","Chưa xác định",IF(OR(W75="VT giao sai điểm",W75="Không đạt nhiệt độ",W75="TX giao thiếu kiện",W75="Hàng không đạt CL"),"Kho đông mát",IF(W75="Chưa xác định","Chưa xác định",IF(N(P75)>0,"Chưa xác định","")))))))))))) | AA75: Hoàn Thành | AG75: {=XLOOKUP(F75,'CLV2'!A:A,'CLV2'!E:E)} -> 2.BAKERY | AH75: {=XLOOKUP(F75,'CLV2'!A:A,'CLV2'!F:F)} -> 3.CAKES | AI75: =if(H75="KG","KG","Pack") -> Pack | AJ75: =K75/I75 -> 1 | AK75: {=XLOOKUP(F75,'GIÁ'!A:A,'GIÁ'!D:D)} -> 27778.00 | AL75: =VALUE(SUBSTITUTE(AK75, ".", ","))*K75 -> 27778 | AM75: =IF($X:$X="Hao hụt", VALUE(SUBSTITUTE($AK75, ".", ","))*O75, 0) -> 0 | AN75: =IF($Y:$Y="Siêu thị", VALUE(SUBSTITUTE(AK75, ".", ","))*P75, 0) -> 27778 | AO75: =IF($Z:$Z="Kho đông mát", VALUE(SUBSTITUTE(AK75, ".", ","))*Q75, 0) -> 0 | AP75: =IF($Z:$Z="Chưa xác định", VALUE(SUBSTITUTE(AK75, ".", ","))*Q75, 0) -> 0
A76: 46231 | B76: 0.47638889 | C76: KFM_HCM_BCH - 10 Phạm Hùng | D76: {=XLOOKUP(C76,'DS ST'!A:A,'DS ST'!B:B)} -> PHG | E76: {=XLOOKUP($F76,'GIÁ'!$A:$A,'GIÁ'!$E:$E)} -> MÁT | F76: SP001590 | G76: BBANG HOUSE - BÁNH MOUSSE VIỆT QUẤT 150G | H76: HỘP | I76: 1 | J76: 0 | K76: =I76-J76 -> 1 | L76: PT1580268 | M76: TRBPHG4049 | N76: TO224314 | P76: 1 | Q76: =I76-J76-O76-P76 -> 0 | R76: PT1582195 | V76: Thiếu Item trong kiện | W76: DC thao tác sai | X76: =IF(VALUE(O76)<=0,"",IF(TRIM(W76)="Hao hụt","Hao hụt","Hao hụt")) | Y76: =IF(AND(N(P76)>0,OR(W76="DC giao bù",W76="VT giao sai điểm",W76="ST nhập thiếu",W76="DC pick sai",W76="ST kiểm sai QT",W76="ST thông tin sai/không phản hồi",W76="DC thao tác sai")),"Siêu thị","") -> Siêu thị | Z76: =IF(N(Q76)<=0,"",IF(ISNUMBER(SEARCH("Thiếu kiện",V76)),"Kho đông mát",IF(AND(N(Q76)>0,N(P76)>0,OR(ISNUMBER(SEARCH("Hình KDB",U76)),ISNUMBER(SEARCH("Hình tele",U76)),ISNUMBER(SEARCH("sai code",U76)),ISNUMBER(SEARCH("ST nhận",U76)))),"Kho đông mát",IF(AND(W76="DC giao thiếu",OR(ISNUMBER(SEARCH("Hình KDB",U76)),ISNUMBER(SEARCH("Hình tele",U76)),ISNUMBER(SEARCH("sai code",U76)))),"Kho đông mát",IF(W76="DC giao thiếu","Chưa xác định",IF(AND(W76="DC pick sai",OR(ISNUMBER(SEARCH("Hình KDB",U76)),ISNUMBER(SEARCH("Hình tele",U76)),ISNUMBER(SEARCH("sai code",U76)),ISNUMBER(SEARCH("ST nhận",U76)))),"Kho đông mát",IF(W76="DC pick sai","Chưa xác định",IF(AND(W76="Hao hụt",N(O76)>0,OR(ISNUMBER(SEARCH("Hình KDB",U76)),ISNUMBER(SEARCH("Hình tele",U76)),ISNUMBER(SEARCH("sai code",U76)),ISNUMBER(SEARCH("ST nhận",U76)))),"Kho đông mát",IF(W76="Hao hụt","Chưa xác định",IF(OR(W76="VT giao sai điểm",W76="Không đạt nhiệt độ",W76="TX giao thiếu kiện",W76="Hàng không đạt CL"),"Kho đông mát",IF(W76="Chưa xác định","Chưa xác định",IF(N(P76)>0,"Chưa xác định","")))))))))))) | AA76: Hoàn Thành | AG76: {=XLOOKUP(F76,'CLV2'!A:A,'CLV2'!E:E)} -> 2.BAKERY | AH76: {=XLOOKUP(F76,'CLV2'!A:A,'CLV2'!F:F)} -> 3.CAKES | AI76: =if(H76="KG","KG","Pack") -> Pack | AJ76: =K76/I76 -> 1 | AK76: {=XLOOKUP(F76,'GIÁ'!A:A,'GIÁ'!D:D)} -> 27778.00 | AL76: =VALUE(SUBSTITUTE(AK76, ".", ","))*K76 -> 27778 | AM76: =IF($X:$X="Hao hụt", VALUE(SUBSTITUTE($AK76, ".", ","))*O76, 0) -> 0 | AN76: =IF($Y:$Y="Siêu thị", VALUE(SUBSTITUTE(AK76, ".", ","))*P76, 0) -> 27778 | AO76: =IF($Z:$Z="Kho đông mát", VALUE(SUBSTITUTE(AK76, ".", ","))*Q76, 0) -> 0 | AP76: =IF($Z:$Z="Chưa xác định", VALUE(SUBSTITUTE(AK76, ".", ","))*Q76, 0) -> 0
A77: 46231 | B77: 0.47638889 | C77: KFM_HCM_BCH - 10 Phạm Hùng | D77: {=XLOOKUP(C77,'DS ST'!A:A,'DS ST'!B:B)} -> PHG | E77: {=XLOOKUP($F77,'GIÁ'!$A:$A,'GIÁ'!$E:$E)} -> MÁT | F77: 8936146442614 | G77: G - HUYẾT HẤP 400G | H77: KHAY | I77: 7 | J77: 0 | K77: =I77-J77 -> 7 | L77: PT1580268 | M77: TRBPHG4049 | N77: TO224314 | P77: 7 | Q77: =I77-J77-O77-P77 -> 0 | R77: PT1582107 | V77: Thiếu Item trong kiện | W77: DC thao tác sai | X77: =IF(VALUE(O77)<=0,"",IF(TRIM(W77)="Hao hụt","Hao hụt","Hao hụt")) | Y77: =IF(AND(N(P77)>0,OR(W77="DC giao bù",W77="VT giao sai điểm",W77="ST nhập thiếu",W77="DC pick sai",W77="ST kiểm sai QT",W77="ST thông tin sai/không phản hồi",W77="DC thao tác sai")),"Siêu thị","") -> Siêu thị | Z77: =IF(N(Q77)<=0,"",IF(ISNUMBER(SEARCH("Thiếu kiện",V77)),"Kho đông mát",IF(AND(N(Q77)>0,N(P77)>0,OR(ISNUMBER(SEARCH("Hình KDB",U77)),ISNUMBER(SEARCH("Hình tele",U77)),ISNUMBER(SEARCH("sai code",U77)),ISNUMBER(SEARCH("ST nhận",U77)))),"Kho đông mát",IF(AND(W77="DC giao thiếu",OR(ISNUMBER(SEARCH("Hình KDB",U77)),ISNUMBER(SEARCH("Hình tele",U77)),ISNUMBER(SEARCH("sai code",U77)))),"Kho đông mát",IF(W77="DC giao thiếu","Chưa xác định",IF(AND(W77="DC pick sai",OR(ISNUMBER(SEARCH("Hình KDB",U77)),ISNUMBER(SEARCH("Hình tele",U77)),ISNUMBER(SEARCH("sai code",U77)),ISNUMBER(SEARCH("ST nhận",U77)))),"Kho đông mát",IF(W77="DC pick sai","Chưa xác định",IF(AND(W77="Hao hụt",N(O77)>0,OR(ISNUMBER(SEARCH("Hình KDB",U77)),ISNUMBER(SEARCH("Hình tele",U77)),ISNUMBER(SEARCH("sai code",U77)),ISNUMBER(SEARCH("ST nhận",U77)))),"Kho đông mát",IF(W77="Hao hụt","Chưa xác định",IF(OR(W77="VT giao sai điểm",W77="Không đạt nhiệt độ",W77="TX giao thiếu kiện",W77="Hàng không đạt CL"),"Kho đông mát",IF(W77="Chưa xác định","Chưa xác định",IF(N(P77)>0,"Chưa xác định","")))))))))))) | AA77: Hoàn Thành | AG77: {=XLOOKUP(F77,'CLV2'!A:A,'CLV2'!E:E)} -> 2.MEAT | AH77: {=XLOOKUP(F77,'CLV2'!A:A,'CLV2'!F:F)} -> 3.PORK | AI77: =if(H77="KG","KG","Pack") -> Pack | AJ77: =K77/I77 -> 1 | AK77: {=XLOOKUP(F77,'GIÁ'!A:A,'GIÁ'!D:D)} -> 17646.95 | AL77: =VALUE(SUBSTITUTE(AK77, ".", ","))*K77 -> 123528.65 | AM77: =IF($X:$X="Hao hụt", VALUE(SUBSTITUTE($AK77, ".", ","))*O77, 0) -> 0 | AN77: =IF($Y:$Y="Siêu thị", VALUE(SUBSTITUTE(AK77, ".", ","))*P77, 0) -> 123528.65 | AO77: =IF($Z:$Z="Kho đông mát", VALUE(SUBSTITUTE(AK77, ".", ","))*Q77, 0) -> 0 | AP77: =IF($Z:$Z="Chưa xác định", VALUE(SUBSTITUTE(AK77, ".", ","))*Q77, 0) -> 0
A78: 46231 | B78: 0.47638889 | C78: KFM_HCM_BCH - 10 Phạm Hùng | D78: {=XLOOKUP(C78,'DS ST'!A:A,'DS ST'!B:B)} -> PHG | E78: {=XLOOKUP($F78,'GIÁ'!$A:$A,'GIÁ'!$E:$E)} -> MÁT | F78: 8938528582574 | G78: NGỌC TÚ - BÁNH GIÒ THỊT HEO TRỨNG CÚT 160G | H78: GÓI | I78: 4 | J78: 0 | K78: =I78-J78 -> 4 | L78: PT1580268 | M78: TRBPHG4050 | N78: TO224310 | P78: 4 | Q78: =I78-J78-O78-P78 -> 0 | R78: PT1582168 | V78: Thiếu Item trong kiện | W78: DC thao tác sai | X78: =IF(VALUE(O78)<=0,"",IF(TRIM(W78)="Hao hụt","Hao hụt","Hao hụt")) | Y78: =IF(AND(N(P78)>0,OR(W78="DC giao bù",W78="VT giao sai điểm",W78="ST nhập thiếu",W78="DC pick sai",W78="ST kiểm sai QT",W78="ST thông tin sai/không phản hồi",W78="DC thao tác sai")),"Siêu thị","") -> Siêu thị | Z78: =IF(N(Q78)<=0,"",IF(ISNUMBER(SEARCH("Thiếu kiện",V78)),"Kho đông mát",IF(AND(N(Q78)>0,N(P78)>0,OR(ISNUMBER(SEARCH("Hình KDB",U78)),ISNUMBER(SEARCH("Hình tele",U78)),ISNUMBER(SEARCH("sai code",U78)),ISNUMBER(SEARCH("ST nhận",U78)))),"Kho đông mát",IF(AND(W78="DC giao thiếu",OR(ISNUMBER(SEARCH("Hình KDB",U78)),ISNUMBER(SEARCH("Hình tele",U78)),ISNUMBER(SEARCH("sai code",U78)))),"Kho đông mát",IF(W78="DC giao thiếu","Chưa xác định",IF(AND(W78="DC pick sai",OR(ISNUMBER(SEARCH("Hình KDB",U78)),ISNUMBER(SEARCH("Hình tele",U78)),ISNUMBER(SEARCH("sai code",U78)),ISNUMBER(SEARCH("ST nhận",U78)))),"Kho đông mát",IF(W78="DC pick sai","Chưa xác định",IF(AND(W78="Hao hụt",N(O78)>0,OR(ISNUMBER(SEARCH("Hình KDB",U78)),ISNUMBER(SEARCH("Hình tele",U78)),ISNUMBER(SEARCH("sai code",U78)),ISNUMBER(SEARCH("ST nhận",U78)))),"Kho đông mát",IF(W78="Hao hụt","Chưa xác định",IF(OR(W78="VT giao sai điểm",W78="Không đạt nhiệt độ",W78="TX giao thiếu kiện",W78="Hàng không đạt CL"),"Kho đông mát",IF(W78="Chưa xác định","Chưa xác định",IF(N(P78)>0,"Chưa xác định","")))))))))))) | AA78: Hoàn Thành | AG78: {=XLOOKUP(F78,'CLV2'!A:A,'CLV2'!E:E)} -> 2.CHILLED FOODS | AH78: {=XLOOKUP(F78,'CLV2'!A:A,'CLV2'!F:F)} -> 3.OTHER CHILLED PRODUCTS | AI78: =if(H78="KG","KG","Pack") -> Pack | AJ78: =K78/I78 -> 1 | AK78: {=XLOOKUP(F78,'GIÁ'!A:A,'GIÁ'!D:D)} -> 10450.00 | AL78: =VALUE(SUBSTITUTE(AK78, ".", ","))*K78 -> 41800 | AM78: =IF($X:$X="Hao hụt", VALUE(SUBSTITUTE($AK78, ".", ","))*O78, 0) -> 0 | AN78: =IF($Y:$Y="Siêu thị", VALUE(SUBSTITUTE(AK78, ".", ","))*P78, 0) -> 41800 | AO78: =IF($Z:$Z="Kho đông mát", VALUE(SUBSTITUTE(AK78, ".", ","))*Q78, 0) -> 0 | AP78: =IF($Z:$Z="Chưa xác định", VALUE(SUBSTITUTE(AK78, ".", ","))*Q78, 0) -> 0
A79: 46231 | B79: 0.47638889 | C79: KFM_HCM_BCH - 10 Phạm Hùng | D79: {=XLOOKUP(C79,'DS ST'!A:A,'DS ST'!B:B)} -> PHG | E79: {=XLOOKUP($F79,'GIÁ'!$A:$A,'GIÁ'!$E:$E)} -> MÁT | F79: 8938529045856 | G79: NGỌC THƠM - CHÂN GIÒ HEO MUỐI 300G | H79: GÓI | I79: 10 | J79: 0 | K79: =I79-J79 -> 10 | L79: PT1580268 | M79: TRBPHG4050 | N79: TO224310 | P79: 10 | Q79: =I79-J79-O79-P79 -> 0 | R79: PT1582168 | V79: Thiếu Item trong kiện | W79: DC thao tác sai | X79: =IF(VALUE(O79)<=0,"",IF(TRIM(W79)="Hao hụt","Hao hụt","Hao hụt")) | Y79: =IF(AND(N(P79)>0,OR(W79="DC giao bù",W79="VT giao sai điểm",W79="ST nhập thiếu",W79="DC pick sai",W79="ST kiểm sai QT",W79="ST thông tin sai/không phản hồi",W79="DC thao tác sai")),"Siêu thị","") -> Siêu thị | Z79: =IF(N(Q79)<=0,"",IF(ISNUMBER(SEARCH("Thiếu kiện",V79)),"Kho đông mát",IF(AND(N(Q79)>0,N(P79)>0,OR(ISNUMBER(SEARCH("Hình KDB",U79)),ISNUMBER(SEARCH("Hình tele",U79)),ISNUMBER(SEARCH("sai code",U79)),ISNUMBER(SEARCH("ST nhận",U79)))),"Kho đông mát",IF(AND(W79="DC giao thiếu",OR(ISNUMBER(SEARCH("Hình KDB",U79)),ISNUMBER(SEARCH("Hình tele",U79)),ISNUMBER(SEARCH("sai code",U79)))),"Kho đông mát",IF(W79="DC giao thiếu","Chưa xác định",IF(AND(W79="DC pick sai",OR(ISNUMBER(SEARCH("Hình KDB",U79)),ISNUMBER(SEARCH("Hình tele",U79)),ISNUMBER(SEARCH("sai code",U79)),ISNUMBER(SEARCH("ST nhận",U79)))),"Kho đông mát",IF(W79="DC pick sai","Chưa xác định",IF(AND(W79="Hao hụt",N(O79)>0,OR(ISNUMBER(SEARCH("Hình KDB",U79)),ISNUMBER(SEARCH("Hình tele",U79)),ISNUMBER(SEARCH("sai code",U79)),ISNUMBER(SEARCH("ST nhận",U79)))),"Kho đông mát",IF(W79="Hao hụt","Chưa xác định",IF(OR(W79="VT giao sai điểm",W79="Không đạt nhiệt độ",W79="TX giao thiếu kiện",W79="Hàng không đạt CL"),"Kho đông mát",IF(W79="Chưa xác định","Chưa xác định",IF(N(P79)>0,"Chưa xác định","")))))))))))) | AA79: Hoàn Thành | AG79: {=XLOOKUP(F79,'CLV2'!A:A,'CLV2'!E:E)} -> 2.CHILLED FOODS | AH79: {=XLOOKUP(F79,'CLV2'!A:A,'CLV2'!F:F)} -> 3.HAM AND SAUSAGES | AI79: =if(H79="KG","KG","Pack") -> Pack | AJ79: =K79/I79 -> 1 | AK79: {=XLOOKUP(F79,'GIÁ'!A:A,'GIÁ'!D:D)} -> 66066.31 | AL79: =VALUE(SUBSTITUTE(AK79, ".", ","))*K79 -> 660663.1 | AM79: =IF($X:$X="Hao hụt", VALUE(SUBSTITUTE($AK79, ".", ","))*O79, 0) -> 0 | AN79: =IF($Y:$Y="Siêu thị", VALUE(SUBSTITUTE(AK79, ".", ","))*P79, 0) -> 660663.1 | AO79: =IF($Z:$Z="Kho đông mát", VALUE(SUBSTITUTE(AK79, ".", ","))*Q79, 0) -> 0 | AP79: =IF($Z:$Z="Chưa xác định", VALUE(SUBSTITUTE(AK79, ".", ","))*Q79, 0) -> 0
A80: 46231 | B80: 0.47638889 | C80: KFM_HCM_BCH - 10 Phạm Hùng | D80: {=XLOOKUP(C80,'DS ST'!A:A,'DS ST'!B:B)} -> PHG | E80: {=XLOOKUP($F80,'GIÁ'!$A:$A,'GIÁ'!$E:$E)} -> MÁT | F80: 8938511301212 | G80: THƠM - TÀU HŨ MATCHA 130G | H80: HŨ | I80: 6 | J80: 0 | K80: =I80-J80 -> 6 | L80: PT1580268 | M80: TRBPHG4050 | N80: TO224310 | P80: 6 | Q80: =I80-J80-O80-P80 -> 0 | R80: PT1582192 | V80: Thiếu Item trong kiện | W80: DC thao tác sai | X80: =IF(VALUE(O80)<=0,"",IF(TRIM(W80)="Hao hụt","Hao hụt","Hao hụt")) | Y80: =IF(AND(N(P80)>0,OR(W80="DC giao bù",W80="VT giao sai điểm",W80="ST nhập thiếu",W80="DC pick sai",W80="ST kiểm sai QT",W80="ST thông tin sai/không phản hồi",W80="DC thao tác sai")),"Siêu thị","") -> Siêu thị | Z80: =IF(N(Q80)<=0,"",IF(ISNUMBER(SEARCH("Thiếu kiện",V80)),"Kho đông mát",IF(AND(N(Q80)>0,N(P80)>0,OR(ISNUMBER(SEARCH("Hình KDB",U80)),ISNUMBER(SEARCH("Hình tele",U80)),ISNUMBER(SEARCH("sai code",U80)),ISNUMBER(SEARCH("ST nhận",U80)))),"Kho đông mát",IF(AND(W80="DC giao thiếu",OR(ISNUMBER(SEARCH("Hình KDB",U80)),ISNUMBER(SEARCH("Hình tele",U80)),ISNUMBER(SEARCH("sai code",U80)))),"Kho đông mát",IF(W80="DC giao thiếu","Chưa xác định",IF(AND(W80="DC pick sai",OR(ISNUMBER(SEARCH("Hình KDB",U80)),ISNUMBER(SEARCH("Hình tele",U80)),ISNUMBER(SEARCH("sai code",U80)),ISNUMBER(SEARCH("ST nhận",U80)))),"Kho đông mát",IF(W80="DC pick sai","Chưa xác định",IF(AND(W80="Hao hụt",N(O80)>0,OR(ISNUMBER(SEARCH("Hình KDB",U80)),ISNUMBER(SEARCH("Hình tele",U80)),ISNUMBER(SEARCH("sai code",U80)),ISNUMBER(SEARCH("ST nhận",U80)))),"Kho đông mát",IF(W80="Hao hụt","Chưa xác định",IF(OR(W80="VT giao sai điểm",W80="Không đạt nhiệt độ",W80="TX giao thiếu kiện",W80="Hàng không đạt CL"),"Kho đông mát",IF(W80="Chưa xác định","Chưa xác định",IF(N(P80)>0,"Chưa xác định","")))))))))))) | AA80: Hoàn Thành | AG80: {=XLOOKUP(F80,'CLV2'!A:A,'CLV2'!E:E)} -> 2.DELICA | AH80: {=XLOOKUP(F80,'CLV2'!A:A,'CLV2'!F:F)} -> 3.DESSERTS | AI80: =if(H80="KG","KG","Pack") -> Pack | AJ80: =K80/I80 -> 1 | AK80: {=XLOOKUP(F80,'GIÁ'!A:A,'GIÁ'!D:D)} -> 12622.50 | AL80: =VALUE(SUBSTITUTE(AK80, ".", ","))*K80 -> 75735 | AM80: =IF($X:$X="Hao hụt", VALUE(SUBSTITUTE($AK80, ".", ","))*O80, 0) -> 0 | AN80: =IF($Y:$Y="Siêu thị", VALUE(SUBSTITUTE(AK80, ".", ","))*P80, 0) -> 75735 | AO80: =IF($Z:$Z="Kho đông mát", VALUE(SUBSTITUTE(AK80, ".", ","))*Q80, 0) -> 0 | AP80: =IF($Z:$Z="Chưa xác định", VALUE(SUBSTITUTE(AK80, ".", ","))*Q80, 0) -> 0
A81: 46231 | B81: 0.47638889 | C81: KFM_HCM_BCH - 10 Phạm Hùng | D81: {=XLOOKUP(C81,'DS ST'!A:A,'DS ST'!B:B)} -> PHG | E81: {=XLOOKUP($F81,'GIÁ'!$A:$A,'GIÁ'!$E:$E)} -> MÁT | F81: 8938511301236 | G81: THƠM - TRÀ SỮA MATCHA HẠNH NHÂN 250ML | H81: CHAI | I81: 3 | J81: 0 | K81: =I81-J81 -> 3 | L81: PT1580268 | M81: TRBPHG4050 | N81: TO224310 | P81: 3 | Q81: =I81-J81-O81-P81 -> 0 | R81: PT1582192 | V81: Thiếu Item trong kiện | W81: DC thao tác sai | X81: =IF(VALUE(O81)<=0,"",IF(TRIM(W81)="Hao hụt","Hao hụt","Hao hụt")) | Y81: =IF(AND(N(P81)>0,OR(W81="DC giao bù",W81="VT giao sai điểm",W81="ST nhập thiếu",W81="DC pick sai",W81="ST kiểm sai QT",W81="ST thông tin sai/không phản hồi",W81="DC thao tác sai")),"Siêu thị","") -> Siêu thị | Z81: =IF(N(Q81)<=0,"",IF(ISNUMBER(SEARCH("Thiếu kiện",V81)),"Kho đông mát",IF(AND(N(Q81)>0,N(P81)>0,OR(ISNUMBER(SEARCH("Hình KDB",U81)),ISNUMBER(SEARCH("Hình tele",U81)),ISNUMBER(SEARCH("sai code",U81)),ISNUMBER(SEARCH("ST nhận",U81)))),"Kho đông mát",IF(AND(W81="DC giao thiếu",OR(ISNUMBER(SEARCH("Hình KDB",U81)),ISNUMBER(SEARCH("Hình tele",U81)),ISNUMBER(SEARCH("sai code",U81)))),"Kho đông mát",IF(W81="DC giao thiếu","Chưa xác định",IF(AND(W81="DC pick sai",OR(ISNUMBER(SEARCH("Hình KDB",U81)),ISNUMBER(SEARCH("Hình tele",U81)),ISNUMBER(SEARCH("sai code",U81)),ISNUMBER(SEARCH("ST nhận",U81)))),"Kho đông mát",IF(W81="DC pick sai","Chưa xác định",IF(AND(W81="Hao hụt",N(O81)>0,OR(ISNUMBER(SEARCH("Hình KDB",U81)),ISNUMBER(SEARCH("Hình tele",U81)),ISNUMBER(SEARCH("sai code",U81)),ISNUMBER(SEARCH("ST nhận",U81)))),"Kho đông mát",IF(W81="Hao hụt","Chưa xác định",IF(OR(W81="VT giao sai điểm",W81="Không đạt nhiệt độ",W81="TX giao thiếu kiện",W81="Hàng không đạt CL"),"Kho đông mát",IF(W81="Chưa xác định","Chưa xác định",IF(N(P81)>0,"Chưa xác định","")))))))))))) | AA81: Hoàn Thành | AG81: {=XLOOKUP(F81,'CLV2'!A:A,'CLV2'!E:E)} -> 2.DELICA | AH81: {=XLOOKUP(F81,'CLV2'!A:A,'CLV2'!F:F)} -> 3.DRINKS | AI81: =if(H81="KG","KG","Pack") -> Pack | AJ81: =K81/I81 -> 1 | AK81: {=XLOOKUP(F81,'GIÁ'!A:A,'GIÁ'!D:D)} -> 12323.03 | AL81: =VALUE(SUBSTITUTE(AK81, ".", ","))*K81 -> 36969.09 | AM81: =IF($X:$X="Hao hụt", VALUE(SUBSTITUTE($AK81, ".", ","))*O81, 0) -> 0 | AN81: =IF($Y:$Y="Siêu thị", VALUE(SUBSTITUTE(AK81, ".", ","))*P81, 0) -> 36969.09 | AO81: =IF($Z:$Z="Kho đông mát", VALUE(SUBSTITUTE(AK81, ".", ","))*Q81, 0) -> 0 | AP81: =IF($Z:$Z="Chưa xác định", VALUE(SUBSTITUTE(AK81, ".", ","))*Q81, 0) -> 0
A82: 46231 | B82: 0.47638889 | C82: KFM_HCM_BCH - 10 Phạm Hùng | D82: {=XLOOKUP(C82,'DS ST'!A:A,'DS ST'!B:B)} -> PHG | E82: {=XLOOKUP($F82,'GIÁ'!$A:$A,'GIÁ'!$E:$E)} -> MÁT | F82: 40338736 | G82: MONTE - VÁNG SỮA VANI LỐC 4 X 55G | H82: LỐC | I82: 2 | J82: 0 | K82: =I82-J82 -> 2 | L82: PT1580268 | M82: TRBPHG5058 | N82: TO224309 | P82: 2 | Q82: =I82-J82-O82-P82 -> 0 | R82: PT1582125 | V82: Thiếu Item trong kiện | W82: DC thao tác sai | X82: =IF(VALUE(O82)<=0,"",IF(TRIM(W82)="Hao hụt","Hao hụt","Hao hụt")) | Y82: =IF(AND(N(P82)>0,OR(W82="DC giao bù",W82="VT giao sai điểm",W82="ST nhập thiếu",W82="DC pick sai",W82="ST kiểm sai QT",W82="ST thông tin sai/không phản hồi",W82="DC thao tác sai")),"Siêu thị","") -> Siêu thị | Z82: =IF(N(Q82)<=0,"",IF(ISNUMBER(SEARCH("Thiếu kiện",V82)),"Kho đông mát",IF(AND(N(Q82)>0,N(P82)>0,OR(ISNUMBER(SEARCH("Hình KDB",U82)),ISNUMBER(SEARCH("Hình tele",U82)),ISNUMBER(SEARCH("sai code",U82)),ISNUMBER(SEARCH("ST nhận",U82)))),"Kho đông mát",IF(AND(W82="DC giao thiếu",OR(ISNUMBER(SEARCH("Hình KDB",U82)),ISNUMBER(SEARCH("Hình tele",U82)),ISNUMBER(SEARCH("sai code",U82)))),"Kho đông mát",IF(W82="DC giao thiếu","Chưa xác định",IF(AND(W82="DC pick sai",OR(ISNUMBER(SEARCH("Hình KDB",U82)),ISNUMBER(SEARCH("Hình tele",U82)),ISNUMBER(SEARCH("sai code",U82)),ISNUMBER(SEARCH("ST nhận",U82)))),"Kho đông mát",IF(W82="DC pick sai","Chưa xác định",IF(AND(W82="Hao hụt",N(O82)>0,OR(ISNUMBER(SEARCH("Hình KDB",U82)),ISNUMBER(SEARCH("Hình tele",U82)),ISNUMBER(SEARCH("sai code",U82)),ISNUMBER(SEARCH("ST nhận",U82)))),"Kho đông mát",IF(W82="Hao hụt","Chưa xác định",IF(OR(W82="VT giao sai điểm",W82="Không đạt nhiệt độ",W82="TX giao thiếu kiện",W82="Hàng không đạt CL"),"Kho đông mát",IF(W82="Chưa xác định","Chưa xác định",IF(N(P82)>0,"Chưa xác định","")))))))))))) | AA82: Hoàn Thành | AG82: {=XLOOKUP(F82,'CLV2'!A:A,'CLV2'!E:E)} -> 2.DAIRY | AH82: {=XLOOKUP(F82,'CLV2'!A:A,'CLV2'!F:F)} -> 3.BUTTER AND CHEESE | AI82: =if(H82="KG","KG","Pack") -> Pack | AJ82: =K82/I82 -> 1 | AK82: {=XLOOKUP(F82,'GIÁ'!A:A,'GIÁ'!D:D)} -> 52307.68 | AL82: =VALUE(SUBSTITUTE(AK82, ".", ","))*K82 -> 104615.36 | AM82: =IF($X:$X="Hao hụt", VALUE(SUBSTITUTE($AK82, ".", ","))*O82, 0) -> 0 | AN82: =IF($Y:$Y="Siêu thị", VALUE(SUBSTITUTE(AK82, ".", ","))*P82, 0) -> 104615.36 | AO82: =IF($Z:$Z="Kho đông mát", VALUE(SUBSTITUTE(AK82, ".", ","))*Q82, 0) -> 0 | AP82: =IF($Z:$Z="Chưa xác định", VALUE(SUBSTITUTE(AK82, ".", ","))*Q82, 0) -> 0
A83: 46231 | B83: 0.47638889 | C83: KFM_HCM_BCH - 10 Phạm Hùng | D83: {=XLOOKUP(C83,'DS ST'!A:A,'DS ST'!B:B)} -> PHG | E83: {=XLOOKUP($F83,'GIÁ'!$A:$A,'GIÁ'!$E:$E)} -> MÁT | F83: 8936076271957 | G83: SAVOURE - BÁNH ỐC KEM 70G | H83: TÚI | I83: 1 | J83: 0 | K83: =I83-J83 -> 1 | L83: PT1580268 | M83: TRBPHG5059 | N83: TO224308 | P83: 1 | Q83: =I83-J83-O83-P83 -> 0 | R83: PT1582120, PT1582200 | V83: Thiếu Item trong kiện | W83: DC thao tác sai | X83: =IF(VALUE(O83)<=0,"",IF(TRIM(W83)="Hao hụt","Hao hụt","Hao hụt")) | Y83: =IF(AND(N(P83)>0,OR(W83="DC giao bù",W83="VT giao sai điểm",W83="ST nhập thiếu",W83="DC pick sai",W83="ST kiểm sai QT",W83="ST thông tin sai/không phản hồi",W83="DC thao tác sai")),"Siêu thị","") -> Siêu thị | Z83: =IF(N(Q83)<=0,"",IF(ISNUMBER(SEARCH("Thiếu kiện",V83)),"Kho đông mát",IF(AND(N(Q83)>0,N(P83)>0,OR(ISNUMBER(SEARCH("Hình KDB",U83)),ISNUMBER(SEARCH("Hình tele",U83)),ISNUMBER(SEARCH("sai code",U83)),ISNUMBER(SEARCH("ST nhận",U83)))),"Kho đông mát",IF(AND(W83="DC giao thiếu",OR(ISNUMBER(SEARCH("Hình KDB",U83)),ISNUMBER(SEARCH("Hình tele",U83)),ISNUMBER(SEARCH("sai code",U83)))),"Kho đông mát",IF(W83="DC giao thiếu","Chưa xác định",IF(AND(W83="DC pick sai",OR(ISNUMBER(SEARCH("Hình KDB",U83)),ISNUMBER(SEARCH("Hình tele",U83)),ISNUMBER(SEARCH("sai code",U83)),ISNUMBER(SEARCH("ST nhận",U83)))),"Kho đông mát",IF(W83="DC pick sai","Chưa xác định",IF(AND(W83="Hao hụt",N(O83)>0,OR(ISNUMBER(SEARCH("Hình KDB",U83)),ISNUMBER(SEARCH("Hình tele",U83)),ISNUMBER(SEARCH("sai code",U83)),ISNUMBER(SEARCH("ST nhận",U83)))),"Kho đông mát",IF(W83="Hao hụt","Chưa xác định",IF(OR(W83="VT giao sai điểm",W83="Không đạt nhiệt độ",W83="TX giao thiếu kiện",W83="Hàng không đạt CL"),"Kho đông mát",IF(W83="Chưa xác định","Chưa xác định",IF(N(P83)>0,"Chưa xác định","")))))))))))) | AA83: Hoàn Thành | AG83: {=XLOOKUP(F83,'CLV2'!A:A,'CLV2'!E:E)} -> 2.BAKERY | AH83: {=XLOOKUP(F83,'CLV2'!A:A,'CLV2'!F:F)} -> 3.CAKES | AI83: =if(H83="KG","KG","Pack") -> Pack | AJ83: =K83/I83 -> 1 | AK83: {=XLOOKUP(F83,'GIÁ'!A:A,'GIÁ'!D:D)} -> 8898.99 | AL83: =VALUE(SUBSTITUTE(AK83, ".", ","))*K83 -> 8898.99 | AM83: =IF($X:$X="Hao hụt", VALUE(SUBSTITUTE($AK83, ".", ","))*O83, 0) -> 0 | AN83: =IF($Y:$Y="Siêu thị", VALUE(SUBSTITUTE(AK83, ".", ","))*P83, 0) -> 8898.99 | AO83: =IF($Z:$Z="Kho đông mát", VALUE(SUBSTITUTE(AK83, ".", ","))*Q83, 0) -> 0 | AP83: =IF($Z:$Z="Chưa xác định", VALUE(SUBSTITUTE(AK83, ".", ","))*Q83, 0) -> 0
A84: 46231 | B84: 0.47638889 | C84: KFM_HCM_BCH - 10 Phạm Hùng | D84: {=XLOOKUP(C84,'DS ST'!A:A,'DS ST'!B:B)} -> PHG | E84: {=XLOOKUP($F84,'GIÁ'!$A:$A,'GIÁ'!$E:$E)} -> MÁT | F84: 6954463411658 | G84: PULMUONE - MỲ UDON ĐẬU HŨ CHẢ CÁ 275G | H84: GÓI | I84: 10 | J84: 0 | K84: =I84-J84 -> 10 | L84: PT1580268 | M84: TRBPHG5060 | N84: TO224305 | P84: 10 | Q84: =I84-J84-O84-P84 -> 0 | R84: PT1582107 | V84: Thiếu Item trong kiện | W84: DC thao tác sai | X84: =IF(VALUE(O84)<=0,"",IF(TRIM(W84)="Hao hụt","Hao hụt","Hao hụt")) | Y84: =IF(AND(N(P84)>0,OR(W84="DC giao bù",W84="VT giao sai điểm",W84="ST nhập thiếu",W84="DC pick sai",W84="ST kiểm sai QT",W84="ST thông tin sai/không phản hồi",W84="DC thao tác sai")),"Siêu thị","") -> Siêu thị | Z84: =IF(N(Q84)<=0,"",IF(ISNUMBER(SEARCH("Thiếu kiện",V84)),"Kho đông mát",IF(AND(N(Q84)>0,N(P84)>0,OR(ISNUMBER(SEARCH("Hình KDB",U84)),ISNUMBER(SEARCH("Hình tele",U84)),ISNUMBER(SEARCH("sai code",U84)),ISNUMBER(SEARCH("ST nhận",U84)))),"Kho đông mát",IF(AND(W84="DC giao thiếu",OR(ISNUMBER(SEARCH("Hình KDB",U84)),ISNUMBER(SEARCH("Hình tele",U84)),ISNUMBER(SEARCH("sai code",U84)))),"Kho đông mát",IF(W84="DC giao thiếu","Chưa xác định",IF(AND(W84="DC pick sai",OR(ISNUMBER(SEARCH("Hình KDB",U84)),ISNUMBER(SEARCH("Hình tele",U84)),ISNUMBER(SEARCH("sai code",U84)),ISNUMBER(SEARCH("ST nhận",U84)))),"Kho đông mát",IF(W84="DC pick sai","Chưa xác định",IF(AND(W84="Hao hụt",N(O84)>0,OR(ISNUMBER(SEARCH("Hình KDB",U84)),ISNUMBER(SEARCH("Hình tele",U84)),ISNUMBER(SEARCH("sai code",U84)),ISNUMBER(SEARCH("ST nhận",U84)))),"Kho đông mát",IF(W84="Hao hụt","Chưa xác định",IF(OR(W84="VT giao sai điểm",W84="Không đạt nhiệt độ",W84="TX giao thiếu kiện",W84="Hàng không đạt CL"),"Kho đông mát",IF(W84="Chưa xác định","Chưa xác định",IF(N(P84)>0,"Chưa xác định","")))))))))))) | AA84: Hoàn Thành | AG84: {=XLOOKUP(F84,'CLV2'!A:A,'CLV2'!E:E)} -> 2.CHILLED FOODS | AH84: {=XLOOKUP(F84,'CLV2'!A:A,'CLV2'!F:F)} -> 3.OTHER CHILLED PRODUCTS | AI84: =if(H84="KG","KG","Pack") -> Pack | AJ84: =K84/I84 -> 1 | AK84: {=XLOOKUP(F84,'GIÁ'!A:A,'GIÁ'!D:D)} -> 24050.54 | AL84: =VALUE(SUBSTITUTE(AK84, ".", ","))*K84 -> 240505.4 | AM84: =IF($X:$X="Hao hụt", VALUE(SUBSTITUTE($AK84, ".", ","))*O84, 0) -> 0 | AN84: =IF($Y:$Y="Siêu thị", VALUE(SUBSTITUTE(AK84, ".", ","))*P84, 0) -> 240505.4 | AO84: =IF($Z:$Z="Kho đông mát", VALUE(SUBSTITUTE(AK84, ".", ","))*Q84, 0) -> 0 | AP84: =IF($Z:$Z="Chưa xác định", VALUE(SUBSTITUTE(AK84, ".", ","))*Q84, 0) -> 0
A85: 46231 | B85: 0.47638889 | C85: KFM_HCM_BCH - 10 Phạm Hùng | D85: {=XLOOKUP(C85,'DS ST'!A:A,'DS ST'!B:B)} -> PHG | E85: {=XLOOKUP($F85,'GIÁ'!$A:$A,'GIÁ'!$E:$E)} -> MÁT | F85: 8934673500944 | G85: VINAMILK - SCA VIỆT QUẤT ÍT ĐƯỜNG 100G | H85: HỘP | I85: 24 | J85: 0 | K85: =I85-J85 -> 24 | L85: PT1580268 | M85: TRBPHG5064 | N85: TO224303 | P85: 24 | Q85: =I85-J85-O85-P85 -> 0 | R85: PT1582142 | V85: Thiếu Item trong kiện | W85: DC thao tác sai | X85: =IF(VALUE(O85)<=0,"",IF(TRIM(W85)="Hao hụt","Hao hụt","Hao hụt")) | Y85: =IF(AND(N(P85)>0,OR(W85="DC giao bù",W85="VT giao sai điểm",W85="ST nhập thiếu",W85="DC pick sai",W85="ST kiểm sai QT",W85="ST thông tin sai/không phản hồi",W85="DC thao tác sai")),"Siêu thị","") -> Siêu thị | Z85: =IF(N(Q85)<=0,"",IF(ISNUMBER(SEARCH("Thiếu kiện",V85)),"Kho đông mát",IF(AND(N(Q85)>0,N(P85)>0,OR(ISNUMBER(SEARCH("Hình KDB",U85)),ISNUMBER(SEARCH("Hình tele",U85)),ISNUMBER(SEARCH("sai code",U85)),ISNUMBER(SEARCH("ST nhận",U85)))),"Kho đông mát",IF(AND(W85="DC giao thiếu",OR(ISNUMBER(SEARCH("Hình KDB",U85)),ISNUMBER(SEARCH("Hình tele",U85)),ISNUMBER(SEARCH("sai code",U85)))),"Kho đông mát",IF(W85="DC giao thiếu","Chưa xác định",IF(AND(W85="DC pick sai",OR(ISNUMBER(SEARCH("Hình KDB",U85)),ISNUMBER(SEARCH("Hình tele",U85)),ISNUMBER(SEARCH("sai code",U85)),ISNUMBER(SEARCH("ST nhận",U85)))),"Kho đông mát",IF(W85="DC pick sai","Chưa xác định",IF(AND(W85="Hao hụt",N(O85)>0,OR(ISNUMBER(SEARCH("Hình KDB",U85)),ISNUMBER(SEARCH("Hình tele",U85)),ISNUMBER(SEARCH("sai code",U85)),ISNUMBER(SEARCH("ST nhận",U85)))),"Kho đông mát",IF(W85="Hao hụt","Chưa xác định",IF(OR(W85="VT giao sai điểm",W85="Không đạt nhiệt độ",W85="TX giao thiếu kiện",W85="Hàng không đạt CL"),"Kho đông mát",IF(W85="Chưa xác định","Chưa xác định",IF(N(P85)>0,"Chưa xác định","")))))))))))) | AA85: Hoàn Thành | AG85: {=XLOOKUP(F85,'CLV2'!A:A,'CLV2'!E:E)} -> 2.DAIRY | AH85: {=XLOOKUP(F85,'CLV2'!A:A,'CLV2'!F:F)} -> 3.YOGURT | AI85: =if(H85="KG","KG","Pack") -> Pack | AJ85: =K85/I85 -> 1 | AK85: {=XLOOKUP(F85,'GIÁ'!A:A,'GIÁ'!D:D)} -> 6467.48 | AL85: =VALUE(SUBSTITUTE(AK85, ".", ","))*K85 -> 155219.52 | AM85: =IF($X:$X="Hao hụt", VALUE(SUBSTITUTE($AK85, ".", ","))*O85, 0) -> 0 | AN85: =IF($Y:$Y="Siêu thị", VALUE(SUBSTITUTE(AK85, ".", ","))*P85, 0) -> 155219.52 | AO85: =IF($Z:$Z="Kho đông mát", VALUE(SUBSTITUTE(AK85, ".", ","))*Q85, 0) -> 0 | AP85: =IF($Z:$Z="Chưa xác định", VALUE(SUBSTITUTE(AK85, ".", ","))*Q85, 0) -> 0
A86: 46231 | B86: 0.47638889 | C86: KFM_HCM_BCH - 10 Phạm Hùng | D86: {=XLOOKUP(C86,'DS ST'!A:A,'DS ST'!B:B)} -> PHG | E86: {=XLOOKUP($F86,'GIÁ'!$A:$A,'GIÁ'!$E:$E)} -> MÁT | F86: 3073781153859 | G86: BELCUBE - PHÔ MAI VUÔNG VỊ DÂU 15 VIÊN -78G | H86: HỘP | I86: 1 | J86: 0 | K86: =I86-J86 -> 1 | L86: PT1580268 | M86: TRBPHG5068 | N86: TO224301 | Q86: =I86-J86-O86-P86 -> 1 | V86: Thiếu Item trong kiện | W86: DC giao thiếu | X86: =IF(VALUE(O86)<=0,"",IF(TRIM(W86)="Hao hụt","Hao hụt","Hao hụt")) | Y86: =IF(AND(N(P86)>0,OR(W86="DC giao bù",W86="VT giao sai điểm",W86="ST nhập thiếu",W86="DC pick sai",W86="ST kiểm sai QT",W86="ST thông tin sai/không phản hồi",W86="DC thao tác sai")),"Siêu thị","") | Z86: =IF(N(Q86)<=0,"",IF(ISNUMBER(SEARCH("Thiếu kiện",V86)),"Kho đông mát",IF(AND(N(Q86)>0,N(P86)>0,OR(ISNUMBER(SEARCH("Hình KDB",U86)),ISNUMBER(SEARCH("Hình tele",U86)),ISNUMBER(SEARCH("sai code",U86)),ISNUMBER(SEARCH("ST nhận",U86)))),"Kho đông mát",IF(AND(W86="DC giao thiếu",OR(ISNUMBER(SEARCH("Hình KDB",U86)),ISNUMBER(SEARCH("Hình tele",U86)),ISNUMBER(SEARCH("sai code",U86)))),"Kho đông mát",IF(W86="DC giao thiếu","Chưa xác định",IF(AND(W86="DC pick sai",OR(ISNUMBER(SEARCH("Hình KDB",U86)),ISNUMBER(SEARCH("Hình tele",U86)),ISNUMBER(SEARCH("sai code",U86)),ISNUMBER(SEARCH("ST nhận",U86)))),"Kho đông mát",IF(W86="DC pick sai","Chưa xác định",IF(AND(W86="Hao hụt",N(O86)>0,OR(ISNUMBER(SEARCH("Hình KDB",U86)),ISNUMBER(SEARCH("Hình tele",U86)),ISNUMBER(SEARCH("sai code",U86)),ISNUMBER(SEARCH("ST nhận",U86)))),"Kho đông mát",IF(W86="Hao hụt","Chưa xác định",IF(OR(W86="VT giao sai điểm",W86="Không đạt nhiệt độ",W86="TX giao thiếu kiện",W86="Hàng không đạt CL"),"Kho đông mát",IF(W86="Chưa xác định","Chưa xác định",IF(N(P86)>0,"Chưa xác định","")))))))))))) -> Chưa xác định | AA86: Hoàn Thành | AG86: {=XLOOKUP(F86,'CLV2'!A:A,'CLV2'!E:E)} -> 2.DAIRY | AH86: {=XLOOKUP(F86,'CLV2'!A:A,'CLV2'!F:F)} -> 3.BUTTER AND CHEESE | AI86: =if(H86="KG","KG","Pack") -> Pack | AJ86: =K86/I86 -> 1 | AK86: {=XLOOKUP(F86,'GIÁ'!A:A,'GIÁ'!D:D)} -> 40247.07 | AL86: =VALUE(SUBSTITUTE(AK86, ".", ","))*K86 -> 40247.07 | AM86: =IF($X:$X="Hao hụt", VALUE(SUBSTITUTE($AK86, ".", ","))*O86, 0) -> 0 | AN86: =IF($Y:$Y="Siêu thị", VALUE(SUBSTITUTE(AK86, ".", ","))*P86, 0) -> 0 | AO86: =IF($Z:$Z="Kho đông mát", VALUE(SUBSTITUTE(AK86, ".", ","))*Q86, 0) -> 0 | AP86: =IF($Z:$Z="Chưa xác định", VALUE(SUBSTITUTE(AK86, ".", ","))*Q86, 0) -> 40247.07
A87: 46231 | B87: 0.47638889 | C87: KFM_HCM_BCH - 10 Phạm Hùng | D87: {=XLOOKUP(C87,'DS ST'!A:A,'DS ST'!B:B)} -> PHG | E87: {=XLOOKUP($F87,'GIÁ'!$A:$A,'GIÁ'!$E:$E)} -> MÁT | F87: 8938512932071 | G87: SG MILK - SỮA CHUA PHÔ MAI 100G | H87: HỘP | I87: 1 | J87: 0 | K87: =I87-J87 -> 1 | L87: PT1580268 | M87: TRBPHG5071 | N87: TO224300 | P87: 1 | Q87: =I87-J87-O87-P87 -> 0 | R87: PT1582120 | V87: Thiếu Item trong kiện | W87: DC thao tác sai | X87: =IF(VALUE(O87)<=0,"",IF(TRIM(W87)="Hao hụt","Hao hụt","Hao hụt")) | Y87: =IF(AND(N(P87)>0,OR(W87="DC giao bù",W87="VT giao sai điểm",W87="ST nhập thiếu",W87="DC pick sai",W87="ST kiểm sai QT",W87="ST thông tin sai/không phản hồi",W87="DC thao tác sai")),"Siêu thị","") -> Siêu thị | Z87: =IF(N(Q87)<=0,"",IF(ISNUMBER(SEARCH("Thiếu kiện",V87)),"Kho đông mát",IF(AND(N(Q87)>0,N(P87)>0,OR(ISNUMBER(SEARCH("Hình KDB",U87)),ISNUMBER(SEARCH("Hình tele",U87)),ISNUMBER(SEARCH("sai code",U87)),ISNUMBER(SEARCH("ST nhận",U87)))),"Kho đông mát",IF(AND(W87="DC giao thiếu",OR(ISNUMBER(SEARCH("Hình KDB",U87)),ISNUMBER(SEARCH("Hình tele",U87)),ISNUMBER(SEARCH("sai code",U87)))),"Kho đông mát",IF(W87="DC giao thiếu","Chưa xác định",IF(AND(W87="DC pick sai",OR(ISNUMBER(SEARCH("Hình KDB",U87)),ISNUMBER(SEARCH("Hình tele",U87)),ISNUMBER(SEARCH("sai code",U87)),ISNUMBER(SEARCH("ST nhận",U87)))),"Kho đông mát",IF(W87="DC pick sai","Chưa xác định",IF(AND(W87="Hao hụt",N(O87)>0,OR(ISNUMBER(SEARCH("Hình KDB",U87)),ISNUMBER(SEARCH("Hình tele",U87)),ISNUMBER(SEARCH("sai code",U87)),ISNUMBER(SEARCH("ST nhận",U87)))),"Kho đông mát",IF(W87="Hao hụt","Chưa xác định",IF(OR(W87="VT giao sai điểm",W87="Không đạt nhiệt độ",W87="TX giao thiếu kiện",W87="Hàng không đạt CL"),"Kho đông mát",IF(W87="Chưa xác định","Chưa xác định",IF(N(P87)>0,"Chưa xác định","")))))))))))) | AA87: Hoàn Thành | AG87: {=XLOOKUP(F87,'CLV2'!A:A,'CLV2'!E:E)} -> 2.DELICA | AH87: {=XLOOKUP(F87,'CLV2'!A:A,'CLV2'!F:F)} -> 3.DESSERTS | AI87: =if(H87="KG","KG","Pack") -> Pack | AJ87: =K87/I87 -> 1 | AK87: {=XLOOKUP(F87,'GIÁ'!A:A,'GIÁ'!D:D)} -> 7464.75 | AL87: =VALUE(SUBSTITUTE(AK87, ".", ","))*K87 -> 7464.75 | AM87: =IF($X:$X="Hao hụt", VALUE(SUBSTITUTE($AK87, ".", ","))*O87, 0) -> 0 | AN87: =IF($Y:$Y="Siêu thị", VALUE(SUBSTITUTE(AK87, ".", ","))*P87, 0) -> 7464.75 | AO87: =IF($Z:$Z="Kho đông mát", VALUE(SUBSTITUTE(AK87, ".", ","))*Q87, 0) -> 0 | AP87: =IF($Z:$Z="Chưa xác định", VALUE(SUBSTITUTE(AK87, ".", ","))*Q87, 0) -> 0
A88: 46231 | B88: 0.47638889 | C88: KFM_HCM_BCH - 10 Phạm Hùng | D88: {=XLOOKUP(C88,'DS ST'!A:A,'DS ST'!B:B)} -> PHG | E88: {=XLOOKUP($F88,'GIÁ'!$A:$A,'GIÁ'!$E:$E)} -> MÁT | F88: 8936183060444 | G88: GFU - CƠM RƯỢU NẾP CÁI HOA VÀNG 170G | H88: HỘP | I88: 4 | J88: 0 | K88: =I88-J88 -> 4 | L88: PT1580268 | M88: TRBPHG5071 | N88: TO224300 | P88: 4 | Q88: =I88-J88-O88-P88 -> 0 | R88: PT1582120 | V88: Thiếu Item trong kiện | W88: DC thao tác sai | X88: =IF(VALUE(O88)<=0,"",IF(TRIM(W88)="Hao hụt","Hao hụt","Hao hụt")) | Y88: =IF(AND(N(P88)>0,OR(W88="DC giao bù",W88="VT giao sai điểm",W88="ST nhập thiếu",W88="DC pick sai",W88="ST kiểm sai QT",W88="ST thông tin sai/không phản hồi",W88="DC thao tác sai")),"Siêu thị","") -> Siêu thị | Z88: =IF(N(Q88)<=0,"",IF(ISNUMBER(SEARCH("Thiếu kiện",V88)),"Kho đông mát",IF(AND(N(Q88)>0,N(P88)>0,OR(ISNUMBER(SEARCH("Hình KDB",U88)),ISNUMBER(SEARCH("Hình tele",U88)),ISNUMBER(SEARCH("sai code",U88)),ISNUMBER(SEARCH("ST nhận",U88)))),"Kho đông mát",IF(AND(W88="DC giao thiếu",OR(ISNUMBER(SEARCH("Hình KDB",U88)),ISNUMBER(SEARCH("Hình tele",U88)),ISNUMBER(SEARCH("sai code",U88)))),"Kho đông mát",IF(W88="DC giao thiếu","Chưa xác định",IF(AND(W88="DC pick sai",OR(ISNUMBER(SEARCH("Hình KDB",U88)),ISNUMBER(SEARCH("Hình tele",U88)),ISNUMBER(SEARCH("sai code",U88)),ISNUMBER(SEARCH("ST nhận",U88)))),"Kho đông mát",IF(W88="DC pick sai","Chưa xác định",IF(AND(W88="Hao hụt",N(O88)>0,OR(ISNUMBER(SEARCH("Hình KDB",U88)),ISNUMBER(SEARCH("Hình tele",U88)),ISNUMBER(SEARCH("sai code",U88)),ISNUMBER(SEARCH("ST nhận",U88)))),"Kho đông mát",IF(W88="Hao hụt","Chưa xác định",IF(OR(W88="VT giao sai điểm",W88="Không đạt nhiệt độ",W88="TX giao thiếu kiện",W88="Hàng không đạt CL"),"Kho đông mát",IF(W88="Chưa xác định","Chưa xác định",IF(N(P88)>0,"Chưa xác định","")))))))))))) | AA88: Hoàn Thành | AG88: {=XLOOKUP(F88,'CLV2'!A:A,'CLV2'!E:E)} -> 2.DELICA | AH88: {=XLOOKUP(F88,'CLV2'!A:A,'CLV2'!F:F)} -> 3.DESSERTS | AI88: =if(H88="KG","KG","Pack") -> Pack | AJ88: =K88/I88 -> 1 | AK88: {=XLOOKUP(F88,'GIÁ'!A:A,'GIÁ'!D:D)} -> 16930.64 | AL88: =VALUE(SUBSTITUTE(AK88, ".", ","))*K88 -> 67722.56 | AM88: =IF($X:$X="Hao hụt", VALUE(SUBSTITUTE($AK88, ".", ","))*O88, 0) -> 0 | AN88: =IF($Y:$Y="Siêu thị", VALUE(SUBSTITUTE(AK88, ".", ","))*P88, 0) -> 67722.56 | AO88: =IF($Z:$Z="Kho đông mát", VALUE(SUBSTITUTE(AK88, ".", ","))*Q88, 0) -> 0 | AP88: =IF($Z:$Z="Chưa xác định", VALUE(SUBSTITUTE(AK88, ".", ","))*Q88, 0) -> 0
A89: 46231 | B89: 0.47638889 | C89: KFM_HCM_BCH - 10 Phạm Hùng | D89: {=XLOOKUP(C89,'DS ST'!A:A,'DS ST'!B:B)} -> PHG | E89: {=XLOOKUP($F89,'GIÁ'!$A:$A,'GIÁ'!$E:$E)} -> MÁT | F89: 8936176750017 | G89: TNT - RAU CÂU NƯỚC DỪA 140G | H89: LY | I89: 3 | J89: 2 | K89: =I89-J89 -> 1 | L89: PT1580268 | M89: TRBPHG5074 | N89: TO224298 | P89: 1 | Q89: =I89-J89-O89-P89 -> 0 | R89: PT1582200 | V89: Thiếu Item trong kiện | W89: DC thao tác sai | X89: =IF(VALUE(O89)<=0,"",IF(TRIM(W89)="Hao hụt","Hao hụt","Hao hụt")) | Y89: =IF(AND(N(P89)>0,OR(W89="DC giao bù",W89="VT giao sai điểm",W89="ST nhập thiếu",W89="DC pick sai",W89="ST kiểm sai QT",W89="ST thông tin sai/không phản hồi",W89="DC thao tác sai")),"Siêu thị","") -> Siêu thị | Z89: =IF(N(Q89)<=0,"",IF(ISNUMBER(SEARCH("Thiếu kiện",V89)),"Kho đông mát",IF(AND(N(Q89)>0,N(P89)>0,OR(ISNUMBER(SEARCH("Hình KDB",U89)),ISNUMBER(SEARCH("Hình tele",U89)),ISNUMBER(SEARCH("sai code",U89)),ISNUMBER(SEARCH("ST nhận",U89)))),"Kho đông mát",IF(AND(W89="DC giao thiếu",OR(ISNUMBER(SEARCH("Hình KDB",U89)),ISNUMBER(SEARCH("Hình tele",U89)),ISNUMBER(SEARCH("sai code",U89)))),"Kho đông mát",IF(W89="DC giao thiếu","Chưa xác định",IF(AND(W89="DC pick sai",OR(ISNUMBER(SEARCH("Hình KDB",U89)),ISNUMBER(SEARCH("Hình tele",U89)),ISNUMBER(SEARCH("sai code",U89)),ISNUMBER(SEARCH("ST nhận",U89)))),"Kho đông mát",IF(W89="DC pick sai","Chưa xác định",IF(AND(W89="Hao hụt",N(O89)>0,OR(ISNUMBER(SEARCH("Hình KDB",U89)),ISNUMBER(SEARCH("Hình tele",U89)),ISNUMBER(SEARCH("sai code",U89)),ISNUMBER(SEARCH("ST nhận",U89)))),"Kho đông mát",IF(W89="Hao hụt","Chưa xác định",IF(OR(W89="VT giao sai điểm",W89="Không đạt nhiệt độ",W89="TX giao thiếu kiện",W89="Hàng không đạt CL"),"Kho đông mát",IF(W89="Chưa xác định","Chưa xác định",IF(N(P89)>0,"Chưa xác định","")))))))))))) | AA89: Hoàn Thành | AG89: {=XLOOKUP(F89,'CLV2'!A:A,'CLV2'!E:E)} -> 2.DELICA | AH89: {=XLOOKUP(F89,'CLV2'!A:A,'CLV2'!F:F)} -> 3.DESSERTS | AI89: =if(H89="KG","KG","Pack") -> Pack | AJ89: =K89/I89 -> 0.33333333 | AK89: {=XLOOKUP(F89,'GIÁ'!A:A,'GIÁ'!D:D)} -> 6650.00 | AL89: =VALUE(SUBSTITUTE(AK89, ".", ","))*K89 -> 6650 | AM89: =IF($X:$X="Hao hụt", VALUE(SUBSTITUTE($AK89, ".", ","))*O89, 0) -> 0 | AN89: =IF($Y:$Y="Siêu thị", VALUE(SUBSTITUTE(AK89, ".", ","))*P89, 0) -> 6650 | AO89: =IF($Z:$Z="Kho đông mát", VALUE(SUBSTITUTE(AK89, ".", ","))*Q89, 0) -> 0 | AP89: =IF($Z:$Z="Chưa xác định", VALUE(SUBSTITUTE(AK89, ".", ","))*Q89, 0) -> 0
A90: 46231 | B90: 0.47638889 | C90: KFM_HCM_BCH - 10 Phạm Hùng | D90: {=XLOOKUP(C90,'DS ST'!A:A,'DS ST'!B:B)} -> PHG | E90: {=XLOOKUP($F90,'GIÁ'!$A:$A,'GIÁ'!$E:$E)} -> MÁT | F90: 8938512932026 | G90: SG MILK - SỮA CHUA NẾP CẨM SÀI GÒN 120G | H90: HỘP | I90: 4 | J90: 0 | K90: =I90-J90 -> 4 | L90: PT1580268 | M90: TRBPHG5074 | N90: TO224298 | P90: 4 | Q90: =I90-J90-O90-P90 -> 0 | R90: PT1582148 | V90: Thiếu Item trong kiện | W90: DC thao tác sai | X90: =IF(VALUE(O90)<=0,"",IF(TRIM(W90)="Hao hụt","Hao hụt","Hao hụt")) | Y90: =IF(AND(N(P90)>0,OR(W90="DC giao bù",W90="VT giao sai điểm",W90="ST nhập thiếu",W90="DC pick sai",W90="ST kiểm sai QT",W90="ST thông tin sai/không phản hồi",W90="DC thao tác sai")),"Siêu thị","") -> Siêu thị | Z90: =IF(N(Q90)<=0,"",IF(ISNUMBER(SEARCH("Thiếu kiện",V90)),"Kho đông mát",IF(AND(N(Q90)>0,N(P90)>0,OR(ISNUMBER(SEARCH("Hình KDB",U90)),ISNUMBER(SEARCH("Hình tele",U90)),ISNUMBER(SEARCH("sai code",U90)),ISNUMBER(SEARCH("ST nhận",U90)))),"Kho đông mát",IF(AND(W90="DC giao thiếu",OR(ISNUMBER(SEARCH("Hình KDB",U90)),ISNUMBER(SEARCH("Hình tele",U90)),ISNUMBER(SEARCH("sai code",U90)))),"Kho đông mát",IF(W90="DC giao thiếu","Chưa xác định",IF(AND(W90="DC pick sai",OR(ISNUMBER(SEARCH("Hình KDB",U90)),ISNUMBER(SEARCH("Hình tele",U90)),ISNUMBER(SEARCH("sai code",U90)),ISNUMBER(SEARCH("ST nhận",U90)))),"Kho đông mát",IF(W90="DC pick sai","Chưa xác định",IF(AND(W90="Hao hụt",N(O90)>0,OR(ISNUMBER(SEARCH("Hình KDB",U90)),ISNUMBER(SEARCH("Hình tele",U90)),ISNUMBER(SEARCH("sai code",U90)),ISNUMBER(SEARCH("ST nhận",U90)))),"Kho đông mát",IF(W90="Hao hụt","Chưa xác định",IF(OR(W90="VT giao sai điểm",W90="Không đạt nhiệt độ",W90="TX giao thiếu kiện",W90="Hàng không đạt CL"),"Kho đông mát",IF(W90="Chưa xác định","Chưa xác định",IF(N(P90)>0,"Chưa xác định","")))))))))))) | AA90: Hoàn Thành | AG90: {=XLOOKUP(F90,'CLV2'!A:A,'CLV2'!E:E)} -> 2.DELICA | AH90: {=XLOOKUP(F90,'CLV2'!A:A,'CLV2'!F:F)} -> 3.DESSERTS | AI90: =if(H90="KG","KG","Pack") -> Pack | AJ90: =K90/I90 -> 1 | AK90: {=XLOOKUP(F90,'GIÁ'!A:A,'GIÁ'!D:D)} -> 7595.89 | AL90: =VALUE(SUBSTITUTE(AK90, ".", ","))*K90 -> 30383.56 | AM90: =IF($X:$X="Hao hụt", VALUE(SUBSTITUTE($AK90, ".", ","))*O90, 0) -> 0 | AN90: =IF($Y:$Y="Siêu thị", VALUE(SUBSTITUTE(AK90, ".", ","))*P90, 0) -> 30383.56 | AO90: =IF($Z:$Z="Kho đông mát", VALUE(SUBSTITUTE(AK90, ".", ","))*Q90, 0) -> 0 | AP90: =IF($Z:$Z="Chưa xác định", VALUE(SUBSTITUTE(AK90, ".", ","))*Q90, 0) -> 0
A91: 46231 | B91: 0.47638889 | C91: KFM_HCM_BCH - 10 Phạm Hùng | D91: {=XLOOKUP(C91,'DS ST'!A:A,'DS ST'!B:B)} -> PHG | E91: {=XLOOKUP($F91,'GIÁ'!$A:$A,'GIÁ'!$E:$E)} -> MÁT | F91: 8936076279366 | G91: SAVOURE - BÁNH SU SOCOLA COOKIE 104G (26G x 4 CÁI) | H91: HỘP | I91: 1 | J91: 0 | K91: =I91-J91 -> 1 | L91: PT1580268 | M91: TRBTSO5022 | N91: TO224293 | P91: 1 | Q91: =I91-J91-O91-P91 -> 0 | R91: PT1582120 | V91: Thiếu Item trong kiện | W91: DC thao tác sai | X91: =IF(VALUE(O91)<=0,"",IF(TRIM(W91)="Hao hụt","Hao hụt","Hao hụt")) | Y91: =IF(AND(N(P91)>0,OR(W91="DC giao bù",W91="VT giao sai điểm",W91="ST nhập thiếu",W91="DC pick sai",W91="ST kiểm sai QT",W91="ST thông tin sai/không phản hồi",W91="DC thao tác sai")),"Siêu thị","") -> Siêu thị | Z91: =IF(N(Q91)<=0,"",IF(ISNUMBER(SEARCH("Thiếu kiện",V91)),"Kho đông mát",IF(AND(N(Q91)>0,N(P91)>0,OR(ISNUMBER(SEARCH("Hình KDB",U91)),ISNUMBER(SEARCH("Hình tele",U91)),ISNUMBER(SEARCH("sai code",U91)),ISNUMBER(SEARCH("ST nhận",U91)))),"Kho đông mát",IF(AND(W91="DC giao thiếu",OR(ISNUMBER(SEARCH("Hình KDB",U91)),ISNUMBER(SEARCH("Hình tele",U91)),ISNUMBER(SEARCH("sai code",U91)))),"Kho đông mát",IF(W91="DC giao thiếu","Chưa xác định",IF(AND(W91="DC pick sai",OR(ISNUMBER(SEARCH("Hình KDB",U91)),ISNUMBER(SEARCH("Hình tele",U91)),ISNUMBER(SEARCH("sai code",U91)),ISNUMBER(SEARCH("ST nhận",U91)))),"Kho đông mát",IF(W91="DC pick sai","Chưa xác định",IF(AND(W91="Hao hụt",N(O91)>0,OR(ISNUMBER(SEARCH("Hình KDB",U91)),ISNUMBER(SEARCH("Hình tele",U91)),ISNUMBER(SEARCH("sai code",U91)),ISNUMBER(SEARCH("ST nhận",U91)))),"Kho đông mát",IF(W91="Hao hụt","Chưa xác định",IF(OR(W91="VT giao sai điểm",W91="Không đạt nhiệt độ",W91="TX giao thiếu kiện",W91="Hàng không đạt CL"),"Kho đông mát",IF(W91="Chưa xác định","Chưa xác định",IF(N(P91)>0,"Chưa xác định","")))))))))))) | AA91: Hoàn Thành | AG91: {=XLOOKUP(F91,'CLV2'!A:A,'CLV2'!E:E)} -> 2.BAKERY | AH91: {=XLOOKUP(F91,'CLV2'!A:A,'CLV2'!F:F)} -> 3.CAKES | AI91: =if(H91="KG","KG","Pack") -> Pack | AJ91: =K91/I91 -> 1 | AK91: {=XLOOKUP(F91,'GIÁ'!A:A,'GIÁ'!D:D)} -> 23426.40 | AL91: =VALUE(SUBSTITUTE(AK91, ".", ","))*K91 -> 23426.4 | AM91: =IF($X:$X="Hao hụt", VALUE(SUBSTITUTE($AK91, ".", ","))*O91, 0) -> 0 | AN91: =IF($Y:$Y="Siêu thị", VALUE(SUBSTITUTE(AK91, ".", ","))*P91, 0) -> 23426.4 | AO91: =IF($Z:$Z="Kho đông mát", VALUE(SUBSTITUTE(AK91, ".", ","))*Q91, 0) -> 0 | AP91: =IF($Z:$Z="Chưa xác định", VALUE(SUBSTITUTE(AK91, ".", ","))*Q91, 0) -> 0
A92: 46231 | B92: 0.40416667 | C92: KFM_HCM_BCH - 32A Đường Số 10 Bình Hưng | D92: {=XLOOKUP(C92,'DS ST'!A:A,'DS ST'!B:B)} -> A202 | E92: {=XLOOKUP($F92,'GIÁ'!$A:$A,'GIÁ'!$E:$E)} -> MÁT | F92: 8936176751014 | G92: TNT - CHÈ MÔN 140G | H92: LY | I92: 2 | J92: 1 | K92: =I92-J92 -> 1 | L92: PT1580435 | M92: TRBA202660 | N92: TO223943 | Q92: =I92-J92-O92-P92 -> 1 | S92: x | V92: Thiếu Item trong kiện | W92: DC giao thiếu | X92: =IF(VALUE(O92)<=0,"",IF(TRIM(W92)="Hao hụt","Hao hụt","Hao hụt")) | Y92: =IF(AND(N(P92)>0,OR(W92="DC giao bù",W92="VT giao sai điểm",W92="ST nhập thiếu",W92="DC pick sai",W92="ST kiểm sai QT",W92="ST thông tin sai/không phản hồi",W92="DC thao tác sai")),"Siêu thị","") | Z92: =IF(N(Q92)<=0,"",IF(ISNUMBER(SEARCH("Thiếu kiện",V92)),"Kho đông mát",IF(AND(N(Q92)>0,N(P92)>0,OR(ISNUMBER(SEARCH("Hình KDB",U92)),ISNUMBER(SEARCH("Hình tele",U92)),ISNUMBER(SEARCH("sai code",U92)),ISNUMBER(SEARCH("ST nhận",U92)))),"Kho đông mát",IF(AND(W92="DC giao thiếu",OR(ISNUMBER(SEARCH("Hình KDB",U92)),ISNUMBER(SEARCH("Hình tele",U92)),ISNUMBER(SEARCH("sai code",U92)))),"Kho đông mát",IF(W92="DC giao thiếu","Chưa xác định",IF(AND(W92="DC pick sai",OR(ISNUMBER(SEARCH("Hình KDB",U92)),ISNUMBER(SEARCH("Hình tele",U92)),ISNUMBER(SEARCH("sai code",U92)),ISNUMBER(SEARCH("ST nhận",U92)))),"Kho đông mát",IF(W92="DC pick sai","Chưa xác định",IF(AND(W92="Hao hụt",N(O92)>0,OR(ISNUMBER(SEARCH("Hình KDB",U92)),ISNUMBER(SEARCH("Hình tele",U92)),ISNUMBER(SEARCH("sai code",U92)),ISNUMBER(SEARCH("ST nhận",U92)))),"Kho đông mát",IF(W92="Hao hụt","Chưa xác định",IF(OR(W92="VT giao sai điểm",W92="Không đạt nhiệt độ",W92="TX giao thiếu kiện",W92="Hàng không đạt CL"),"Kho đông mát",IF(W92="Chưa xác định","Chưa xác định",IF(N(P92)>0,"Chưa xác định","")))))))))))) -> Chưa xác định | AA92: Hoàn Thành | AG92: {=XLOOKUP(F92,'CLV2'!A:A,'CLV2'!E:E)} -> 2.DELICA | AH92: {=XLOOKUP(F92,'CLV2'!A:A,'CLV2'!F:F)} -> 3.DESSERTS | AI92: =if(H92="KG","KG","Pack") -> Pack | AJ92: =K92/I92 -> 0.5 | AK92: {=XLOOKUP(F92,'GIÁ'!A:A,'GIÁ'!D:D)} -> 6650.00 | AL92: =VALUE(SUBSTITUTE(AK92, ".", ","))*K92 -> 6650 | AM92: =IF($X:$X="Hao hụt", VALUE(SUBSTITUTE($AK92, ".", ","))*O92, 0) -> 0 | AN92: =IF($Y:$Y="Siêu thị", VALUE(SUBSTITUTE(AK92, ".", ","))*P92, 0) -> 0 | AO92: =IF($Z:$Z="Kho đông mát", VALUE(SUBSTITUTE(AK92, ".", ","))*Q92, 0) -> 0 | AP92: =IF($Z:$Z="Chưa xác định", VALUE(SUBSTITUTE(AK92, ".", ","))*Q92, 0) -> 6650
A93: 46231 | B93: 0.40416667 | C93: KFM_HCM_BCH - 32A Đường Số 10 Bình Hưng | D93: {=XLOOKUP(C93,'DS ST'!A:A,'DS ST'!B:B)} -> A202 | E93: {=XLOOKUP($F93,'GIÁ'!$A:$A,'GIÁ'!$E:$E)} -> MÁT | F93: 8938508547609 | G93: BIBIGO - KIM CHI CẢI THẢO CHAY 500G | H93: TÚI | I93: 2 | J93: 1 | K93: =I93-J93 -> 1 | L93: PT1580435 | M93: TRBA202661 | N93: TO223943 | Q93: =I93-J93-O93-P93 -> 1 | S93: x | V93: Thiếu Item trong kiện | W93: DC giao thiếu | X93: =IF(VALUE(O93)<=0,"",IF(TRIM(W93)="Hao hụt","Hao hụt","Hao hụt")) | Y93: =IF(AND(N(P93)>0,OR(W93="DC giao bù",W93="VT giao sai điểm",W93="ST nhập thiếu",W93="DC pick sai",W93="ST kiểm sai QT",W93="ST thông tin sai/không phản hồi",W93="DC thao tác sai")),"Siêu thị","") | Z93: =IF(N(Q93)<=0,"",IF(ISNUMBER(SEARCH("Thiếu kiện",V93)),"Kho đông mát",IF(AND(N(Q93)>0,N(P93)>0,OR(ISNUMBER(SEARCH("Hình KDB",U93)),ISNUMBER(SEARCH("Hình tele",U93)),ISNUMBER(SEARCH("sai code",U93)),ISNUMBER(SEARCH("ST nhận",U93)))),"Kho đông mát",IF(AND(W93="DC giao thiếu",OR(ISNUMBER(SEARCH("Hình KDB",U93)),ISNUMBER(SEARCH("Hình tele",U93)),ISNUMBER(SEARCH("sai code",U93)))),"Kho đông mát",IF(W93="DC giao thiếu","Chưa xác định",IF(AND(W93="DC pick sai",OR(ISNUMBER(SEARCH("Hình KDB",U93)),ISNUMBER(SEARCH("Hình tele",U93)),ISNUMBER(SEARCH("sai code",U93)),ISNUMBER(SEARCH("ST nhận",U93)))),"Kho đông mát",IF(W93="DC pick sai","Chưa xác định",IF(AND(W93="Hao hụt",N(O93)>0,OR(ISNUMBER(SEARCH("Hình KDB",U93)),ISNUMBER(SEARCH("Hình tele",U93)),ISNUMBER(SEARCH("sai code",U93)),ISNUMBER(SEARCH("ST nhận",U93)))),"Kho đông mát",IF(W93="Hao hụt","Chưa xác định",IF(OR(W93="VT giao sai điểm",W93="Không đạt nhiệt độ",W93="TX giao thiếu kiện",W93="Hàng không đạt CL"),"Kho đông mát",IF(W93="Chưa xác định","Chưa xác định",IF(N(P93)>0,"Chưa xác định","")))))))))))) -> Chưa xác định | AA93: Hoàn Thành | AG93: {=XLOOKUP(F93,'CLV2'!A:A,'CLV2'!E:E)} -> 2.CHILLED FOODS | AH93: {=XLOOKUP(F93,'CLV2'!A:A,'CLV2'!F:F)} -> 3.OTHER CHILLED PRODUCTS | AI93: =if(H93="KG","KG","Pack") -> Pack | AJ93: =K93/I93 -> 0.5 | AK93: {=XLOOKUP(F93,'GIÁ'!A:A,'GIÁ'!D:D)} -> 34051.28 | AL93: =VALUE(SUBSTITUTE(AK93, ".", ","))*K93 -> 34051.28 | AM93: =IF($X:$X="Hao hụt", VALUE(SUBSTITUTE($AK93, ".", ","))*O93, 0) -> 0 | AN93: =IF($Y:$Y="Siêu thị", VALUE(SUBSTITUTE(AK93, ".", ","))*P93, 0) -> 0 | AO93: =IF($Z:$Z="Kho đông mát", VALUE(SUBSTITUTE(AK93, ".", ","))*Q93, 0) -> 0 | AP93: =IF($Z:$Z="Chưa xác định", VALUE(SUBSTITUTE(AK93, ".", ","))*Q93, 0) -> 34051.28
A94: 46231 | B94: 0.475 | C94: KFM_HCM_BCH - 511 Quốc Lộ 50 | D94: {=XLOOKUP(C94,'DS ST'!A:A,'DS ST'!B:B)} -> Q50 | E94: {=XLOOKUP($F94,'GIÁ'!$A:$A,'GIÁ'!$E:$E)} -> MÁT | F94: 10216 | G94: NẤM MỠ NÂU 150G | H94: HỘP | I94: 1 | J94: 0 | K94: =I94-J94 -> 1 | L94: PT1580421 | M94: TRBQ50751 | N94: #N/A | Q94: =I94-J94-O94-P94 -> 1 | V94: Thiếu Item trong kiện | W94: DC giao thiếu | X94: =IF(VALUE(O94)<=0,"",IF(TRIM(W94)="Hao hụt","Hao hụt","Hao hụt")) | Y94: =IF(AND(N(P94)>0,OR(W94="DC giao bù",W94="VT giao sai điểm",W94="ST nhập thiếu",W94="DC pick sai",W94="ST kiểm sai QT",W94="ST thông tin sai/không phản hồi",W94="DC thao tác sai")),"Siêu thị","") | Z94: Kho đông mát | AA94: Hoàn Thành | AB94: Q50 (1).mp4 Q50 (2).mp4 | AC94: Đồng ý claim | AG94: {=XLOOKUP(F94,'CLV2'!A:A,'CLV2'!E:E)} -> 2.VEGETABLES | AH94: {=XLOOKUP(F94,'CLV2'!A:A,'CLV2'!F:F)} -> 3.MUSHROOM | AI94: =if(H94="KG","KG","Pack") -> Pack | AJ94: =K94/I94 -> 1 | AK94: {=XLOOKUP(F94,'GIÁ'!A:A,'GIÁ'!D:D)} -> 41977.50 | AL94: =VALUE(SUBSTITUTE(AK94, ".", ","))*K94 -> 41977.5 | AM94: =IF($X:$X="Hao hụt", VALUE(SUBSTITUTE($AK94, ".", ","))*O94, 0) -> 0 | AN94: =IF($Y:$Y="Siêu thị", VALUE(SUBSTITUTE(AK94, ".", ","))*P94, 0) -> 0 | AO94: =IF($Z:$Z="Kho đông mát", VALUE(SUBSTITUTE(AK94, ".", ","))*Q94, 0) -> 41977.5 | AP94: =IF($Z:$Z="Chưa xác định", VALUE(SUBSTITUTE(AK94, ".", ","))*Q94, 0) -> 0
A95: 46231 | B95: 0.475 | C95: KFM_HCM_BCH - 511 Quốc Lộ 50 | D95: {=XLOOKUP(C95,'DS ST'!A:A,'DS ST'!B:B)} -> Q50 | E95: {=XLOOKUP($F95,'GIÁ'!$A:$A,'GIÁ'!$E:$E)} -> MÁT | F95: 8938562884061 | G95: MINH NHẬT - CÀ PHÊ MUỐI 100ML | H95: CHAI | I95: 1 | J95: 0 | K95: =I95-J95 -> 1 | L95: PT1580421 | M95: TRBQ50751 | N95: #N/A | Q95: =I95-J95-O95-P95 -> 1 | V95: Thiếu Item trong kiện | W95: DC giao thiếu | X95: =IF(VALUE(O95)<=0,"",IF(TRIM(W95)="Hao hụt","Hao hụt","Hao hụt")) | Y95: =IF(AND(N(P95)>0,OR(W95="DC giao bù",W95="VT giao sai điểm",W95="ST nhập thiếu",W95="DC pick sai",W95="ST kiểm sai QT",W95="ST thông tin sai/không phản hồi",W95="DC thao tác sai")),"Siêu thị","") | Z95: Kho đông mát | AA95: Hoàn Thành | AB95: Q50 (1).mp4 Q50 (2).mp4 | AC95: Đồng ý claim | AG95: {=XLOOKUP(F95,'CLV2'!A:A,'CLV2'!E:E)} -> 2.DELICA | AH95: {=XLOOKUP(F95,'CLV2'!A:A,'CLV2'!F:F)} -> 3.DRINKS | AI95: =if(H95="KG","KG","Pack") -> Pack | AJ95: =K95/I95 -> 1 | AK95: {=XLOOKUP(F95,'GIÁ'!A:A,'GIÁ'!D:D)} -> 8772.19 | AL95: =VALUE(SUBSTITUTE(AK95, ".", ","))*K95 -> 8772.19 | AM95: =IF($X:$X="Hao hụt", VALUE(SUBSTITUTE($AK95, ".", ","))*O95, 0) -> 0 | AN95: =IF($Y:$Y="Siêu thị", VALUE(SUBSTITUTE(AK95, ".", ","))*P95, 0) -> 0 | AO95: =IF($Z:$Z="Kho đông mát", VALUE(SUBSTITUTE(AK95, ".", ","))*Q95, 0) -> 8772.19 | AP95: =IF($Z:$Z="Chưa xác định", VALUE(SUBSTITUTE(AK95, ".", ","))*Q95, 0) -> 0
A96: 46231 | B96: 0.475 | C96: KFM_HCM_BCH - 511 Quốc Lộ 50 | D96: {=XLOOKUP(C96,'DS ST'!A:A,'DS ST'!B:B)} -> Q50 | E96: {=XLOOKUP($F96,'GIÁ'!$A:$A,'GIÁ'!$E:$E)} -> MÁT | F96: 8935007117135 | G96: LOTHAMILK - SỮA THANH TRÙNG CÓ ĐƯỜNG CHAI 473ML | H96: BÌNH | I96: 1 | J96: 0 | K96: =I96-J96 -> 1 | L96: PT1580421 | M96: TRBQ50751 | N96: #N/A | P96: 1 | Q96: =I96-J96-O96-P96 -> 0 | R96: PT1591267 | V96: Thiếu Item trong kiện | W96: ST nhập thiếu | X96: =IF(VALUE(O96)<=0,"",IF(TRIM(W96)="Hao hụt","Hao hụt","Hao hụt")) | Y96: =IF(AND(N(P96)>0,OR(W96="DC giao bù",W96="VT giao sai điểm",W96="ST nhập thiếu",W96="DC pick sai",W96="ST kiểm sai QT",W96="ST thông tin sai/không phản hồi",W96="DC thao tác sai")),"Siêu thị","") -> Siêu thị | Z96: Kho đông mát | AA96: Hoàn Thành | AB96: Q50 (1).mp4 Q50 (2).mp4 | AC96: Kiểm tra lại | AE96: DONE | AG96: {=XLOOKUP(F96,'CLV2'!A:A,'CLV2'!E:E)} -> 2.DAIRY | AH96: {=XLOOKUP(F96,'CLV2'!A:A,'CLV2'!F:F)} -> 3.FRESH MILK | AI96: =if(H96="KG","KG","Pack") -> Pack | AJ96: =K96/I96 -> 1 | AK96: {=XLOOKUP(F96,'GIÁ'!A:A,'GIÁ'!D:D)} -> 18613.38 | AL96: =VALUE(SUBSTITUTE(AK96, ".", ","))*K96 -> 18613.38 | AM96: =IF($X:$X="Hao hụt", VALUE(SUBSTITUTE($AK96, ".", ","))*O96, 0) -> 0 | AN96: =IF($Y:$Y="Siêu thị", VALUE(SUBSTITUTE(AK96, ".", ","))*P96, 0) -> 18613.38 | AO96: =IF($Z:$Z="Kho đông mát", VALUE(SUBSTITUTE(AK96, ".", ","))*Q96, 0) -> 0 | AP96: =IF($Z:$Z="Chưa xác định", VALUE(SUBSTITUTE(AK96, ".", ","))*Q96, 0) -> 0
A97: 46231 | B97: 0.475 | C97: KFM_HCM_BCH - 511 Quốc Lộ 50 | D97: {=XLOOKUP(C97,'DS ST'!A:A,'DS ST'!B:B)} -> Q50 | E97: {=XLOOKUP($F97,'GIÁ'!$A:$A,'GIÁ'!$E:$E)} -> MÁT | F97: 8936049693397 | G97: SALAD HỖN HỢP RAU XANH GLOBAL GAP 150G ( ĐÃ RỬA SẠCH) | H97: HỘP | I97: 1 | J97: 0 | K97: =I97-J97 -> 1 | L97: PT1580421 | M97: TRBQ50751 | N97: #N/A | Q97: =I97-J97-O97-P97 -> 1 | V97: Thiếu Item trong kiện | W97: DC giao thiếu | X97: =IF(VALUE(O97)<=0,"",IF(TRIM(W97)="Hao hụt","Hao hụt","Hao hụt")) | Y97: =IF(AND(N(P97)>0,OR(W97="DC giao bù",W97="VT giao sai điểm",W97="ST nhập thiếu",W97="DC pick sai",W97="ST kiểm sai QT",W97="ST thông tin sai/không phản hồi",W97="DC thao tác sai")),"Siêu thị","") | Z97: Kho đông mát | AA97: Hoàn Thành | AB97: Q50 (1).mp4 Q50 (2).mp4 | AC97: Đồng ý claim | AG97: {=XLOOKUP(F97,'CLV2'!A:A,'CLV2'!E:E)} -> 2.VEGETABLES | AH97: {=XLOOKUP(F97,'CLV2'!A:A,'CLV2'!F:F)} -> 3.LETTUCE, SNACKABLES | AI97: =if(H97="KG","KG","Pack") -> Pack | AJ97: =K97/I97 -> 1 | AK97: {=XLOOKUP(F97,'GIÁ'!A:A,'GIÁ'!D:D)} -> 29702.07 | AL97: =VALUE(SUBSTITUTE(AK97, ".", ","))*K97 -> 29702.07 | AM97: =IF($X:$X="Hao hụt", VALUE(SUBSTITUTE($AK97, ".", ","))*O97, 0) -> 0 | AN97: =IF($Y:$Y="Siêu thị", VALUE(SUBSTITUTE(AK97, ".", ","))*P97, 0) -> 0 | AO97: =IF($Z:$Z="Kho đông mát", VALUE(SUBSTITUTE(AK97, ".", ","))*Q97, 0) -> 29702.07 | AP97: =IF($Z:$Z="Chưa xác định", VALUE(SUBSTITUTE(AK97, ".", ","))*Q97, 0) -> 0
A98: 46231 | B98: 0.475 | C98: KFM_HCM_BCH - 511 Quốc Lộ 50 | D98: {=XLOOKUP(C98,'DS ST'!A:A,'DS ST'!B:B)} -> Q50 | E98: {=XLOOKUP($F98,'GIÁ'!$A:$A,'GIÁ'!$E:$E)} -> MÁT | F98: 8936049693908 | G98: HASFARM - HỖN HỢP XÀ LÁCH BABY VÀ ROCKET 100G ( ĐÃ RỬA SẠCH) | H98: HỘP | I98: 3 | J98: 0 | K98: =I98-J98 -> 3 | L98: PT1580421 | M98: TRBQ50751 | N98: #N/A | Q98: =I98-J98-O98-P98 -> 3 | V98: Thiếu Item trong kiện | W98: DC giao thiếu | X98: =IF(VALUE(O98)<=0,"",IF(TRIM(W98)="Hao hụt","Hao hụt","Hao hụt")) | Y98: =IF(AND(N(P98)>0,OR(W98="DC giao bù",W98="VT giao sai điểm",W98="ST nhập thiếu",W98="DC pick sai",W98="ST kiểm sai QT",W98="ST thông tin sai/không phản hồi",W98="DC thao tác sai")),"Siêu thị","") | Z98: Kho đông mát | AA98: Hoàn Thành | AB98: Q50 (1).mp4 Q50 (2).mp4 | AG98: {=XLOOKUP(F98,'CLV2'!A:A,'CLV2'!E:E)} -> 2.VEGETABLES | AH98: {=XLOOKUP(F98,'CLV2'!A:A,'CLV2'!F:F)} -> 3.LETTUCE, SNACKABLES | AI98: =if(H98="KG","KG","Pack") -> Pack | AJ98: =K98/I98 -> 1 | AK98: {=XLOOKUP(F98,'GIÁ'!A:A,'GIÁ'!D:D)} -> 20360.85 | AL98: =VALUE(SUBSTITUTE(AK98, ".", ","))*K98 -> 61082.55 | AM98: =IF($X:$X="Hao hụt", VALUE(SUBSTITUTE($AK98, ".", ","))*O98, 0) -> 0 | AN98: =IF($Y:$Y="Siêu thị", VALUE(SUBSTITUTE(AK98, ".", ","))*P98, 0) -> 0 | AO98: =IF($Z:$Z="Kho đông mát", VALUE(SUBSTITUTE(AK98, ".", ","))*Q98, 0) -> 61082.55 | AP98: =IF($Z:$Z="Chưa xác định", VALUE(SUBSTITUTE(AK98, ".", ","))*Q98, 0) -> 0
A99: 46231 | B99: 0.475 | C99: KFM_HCM_BCH - 511 Quốc Lộ 50 | D99: {=XLOOKUP(C99,'DS ST'!A:A,'DS ST'!B:B)} -> Q50 | E99: {=XLOOKUP($F99,'GIÁ'!$A:$A,'GIÁ'!$E:$E)} -> MÁT | F99: SP001575 | G99: BBANG HOUSE - BÁNH TIRAMISU 150G | H99: HỘP | I99: 1 | J99: 0 | K99: =I99-J99 -> 1 | L99: PT1580421 | M99: TRBQ50751 | N99: #N/A | Q99: =I99-J99-O99-P99 -> 1 | U99: ST nhận: Q7R, HMN - PT1581414, PT1582440 - 2/2 tổng thiếu | V99: Thiếu Item trong kiện | W99: DC pick sai | X99: =IF(VALUE(O99)<=0,"",IF(TRIM(W99)="Hao hụt","Hao hụt","Hao hụt")) | Y99: =IF(AND(N(P99)>0,OR(W99="DC giao bù",W99="VT giao sai điểm",W99="ST nhập thiếu",W99="DC pick sai",W99="ST kiểm sai QT",W99="ST thông tin sai/không phản hồi",W99="DC thao tác sai")),"Siêu thị","") | Z99: =IF(N(Q99)<=0,"",IF(ISNUMBER(SEARCH("Thiếu kiện",V99)),"Kho đông mát",IF(AND(N(Q99)>0,N(P99)>0,OR(ISNUMBER(SEARCH("Hình KDB",U99)),ISNUMBER(SEARCH("Hình tele",U99)),ISNUMBER(SEARCH("sai code",U99)),ISNUMBER(SEARCH("ST nhận",U99)))),"Kho đông mát",IF(AND(W99="DC giao thiếu",OR(ISNUMBER(SEARCH("Hình KDB",U99)),ISNUMBER(SEARCH("Hình tele",U99)),ISNUMBER(SEARCH("sai code",U99)))),"Kho đông mát",IF(W99="DC giao thiếu","Chưa xác định",IF(AND(W99="DC pick sai",OR(ISNUMBER(SEARCH("Hình KDB",U99)),ISNUMBER(SEARCH("Hình tele",U99)),ISNUMBER(SEARCH("sai code",U99)),ISNUMBER(SEARCH("ST nhận",U99)))),"Kho đông mát",IF(W99="DC pick sai","Chưa xác định",IF(AND(W99="Hao hụt",N(O99)>0,OR(ISNUMBER(SEARCH("Hình KDB",U99)),ISNUMBER(SEARCH("Hình tele",U99)),ISNUMBER(SEARCH("sai code",U99)),ISNUMBER(SEARCH("ST nhận",U99)))),"Kho đông mát",IF(W99="Hao hụt","Chưa xác định",IF(OR(W99="VT giao sai điểm",W99="Không đạt nhiệt độ",W99="TX giao thiếu kiện",W99="Hàng không đạt CL"),"Kho đông mát",IF(W99="Chưa xác định","Chưa xác định",IF(N(P99)>0,"Chưa xác định","")))))))))))) -> Kho đông mát | AA99: Hoàn Thành | AG99: {=XLOOKUP(F99,'CLV2'!A:A,'CLV2'!E:E)} -> 2.BAKERY | AH99: {=XLOOKUP(F99,'CLV2'!A:A,'CLV2'!F:F)} -> 3.CAKES | AI99: =if(H99="KG","KG","Pack") -> Pack | AJ99: =K99/I99 -> 1 | AK99: {=XLOOKUP(F99,'GIÁ'!A:A,'GIÁ'!D:D)} -> 27778.00 | AL99: =VALUE(SUBSTITUTE(AK99, ".", ","))*K99 -> 27778 | AM99: =IF($X:$X="Hao hụt", VALUE(SUBSTITUTE($AK99, ".", ","))*O99, 0) -> 0 | AN99: =IF($Y:$Y="Siêu thị", VALUE(SUBSTITUTE(AK99, ".", ","))*P99, 0) -> 0 | AO99: =IF($Z:$Z="Kho đông mát", VALUE(SUBSTITUTE(AK99, ".", ","))*Q99, 0) -> 27778 | AP99: =IF($Z:$Z="Chưa xác định", VALUE(SUBSTITUTE(AK99, ".", ","))*Q99, 0) -> 0
A100: 46231 | B100: 0.475 | C100: KFM_HCM_BCH - 511 Quốc Lộ 50 | D100: {=XLOOKUP(C100,'DS ST'!A:A,'DS ST'!B:B)} -> Q50 | E100: {=XLOOKUP($F100,'GIÁ'!$A:$A,'GIÁ'!$E:$E)} -> MÁT | F100: 8935058950927 | G100: CP - TÀU HŨ TRỨNG 220G | H100: CÁI | I100: 4 | J100: 0 | K100: =I100-J100 -> 4 | L100: PT1580421 | M100: TRBQ50751 | N100: #N/A | Q100: =I100-J100-O100-P100 -> 4 | V100: Thiếu Item trong kiện | W100: DC giao thiếu | X100: =IF(VALUE(O100)<=0,"",IF(TRIM(W100)="Hao hụt","Hao hụt","Hao hụt")) | Y100: =IF(AND(N(P100)>0,OR(W100="DC giao bù",W100="VT giao sai điểm",W100="ST nhập thiếu",W100="DC pick sai",W100="ST kiểm sai QT",W100="ST thông tin sai/không phản hồi",W100="DC thao tác sai")),"Siêu thị","") | Z100: Kho đông mát | AA100: Hoàn Thành | AB100: Q50 (1).mp4 Q50 (2).mp4 | AG100: {=XLOOKUP(F100,'CLV2'!A:A,'CLV2'!E:E)} -> 2.CHILLED FOODS | AH100: {=XLOOKUP(F100,'CLV2'!A:A,'CLV2'!F:F)} -> 3.OTHER CHILLED PRODUCTS | AI100: =if(H100="KG","KG","Pack") -> Pack | AJ100: =K100/I100 -> 1 | AK100: {=XLOOKUP(F100,'GIÁ'!A:A,'GIÁ'!D:D)} -> 8783.91 | AL100: =VALUE(SUBSTITUTE(AK100, ".", ","))*K100 -> 35135.64 | AM100: =IF($X:$X="Hao hụt", VALUE(SUBSTITUTE($AK100, ".", ","))*O100, 0) -> 0 | AN100: =IF($Y:$Y="Siêu thị", VALUE(SUBSTITUTE(AK100, ".", ","))*P100, 0) -> 0 | AO100: =IF($Z:$Z="Kho đông mát", VALUE(SUBSTITUTE(AK100, ".", ","))*Q100, 0) -> 35135.64 | AP100: =IF($Z:$Z="Chưa xác định", VALUE(SUBSTITUTE(AK100, ".", ","))*Q100, 0) -> 0
A101: 46231 | B101: 0.475 | C101: KFM_HCM_BCH - 511 Quốc Lộ 50 | D101: {=XLOOKUP(C101,'DS ST'!A:A,'DS ST'!B:B)} -> Q50 | E101: {=XLOOKUP($F101,'GIÁ'!$A:$A,'GIÁ'!$E:$E)} -> MÁT | F101: 11039 | G101: YOSHIMOTO - NẤM MỠ MIX PREMIUM GLOBALG.A.P 200G | H101: HỘP | I101: 1 | J101: 0 | K101: =I101-J101 -> 1 | L101: PT1580421 | M101: TRBQ50751 | N101: #N/A | Q101: =I101-J101-O101-P101 -> 1 | V101: Thiếu Item trong kiện | W101: DC giao thiếu | X101: =IF(VALUE(O101)<=0,"",IF(TRIM(W101)="Hao hụt","Hao hụt","Hao hụt")) | Y101: =IF(AND(N(P101)>0,OR(W101="DC giao bù",W101="VT giao sai điểm",W101="ST nhập thiếu",W101="DC pick sai",W101="ST kiểm sai QT",W101="ST thông tin sai/không phản hồi",W101="DC thao tác sai")),"Siêu thị","") | Z101: Kho đông mát | AA101: Hoàn Thành | AB101: Q50 (1).mp4 Q50 (2).mp4 | AC101: Đồng ý claim | AG101: {=XLOOKUP(F101,'CLV2'!A:A,'CLV2'!E:E)} -> 2.VEGETABLES | AH101: {=XLOOKUP(F101,'CLV2'!A:A,'CLV2'!F:F)} -> 3.MUSHROOM | AI101: =if(H101="KG","KG","Pack") -> Pack | AJ101: =K101/I101 -> 1 | AK101: {=XLOOKUP(F101,'GIÁ'!A:A,'GIÁ'!D:D)} -> 51687.36 | AL101: =VALUE(SUBSTITUTE(AK101, ".", ","))*K101 -> 51687.36 | AM101: =IF($X:$X="Hao hụt", VALUE(SUBSTITUTE($AK101, ".", ","))*O101, 0) -> 0 | AN101: =IF($Y:$Y="Siêu thị", VALUE(SUBSTITUTE(AK101, ".", ","))*P101, 0) -> 0 | AO101: =IF($Z:$Z="Kho đông mát", VALUE(SUBSTITUTE(AK101, ".", ","))*Q101, 0) -> 51687.36 | AP101: =IF($Z:$Z="Chưa xác định", VALUE(SUBSTITUTE(AK101, ".", ","))*Q101, 0) -> 0
A102: 46231 | B102: 0.475 | C102: KFM_HCM_BCH - 511 Quốc Lộ 50 | D102: {=XLOOKUP(C102,'DS ST'!A:A,'DS ST'!B:B)} -> Q50 | E102: {=XLOOKUP($F102,'GIÁ'!$A:$A,'GIÁ'!$E:$E)} -> MÁT | F102: 8938511301595 | G102: THƠM - TRÀ SỮA ÔLONG TỨ QUÝ 250ML | H102: CHAI | I102: 5 | J102: 0 | K102: =I102-J102 -> 5 | L102: PT1580421 | M102: TRBQ50751 | N102: #N/A | Q102: =I102-J102-O102-P102 -> 5 | V102: Thiếu Item trong kiện | W102: DC giao thiếu | X102: =IF(VALUE(O102)<=0,"",IF(TRIM(W102)="Hao hụt","Hao hụt","Hao hụt")) | Y102: =IF(AND(N(P102)>0,OR(W102="DC giao bù",W102="VT giao sai điểm",W102="ST nhập thiếu",W102="DC pick sai",W102="ST kiểm sai QT",W102="ST thông tin sai/không phản hồi",W102="DC thao tác sai")),"Siêu thị","") | Z102: Kho đông mát | AA102: Hoàn Thành | AB102: Q50 (1).mp4 Q50 (2).mp4 | AG102: {=XLOOKUP(F102,'CLV2'!A:A,'CLV2'!E:E)} -> 2.DELICA | AH102: {=XLOOKUP(F102,'CLV2'!A:A,'CLV2'!F:F)} -> 3.DRINKS | AI102: =if(H102="KG","KG","Pack") -> Pack | AJ102: =K102/I102 -> 1 | AK102: {=XLOOKUP(F102,'GIÁ'!A:A,'GIÁ'!D:D)} -> 13120.90 | AL102: =VALUE(SUBSTITUTE(AK102, ".", ","))*K102 -> 65604.5 | AM102: =IF($X:$X="Hao hụt", VALUE(SUBSTITUTE($AK102, ".", ","))*O102, 0) -> 0 | AN102: =IF($Y:$Y="Siêu thị", VALUE(SUBSTITUTE(AK102, ".", ","))*P102, 0) -> 0 | AO102: =IF($Z:$Z="Kho đông mát", VALUE(SUBSTITUTE(AK102, ".", ","))*Q102, 0) -> 65604.5 | AP102: =IF($Z:$Z="Chưa xác định", VALUE(SUBSTITUTE(AK102, ".", ","))*Q102, 0) -> 0
A103: 46231 | B103: 0.475 | C103: KFM_HCM_BCH - 511 Quốc Lộ 50 | D103: {=XLOOKUP(C103,'DS ST'!A:A,'DS ST'!B:B)} -> Q50 | E103: {=XLOOKUP($F103,'GIÁ'!$A:$A,'GIÁ'!$E:$E)} -> MÁT | F103: 8938511301212 | G103: THƠM - TÀU HŨ MATCHA 130G | H103: HŨ | I103: 4 | J103: 0 | K103: =I103-J103 -> 4 | L103: PT1580421 | M103: TRBQ50751 | N103: #N/A | Q103: =I103-J103-O103-P103 -> 4 | V103: Thiếu Item trong kiện | W103: DC giao thiếu | X103: =IF(VALUE(O103)<=0,"",IF(TRIM(W103)="Hao hụt","Hao hụt","Hao hụt")) | Y103: =IF(AND(N(P103)>0,OR(W103="DC giao bù",W103="VT giao sai điểm",W103="ST nhập thiếu",W103="DC pick sai",W103="ST kiểm sai QT",W103="ST thông tin sai/không phản hồi",W103="DC thao tác sai")),"Siêu thị","") | Z103: Kho đông mát | AA103: Hoàn Thành | AB103: Q50 (1).mp4 Q50 (2).mp4 | AG103: {=XLOOKUP(F103,'CLV2'!A:A,'CLV2'!E:E)} -> 2.DELICA | AH103: {=XLOOKUP(F103,'CLV2'!A:A,'CLV2'!F:F)} -> 3.DESSERTS | AI103: =if(H103="KG","KG","Pack") -> Pack | AJ103: =K103/I103 -> 1 | AK103: {=XLOOKUP(F103,'GIÁ'!A:A,'GIÁ'!D:D)} -> 12622.50 | AL103: =VALUE(SUBSTITUTE(AK103, ".", ","))*K103 -> 50490 | AM103: =IF($X:$X="Hao hụt", VALUE(SUBSTITUTE($AK103, ".", ","))*O103, 0) -> 0 | AN103: =IF($Y:$Y="Siêu thị", VALUE(SUBSTITUTE(AK103, ".", ","))*P103, 0) -> 0 | AO103: =IF($Z:$Z="Kho đông mát", VALUE(SUBSTITUTE(AK103, ".", ","))*Q103, 0) -> 50490 | AP103: =IF($Z:$Z="Chưa xác định", VALUE(SUBSTITUTE(AK103, ".", ","))*Q103, 0) -> 0
A104: 46231 | B104: 0.475 | C104: KFM_HCM_BCH - 511 Quốc Lộ 50 | D104: {=XLOOKUP(C104,'DS ST'!A:A,'DS ST'!B:B)} -> Q50 | E104: {=XLOOKUP($F104,'GIÁ'!$A:$A,'GIÁ'!$E:$E)} -> MÁT | F104: 8938511301618 | G104: THƠM - HỒNG TRÀ SỮA BÁ TƯỚC 250ML | H104: CHAI | I104: 3 | J104: 0 | K104: =I104-J104 -> 3 | L104: PT1580421 | M104: TRBQ50751 | N104: #N/A | Q104: =I104-J104-O104-P104 -> 3 | U104: ST nhận: HMN, A111 - PT1582440, PT1582249 - 5/5 tổng thiếu | V104: Thiếu Item trong kiện | W104: DC pick sai | X104: =IF(VALUE(O104)<=0,"",IF(TRIM(W104)="Hao hụt","Hao hụt","Hao hụt")) | Y104: =IF(AND(N(P104)>0,OR(W104="DC giao bù",W104="VT giao sai điểm",W104="ST nhập thiếu",W104="DC pick sai",W104="ST kiểm sai QT",W104="ST thông tin sai/không phản hồi",W104="DC thao tác sai")),"Siêu thị","") | Z104: =IF(N(Q104)<=0,"",IF(ISNUMBER(SEARCH("Thiếu kiện",V104)),"Kho đông mát",IF(AND(N(Q104)>0,N(P104)>0,OR(ISNUMBER(SEARCH("Hình KDB",U104)),ISNUMBER(SEARCH("Hình tele",U104)),ISNUMBER(SEARCH("sai code",U104)),ISNUMBER(SEARCH("ST nhận",U104)))),"Kho đông mát",IF(AND(W104="DC giao thiếu",OR(ISNUMBER(SEARCH("Hình KDB",U104)),ISNUMBER(SEARCH("Hình tele",U104)),ISNUMBER(SEARCH("sai code",U104)))),"Kho đông mát",IF(W104="DC giao thiếu","Chưa xác định",IF(AND(W104="DC pick sai",OR(ISNUMBER(SEARCH("Hình KDB",U104)),ISNUMBER(SEARCH("Hình tele",U104)),ISNUMBER(SEARCH("sai code",U104)),ISNUMBER(SEARCH("ST nhận",U104)))),"Kho đông mát",IF(W104="DC pick sai","Chưa xác định",IF(AND(W104="Hao hụt",N(O104)>0,OR(ISNUMBER(SEARCH("Hình KDB",U104)),ISNUMBER(SEARCH("Hình tele",U104)),ISNUMBER(SEARCH("sai code",U104)),ISNUMBER(SEARCH("ST nhận",U104)))),"Kho đông mát",IF(W104="Hao hụt","Chưa xác định",IF(OR(W104="VT giao sai điểm",W104="Không đạt nhiệt độ",W104="TX giao thiếu kiện",W104="Hàng không đạt CL"),"Kho đông mát",IF(W104="Chưa xác định","Chưa xác định",IF(N(P104)>0,"Chưa xác định","")))))))))))) -> Kho đông mát | AA104: Hoàn Thành | AG104: {=XLOOKUP(F104,'CLV2'!A:A,'CLV2'!E:E)} -> 2.DELICA | AH104: {=XLOOKUP(F104,'CLV2'!A:A,'CLV2'!F:F)} -> 3.DRINKS | AI104: =if(H104="KG","KG","Pack") -> Pack | AJ104: =K104/I104 -> 1 | AK104: {=XLOOKUP(F104,'GIÁ'!A:A,'GIÁ'!D:D)} -> 11687.57 | AL104: =VALUE(SUBSTITUTE(AK104, ".", ","))*K104 -> 35062.71 | AM104: =IF($X:$X="Hao hụt", VALUE(SUBSTITUTE($AK104, ".", ","))*O104, 0) -> 0 | AN104: =IF($Y:$Y="Siêu thị", VALUE(SUBSTITUTE(AK104, ".", ","))*P104, 0) -> 0 | AO104: =IF($Z:$Z="Kho đông mát", VALUE(SUBSTITUTE(AK104, ".", ","))*Q104, 0) -> 35062.71 | AP104: =IF($Z:$Z="Chưa xác định", VALUE(SUBSTITUTE(AK104, ".", ","))*Q104, 0) -> 0
A105: 46231 | B105: 0.46180556 | C105: KFM_HCM_BCH - 68 Đường Số 1 Khu dân cư 6B Intresco | D105: {=XLOOKUP(C105,'DS ST'!A:A,'DS ST'!B:B)} -> A140 | E105: {=XLOOKUP($F105,'GIÁ'!$A:$A,'GIÁ'!$E:$E)} -> MÁT | F105: 8936243700082 | G105: HẢI ĐĂNG - CƠM NẮM GÀ TERIYAKI 115G | H105: CÁI | I105: 2 | J105: 0 | K105: =I105-J105 -> 2 | L105: PT1580371 | M105: TRBA140656 | N105: TO224147 | Q105: =I105-J105-O105-P105 -> 2 | V105: Thiếu Item trong kiện | W105: DC giao thiếu | X105: =IF(VALUE(O105)<=0,"",IF(TRIM(W105)="Hao hụt","Hao hụt","Hao hụt")) | Y105: =IF(AND(N(P105)>0,OR(W105="DC giao bù",W105="VT giao sai điểm",W105="ST nhập thiếu",W105="DC pick sai",W105="ST kiểm sai QT",W105="ST thông tin sai/không phản hồi",W105="DC thao tác sai")),"Siêu thị","") | Z105: Kho đông mát | AA105: Hoàn Thành | AB105: A140 (1).mp4 A140 (2).mp4 A140 (3).mp4 | AC105: Đồng ý claim | AG105: {=XLOOKUP(F105,'CLV2'!A:A,'CLV2'!E:E)} -> 2.DELICA | AH105: {=XLOOKUP(F105,'CLV2'!A:A,'CLV2'!F:F)} -> 3.COLD AND HOT DELICA | AI105: =if(H105="KG","KG","Pack") -> Pack | AJ105: =K105/I105 -> 1 | AK105: {=XLOOKUP(F105,'GIÁ'!A:A,'GIÁ'!D:D)} -> 11859.91 | AL105: =VALUE(SUBSTITUTE(AK105, ".", ","))*K105 -> 23719.82 | AM105: =IF($X:$X="Hao hụt", VALUE(SUBSTITUTE($AK105, ".", ","))*O105, 0) -> 0 | AN105: =IF($Y:$Y="Siêu thị", VALUE(SUBSTITUTE(AK105, ".", ","))*P105, 0) -> 0 | AO105: =IF($Z:$Z="Kho đông mát", VALUE(SUBSTITUTE(AK105, ".", ","))*Q105, 0) -> 23719.82 | AP105: =IF($Z:$Z="Chưa xác định", VALUE(SUBSTITUTE(AK105, ".", ","))*Q105, 0) -> 0
A106: 46231 | B106: 0.46180556 | C106: KFM_HCM_BCH - 68 Đường Số 1 Khu dân cư 6B Intresco | D106: {=XLOOKUP(C106,'DS ST'!A:A,'DS ST'!B:B)} -> A140 | E106: {=XLOOKUP($F106,'GIÁ'!$A:$A,'GIÁ'!$E:$E)} -> MÁT | F106: 9336243005061 | G106: ROKEBY FARMS - THỨC UỐNG SMOOTHIE PROTEIN VỊ BÁNH XỐP VANI CHAI 425ML | H106: CHAI | I106: 4 | J106: 0 | K106: =I106-J106 -> 4 | L106: PT1580371 | M106: TRBA140659 | N106: TO224150 | Q106: =I106-J106-O106-P106 -> 4 | V106: Thiếu Item trong kiện | W106: DC giao thiếu | X106: =IF(VALUE(O106)<=0,"",IF(TRIM(W106)="Hao hụt","Hao hụt","Hao hụt")) | Y106: =IF(AND(N(P106)>0,OR(W106="DC giao bù",W106="VT giao sai điểm",W106="ST nhập thiếu",W106="DC pick sai",W106="ST kiểm sai QT",W106="ST thông tin sai/không phản hồi",W106="DC thao tác sai")),"Siêu thị","") | Z106: Kho đông mát | AA106: Hoàn Thành | AB106: A140 (1).mp4 A140 (2).mp4 A140 (3).mp4 | AC106: Đồng ý claim | AG106: {=XLOOKUP(F106,'CLV2'!A:A,'CLV2'!E:E)} -> 2.DAIRY | AH106: {=XLOOKUP(F106,'CLV2'!A:A,'CLV2'!F:F)} -> 3.FRESH MILK | AI106: =if(H106="KG","KG","Pack") -> Pack | AJ106: =K106/I106 -> 1 | AK106: {=XLOOKUP(F106,'GIÁ'!A:A,'GIÁ'!D:D)} -> 65093.08 | AL106: =VALUE(SUBSTITUTE(AK106, ".", ","))*K106 -> 260372.32 | AM106: =IF($X:$X="Hao hụt", VALUE(SUBSTITUTE($AK106, ".", ","))*O106, 0) -> 0 | AN106: =IF($Y:$Y="Siêu thị", VALUE(SUBSTITUTE(AK106, ".", ","))*P106, 0) -> 0 | AO106: =IF($Z:$Z="Kho đông mát", VALUE(SUBSTITUTE(AK106, ".", ","))*Q106, 0) -> 260372.32 | AP106: =IF($Z:$Z="Chưa xác định", VALUE(SUBSTITUTE(AK106, ".", ","))*Q106, 0) -> 0
A107: 46231 | B107: 0.44444444 | C107: KFM_HCM_BCH - A7-8 Valora Mizuki | D107: {=XLOOKUP(C107,'DS ST'!A:A,'DS ST'!B:B)} -> MZ2 | E107: {=XLOOKUP($F107,'GIÁ'!$A:$A,'GIÁ'!$E:$E)} -> MÁT | F107: 8935360200055 | G107: CHERRY MỸ 500G | H107: HỘP | I107: 7 | J107: 6 | K107: =I107-J107 -> 1 | L107: PT1580430 | M107: TRBMZ2214 | N107: TO224163 | Q107: =I107-J107-O107-P107 -> 1 | V107: Thiếu Item trong kiện | W107: DC giao thiếu | X107: =IF(VALUE(O107)<=0,"",IF(TRIM(W107)="Hao hụt","Hao hụt","Hao hụt")) | Y107: =IF(AND(N(P107)>0,OR(W107="DC giao bù",W107="VT giao sai điểm",W107="ST nhập thiếu",W107="DC pick sai",W107="ST kiểm sai QT",W107="ST thông tin sai/không phản hồi",W107="DC thao tác sai")),"Siêu thị","") | Z107: Kho đông mát | AA107: Hoàn Thành | AB107: MZ2 (1).mp4 MZ2 (2).mp4 | AC107: Đồng ý claim | AG107: {=XLOOKUP(F107,'CLV2'!A:A,'CLV2'!E:E)} -> 2.FRUITS | AH107: {=XLOOKUP(F107,'CLV2'!A:A,'CLV2'!F:F)} -> 3.IMPORT FRUITS | AI107: =if(H107="KG","KG","Pack") -> Pack | AJ107: =K107/I107 -> 0.14285714 | AK107: {=XLOOKUP(F107,'GIÁ'!A:A,'GIÁ'!D:D)} -> 188179.52 | AL107: =VALUE(SUBSTITUTE(AK107, ".", ","))*K107 -> 188179.52 | AM107: =IF($X:$X="Hao hụt", VALUE(SUBSTITUTE($AK107, ".", ","))*O107, 0) -> 0 | AN107: =IF($Y:$Y="Siêu thị", VALUE(SUBSTITUTE(AK107, ".", ","))*P107, 0) -> 0 | AO107: =IF($Z:$Z="Kho đông mát", VALUE(SUBSTITUTE(AK107, ".", ","))*Q107, 0) -> 188179.52 | AP107: =IF($Z:$Z="Chưa xác định", VALUE(SUBSTITUTE(AK107, ".", ","))*Q107, 0) -> 0
A108: 46231 | B108: 0.44444444 | C108: KFM_HCM_BCH - A7-8 Valora Mizuki | D108: {=XLOOKUP(C108,'DS ST'!A:A,'DS ST'!B:B)} -> MZ2 | E108: {=XLOOKUP($F108,'GIÁ'!$A:$A,'GIÁ'!$E:$E)} -> MÁT | F108: 8935128710109 | G108: BOTTEGA ZELACHI - PHÔ MAI MOZZARELLA BÀO 200G | H108: GÓI | I108: 4 | J108: 2 | K108: =I108-J108 -> 2 | L108: PT1580430 | M108: TRBMZ2666 | N108: TO224158 | Q108: =I108-J108-O108-P108 -> 2 | V108: Thiếu Item trong kiện | W108: DC giao thiếu | X108: =IF(VALUE(O108)<=0,"",IF(TRIM(W108)="Hao hụt","Hao hụt","Hao hụt")) | Y108: =IF(AND(N(P108)>0,OR(W108="DC giao bù",W108="VT giao sai điểm",W108="ST nhập thiếu",W108="DC pick sai",W108="ST kiểm sai QT",W108="ST thông tin sai/không phản hồi",W108="DC thao tác sai")),"Siêu thị","") | Z108: Kho đông mát | AA108: Hoàn Thành | AB108: MZ2 (1).mp4 MZ2 (2).mp4 | AG108: {=XLOOKUP(F108,'CLV2'!A:A,'CLV2'!E:E)} -> 2.DAIRY | AH108: {=XLOOKUP(F108,'CLV2'!A:A,'CLV2'!F:F)} -> 3.BUTTER AND CHEESE | AI108: =if(H108="KG","KG","Pack") -> Pack | AJ108: =K108/I108 -> 0.5 | AK108: {=XLOOKUP(F108,'GIÁ'!A:A,'GIÁ'!D:D)} -> 64810.60 | AL108: =VALUE(SUBSTITUTE(AK108, ".", ","))*K108 -> 129621.2 | AM108: =IF($X:$X="Hao hụt", VALUE(SUBSTITUTE($AK108, ".", ","))*O108, 0) -> 0 | AN108: =IF($Y:$Y="Siêu thị", VALUE(SUBSTITUTE(AK108, ".", ","))*P108, 0) -> 0 | AO108: =IF($Z:$Z="Kho đông mát", VALUE(SUBSTITUTE(AK108, ".", ","))*Q108, 0) -> 129621.2 | AP108: =IF($Z:$Z="Chưa xác định", VALUE(SUBSTITUTE(AK108, ".", ","))*Q108, 0) -> 0
A109: 46231 | B109: 0.46736111 | C109: KFM_HCM_BCH - Block G Conic Skyway | D109: {=XLOOKUP(C109,'DS ST'!A:A,'DS ST'!B:B)} -> A133 | E109: {=XLOOKUP($F109,'GIÁ'!$A:$A,'GIÁ'!$E:$E)} -> MÁT | F109: 11575 | G109: LÊ ĐƯỜNG TÚI 1.2KG | H109: TÚI | I109: 5 | J109: 4 | K109: =I109-J109 -> 1 | L109: PT1580366 | M109: TRBA133193 | N109: TO224153 | Q109: =I109-J109-O109-P109 -> 1 | S109: x | V109: Thiếu Item trong kiện | W109: DC giao thiếu | X109: =IF(VALUE(O109)<=0,"",IF(TRIM(W109)="Hao hụt","Hao hụt","Hao hụt")) | Y109: =IF(AND(N(P109)>0,OR(W109="DC giao bù",W109="VT giao sai điểm",W109="ST nhập thiếu",W109="DC pick sai",W109="ST kiểm sai QT",W109="ST thông tin sai/không phản hồi",W109="DC thao tác sai")),"Siêu thị","") | Z109: =IF(N(Q109)<=0,"",IF(ISNUMBER(SEARCH("Thiếu kiện",V109)),"Kho đông mát",IF(AND(N(Q109)>0,N(P109)>0,OR(ISNUMBER(SEARCH("Hình KDB",U109)),ISNUMBER(SEARCH("Hình tele",U109)),ISNUMBER(SEARCH("sai code",U109)),ISNUMBER(SEARCH("ST nhận",U109)))),"Kho đông mát",IF(AND(W109="DC giao thiếu",OR(ISNUMBER(SEARCH("Hình KDB",U109)),ISNUMBER(SEARCH("Hình tele",U109)),ISNUMBER(SEARCH("sai code",U109)))),"Kho đông mát",IF(W109="DC giao thiếu","Chưa xác định",IF(AND(W109="DC pick sai",OR(ISNUMBER(SEARCH("Hình KDB",U109)),ISNUMBER(SEARCH("Hình tele",U109)),ISNUMBER(SEARCH("sai code",U109)),ISNUMBER(SEARCH("ST nhận",U109)))),"Kho đông mát",IF(W109="DC pick sai","Chưa xác định",IF(AND(W109="Hao hụt",N(O109)>0,OR(ISNUMBER(SEARCH("Hình KDB",U109)),ISNUMBER(SEARCH("Hình tele",U109)),ISNUMBER(SEARCH("sai code",U109)),ISNUMBER(SEARCH("ST nhận",U109)))),"Kho đông mát",IF(W109="Hao hụt","Chưa xác định",IF(OR(W109="VT giao sai điểm",W109="Không đạt nhiệt độ",W109="TX giao thiếu kiện",W109="Hàng không đạt CL"),"Kho đông mát",IF(W109="Chưa xác định","Chưa xác định",IF(N(P109)>0,"Chưa xác định","")))))))))))) -> Chưa xác định | AA109: Hoàn Thành | AG109: {=XLOOKUP(F109,'CLV2'!A:A,'CLV2'!E:E)} -> 2.FRUITS | AH109: {=XLOOKUP(F109,'CLV2'!A:A,'CLV2'!F:F)} -> 3.IMPORT FRUITS | AI109: =if(H109="KG","KG","Pack") -> Pack | AJ109: =K109/I109 -> 0.2 | AK109: {=XLOOKUP(F109,'GIÁ'!A:A,'GIÁ'!D:D)} -> 54909.18 | AL109: =VALUE(SUBSTITUTE(AK109, ".", ","))*K109 -> 54909.18 | AM109: =IF($X:$X="Hao hụt", VALUE(SUBSTITUTE($AK109, ".", ","))*O109, 0) -> 0 | AN109: =IF($Y:$Y="Siêu thị", VALUE(SUBSTITUTE(AK109, ".", ","))*P109, 0) -> 0 | AO109: =IF($Z:$Z="Kho đông mát", VALUE(SUBSTITUTE(AK109, ".", ","))*Q109, 0) -> 0 | AP109: =IF($Z:$Z="Chưa xác định", VALUE(SUBSTITUTE(AK109, ".", ","))*Q109, 0) -> 54909.18
A110: 46231 | B110: 0.46736111 | C110: KFM_HCM_BCH - Block G Conic Skyway | D110: {=XLOOKUP(C110,'DS ST'!A:A,'DS ST'!B:B)} -> A133 | E110: {=XLOOKUP($F110,'GIÁ'!$A:$A,'GIÁ'!$E:$E)} -> MÁT | F110: 8936176751014 | G110: TNT - CHÈ MÔN 140G | H110: LY | I110: 2 | J110: 1 | K110: =I110-J110 -> 1 | L110: PT1580366 | M110: TRBA133412 | N110: TO224151 | Q110: =I110-J110-O110-P110 -> 1 | S110: x | V110: Thiếu Item trong kiện | W110: DC giao thiếu | X110: =IF(VALUE(O110)<=0,"",IF(TRIM(W110)="Hao hụt","Hao hụt","Hao hụt")) | Y110: =IF(AND(N(P110)>0,OR(W110="DC giao bù",W110="VT giao sai điểm",W110="ST nhập thiếu",W110="DC pick sai",W110="ST kiểm sai QT",W110="ST thông tin sai/không phản hồi",W110="DC thao tác sai")),"Siêu thị","") | Z110: =IF(N(Q110)<=0,"",IF(ISNUMBER(SEARCH("Thiếu kiện",V110)),"Kho đông mát",IF(AND(N(Q110)>0,N(P110)>0,OR(ISNUMBER(SEARCH("Hình KDB",U110)),ISNUMBER(SEARCH("Hình tele",U110)),ISNUMBER(SEARCH("sai code",U110)),ISNUMBER(SEARCH("ST nhận",U110)))),"Kho đông mát",IF(AND(W110="DC giao thiếu",OR(ISNUMBER(SEARCH("Hình KDB",U110)),ISNUMBER(SEARCH("Hình tele",U110)),ISNUMBER(SEARCH("sai code",U110)))),"Kho đông mát",IF(W110="DC giao thiếu","Chưa xác định",IF(AND(W110="DC pick sai",OR(ISNUMBER(SEARCH("Hình KDB",U110)),ISNUMBER(SEARCH("Hình tele",U110)),ISNUMBER(SEARCH("sai code",U110)),ISNUMBER(SEARCH("ST nhận",U110)))),"Kho đông mát",IF(W110="DC pick sai","Chưa xác định",IF(AND(W110="Hao hụt",N(O110)>0,OR(ISNUMBER(SEARCH("Hình KDB",U110)),ISNUMBER(SEARCH("Hình tele",U110)),ISNUMBER(SEARCH("sai code",U110)),ISNUMBER(SEARCH("ST nhận",U110)))),"Kho đông mát",IF(W110="Hao hụt","Chưa xác định",IF(OR(W110="VT giao sai điểm",W110="Không đạt nhiệt độ",W110="TX giao thiếu kiện",W110="Hàng không đạt CL"),"Kho đông mát",IF(W110="Chưa xác định","Chưa xác định",IF(N(P110)>0,"Chưa xác định","")))))))))))) -> Chưa xác định | AA110: Hoàn Thành | AG110: {=XLOOKUP(F110,'CLV2'!A:A,'CLV2'!E:E)} -> 2.DELICA | AH110: {=XLOOKUP(F110,'CLV2'!A:A,'CLV2'!F:F)} -> 3.DESSERTS | AI110: =if(H110="KG","KG","Pack") -> Pack | AJ110: =K110/I110 -> 0.5 | AK110: {=XLOOKUP(F110,'GIÁ'!A:A,'GIÁ'!D:D)} -> 6650.00 | AL110: =VALUE(SUBSTITUTE(AK110, ".", ","))*K110 -> 6650 | AM110: =IF($X:$X="Hao hụt", VALUE(SUBSTITUTE($AK110, ".", ","))*O110, 0) -> 0 | AN110: =IF($Y:$Y="Siêu thị", VALUE(SUBSTITUTE(AK110, ".", ","))*P110, 0) -> 0 | AO110: =IF($Z:$Z="Kho đông mát", VALUE(SUBSTITUTE(AK110, ".", ","))*Q110, 0) -> 0 | AP110: =IF($Z:$Z="Chưa xác định", VALUE(SUBSTITUTE(AK110, ".", ","))*Q110, 0) -> 6650
A111: 46231 | B111: 0.50347222 | C111: KFM_HCM_BCH - D-2.01A Westgate An Gia | D111: {=XLOOKUP(C111,'DS ST'!A:A,'DS ST'!B:B)} -> WGA | E111: {=XLOOKUP($F111,'GIÁ'!$A:$A,'GIÁ'!$E:$E)} -> MÁT | F111: 8936176751021 | G111: TNT - CHÈ BẮP 140G | H111: LY | I111: 2 | J111: 0 | K111: =I111-J111 -> 2 | L111: PT1580306 | M111: TRBWGA109 | N111: TO224430 | Q111: =I111-J111-O111-P111 -> 2 | S111: x | V111: Thiếu Item trong kiện | W111: DC giao thiếu | X111: =IF(VALUE(O111)<=0,"",IF(TRIM(W111)="Hao hụt","Hao hụt","Hao hụt")) | Y111: =IF(AND(N(P111)>0,OR(W111="DC giao bù",W111="VT giao sai điểm",W111="ST nhập thiếu",W111="DC pick sai",W111="ST kiểm sai QT",W111="ST thông tin sai/không phản hồi",W111="DC thao tác sai")),"Siêu thị","") | Z111: Kho đông mát | AA111: Hoàn Thành | AB111: WGA (1).mp4 WGA (2).mp4 | AG111: {=XLOOKUP(F111,'CLV2'!A:A,'CLV2'!E:E)} -> 2.DELICA | AH111: {=XLOOKUP(F111,'CLV2'!A:A,'CLV2'!F:F)} -> 3.DESSERTS | AI111: =if(H111="KG","KG","Pack") -> Pack | AJ111: =K111/I111 -> 1 | AK111: {=XLOOKUP(F111,'GIÁ'!A:A,'GIÁ'!D:D)} -> 6650.00 | AL111: =VALUE(SUBSTITUTE(AK111, ".", ","))*K111 -> 13300 | AM111: =IF($X:$X="Hao hụt", VALUE(SUBSTITUTE($AK111, ".", ","))*O111, 0) -> 0 | AN111: =IF($Y:$Y="Siêu thị", VALUE(SUBSTITUTE(AK111, ".", ","))*P111, 0) -> 0 | AO111: =IF($Z:$Z="Kho đông mát", VALUE(SUBSTITUTE(AK111, ".", ","))*Q111, 0) -> 13300 | AP111: =IF($Z:$Z="Chưa xác định", VALUE(SUBSTITUTE(AK111, ".", ","))*Q111, 0) -> 0
A112: 46231 | B112: 0.45277778 | C112: KFM_HCM_BCH - L1.08 Saigon Mia | D112: {=XLOOKUP(C112,'DS ST'!A:A,'DS ST'!B:B)} -> A184 | E112: {=XLOOKUP($F112,'GIÁ'!$A:$A,'GIÁ'!$E:$E)} -> MÁT | F112: 9336243005061 | G112: ROKEBY FARMS - THỨC UỐNG SMOOTHIE PROTEIN VỊ BÁNH XỐP VANI CHAI 425ML | H112: CHAI | I112: 2 | J112: 0 | K112: =I112-J112 -> 2 | L112: PT1580341 | M112: TRBA184197 | N112: TO224214 | Q112: =I112-J112-O112-P112 -> 2 | S112: x | V112: Thiếu Item trong kiện | W112: DC giao thiếu | X112: =IF(VALUE(O112)<=0,"",IF(TRIM(W112)="Hao hụt","Hao hụt","Hao hụt")) | Y112: =IF(AND(N(P112)>0,OR(W112="DC giao bù",W112="VT giao sai điểm",W112="ST nhập thiếu",W112="DC pick sai",W112="ST kiểm sai QT",W112="ST thông tin sai/không phản hồi",W112="DC thao tác sai")),"Siêu thị","") | Z112: Kho đông mát | AA112: Hoàn Thành | AB112: A184.mp4 | AG112: {=XLOOKUP(F112,'CLV2'!A:A,'CLV2'!E:E)} -> 2.DAIRY | AH112: {=XLOOKUP(F112,'CLV2'!A:A,'CLV2'!F:F)} -> 3.FRESH MILK | AI112: =if(H112="KG","KG","Pack") -> Pack | AJ112: =K112/I112 -> 1 | AK112: {=XLOOKUP(F112,'GIÁ'!A:A,'GIÁ'!D:D)} -> 65093.08 | AL112: =VALUE(SUBSTITUTE(AK112, ".", ","))*K112 -> 130186.16 | AM112: =IF($X:$X="Hao hụt", VALUE(SUBSTITUTE($AK112, ".", ","))*O112, 0) -> 0 | AN112: =IF($Y:$Y="Siêu thị", VALUE(SUBSTITUTE(AK112, ".", ","))*P112, 0) -> 0 | AO112: =IF($Z:$Z="Kho đông mát", VALUE(SUBSTITUTE(AK112, ".", ","))*Q112, 0) -> 130186.16 | AP112: =IF($Z:$Z="Chưa xác định", VALUE(SUBSTITUTE(AK112, ".", ","))*Q112, 0) -> 0
A113: 46231 | B113: 0.45277778 | C113: KFM_HCM_BCH - L1.08 Saigon Mia | D113: {=XLOOKUP(C113,'DS ST'!A:A,'DS ST'!B:B)} -> A184 | E113: {=XLOOKUP($F113,'GIÁ'!$A:$A,'GIÁ'!$E:$E)} -> MÁT | F113: 8938541439817 | G113: TÁO TÚI 1.5KG | H113: TÚI | I113: 4 | J113: 3 | K113: =I113-J113 -> 1 | L113: PT1580341 | M113: TRBA184204 | N113: TO224214 | Q113: =I113-J113-O113-P113 -> 1 | S113: x | U113: Hình tele/ST nhận: A147, A207 - PT1581116, PT1581370 - 2/2 tổng thiếu | V113: Thiếu Item trong kiện | W113: DC pick sai | X113: =IF(VALUE(O113)<=0,"",IF(TRIM(W113)="Hao hụt","Hao hụt","Hao hụt")) | Y113: =IF(AND(N(P113)>0,OR(W113="DC giao bù",W113="VT giao sai điểm",W113="ST nhập thiếu",W113="DC pick sai",W113="ST kiểm sai QT",W113="ST thông tin sai/không phản hồi",W113="DC thao tác sai")),"Siêu thị","") | Z113: =IF(N(Q113)<=0,"",IF(ISNUMBER(SEARCH("Thiếu kiện",V113)),"Kho đông mát",IF(AND(N(Q113)>0,N(P113)>0,OR(ISNUMBER(SEARCH("Hình KDB",U113)),ISNUMBER(SEARCH("Hình tele",U113)),ISNUMBER(SEARCH("sai code",U113)),ISNUMBER(SEARCH("ST nhận",U113)))),"Kho đông mát",IF(AND(W113="DC giao thiếu",OR(ISNUMBER(SEARCH("Hình KDB",U113)),ISNUMBER(SEARCH("Hình tele",U113)),ISNUMBER(SEARCH("sai code",U113)))),"Kho đông mát",IF(W113="DC giao thiếu","Chưa xác định",IF(AND(W113="DC pick sai",OR(ISNUMBER(SEARCH("Hình KDB",U113)),ISNUMBER(SEARCH("Hình tele",U113)),ISNUMBER(SEARCH("sai code",U113)),ISNUMBER(SEARCH("ST nhận",U113)))),"Kho đông mát",IF(W113="DC pick sai","Chưa xác định",IF(AND(W113="Hao hụt",N(O113)>0,OR(ISNUMBER(SEARCH("Hình KDB",U113)),ISNUMBER(SEARCH("Hình tele",U113)),ISNUMBER(SEARCH("sai code",U113)),ISNUMBER(SEARCH("ST nhận",U113)))),"Kho đông mát",IF(W113="Hao hụt","Chưa xác định",IF(OR(W113="VT giao sai điểm",W113="Không đạt nhiệt độ",W113="TX giao thiếu kiện",W113="Hàng không đạt CL"),"Kho đông mát",IF(W113="Chưa xác định","Chưa xác định",IF(N(P113)>0,"Chưa xác định","")))))))))))) -> Kho đông mát | AA113: Hoàn Thành | AG113: {=XLOOKUP(F113,'CLV2'!A:A,'CLV2'!E:E)} -> 2.FRUITS | AH113: {=XLOOKUP(F113,'CLV2'!A:A,'CLV2'!F:F)} -> 3.IMPORT FRUITS | AI113: =if(H113="KG","KG","Pack") -> Pack | AJ113: =K113/I113 -> 0.25 | AK113: {=XLOOKUP(F113,'GIÁ'!A:A,'GIÁ'!D:D)} -> 72485.08 | AL113: =VALUE(SUBSTITUTE(AK113, ".", ","))*K113 -> 72485.08 | AM113: =IF($X:$X="Hao hụt", VALUE(SUBSTITUTE($AK113, ".", ","))*O113, 0) -> 0 | AN113: =IF($Y:$Y="Siêu thị", VALUE(SUBSTITUTE(AK113, ".", ","))*P113, 0) -> 0 | AO113: =IF($Z:$Z="Kho đông mát", VALUE(SUBSTITUTE(AK113, ".", ","))*Q113, 0) -> 72485.08 | AP113: =IF($Z:$Z="Chưa xác định", VALUE(SUBSTITUTE(AK113, ".", ","))*Q113, 0) -> 0
A114: 46231 | B114: 0.45 | C114: KFM_HCM_BCH - TMDV2 Mizuki Park | D114: {=XLOOKUP(C114,'DS ST'!A:A,'DS ST'!B:B)} -> MZK | E114: {=XLOOKUP($F114,'GIÁ'!$A:$A,'GIÁ'!$E:$E)} -> MÁT | F114: 8936176751014 | G114: TNT - CHÈ MÔN 140G | H114: LY | I114: 2 | J114: 1 | K114: =I114-J114 -> 1 | L114: PT1580369 | M114: TRBMZK669 | N114: TO224164 | Q114: =I114-J114-O114-P114 -> 1 | T114: PT1582635 | U114: hình kdb | V114: Thiếu Item trong kiện | W114: DC giao thiếu | X114: =IF(VALUE(O114)<=0,"",IF(TRIM(W114)="Hao hụt","Hao hụt","Hao hụt")) | Y114: =IF(AND(N(P114)>0,OR(W114="DC giao bù",W114="VT giao sai điểm",W114="ST nhập thiếu",W114="DC pick sai",W114="ST kiểm sai QT",W114="ST thông tin sai/không phản hồi",W114="DC thao tác sai")),"Siêu thị","") | Z114: =IF(N(Q114)<=0,"",IF(ISNUMBER(SEARCH("Thiếu kiện",V114)),"Kho đông mát",IF(AND(N(Q114)>0,N(P114)>0,OR(ISNUMBER(SEARCH("Hình KDB",U114)),ISNUMBER(SEARCH("Hình tele",U114)),ISNUMBER(SEARCH("sai code",U114)),ISNUMBER(SEARCH("ST nhận",U114)))),"Kho đông mát",IF(AND(W114="DC giao thiếu",OR(ISNUMBER(SEARCH("Hình KDB",U114)),ISNUMBER(SEARCH("Hình tele",U114)),ISNUMBER(SEARCH("sai code",U114)))),"Kho đông mát",IF(W114="DC giao thiếu","Chưa xác định",IF(AND(W114="DC pick sai",OR(ISNUMBER(SEARCH("Hình KDB",U114)),ISNUMBER(SEARCH("Hình tele",U114)),ISNUMBER(SEARCH("sai code",U114)),ISNUMBER(SEARCH("ST nhận",U114)))),"Kho đông mát",IF(W114="DC pick sai","Chưa xác định",IF(AND(W114="Hao hụt",N(O114)>0,OR(ISNUMBER(SEARCH("Hình KDB",U114)),ISNUMBER(SEARCH("Hình tele",U114)),ISNUMBER(SEARCH("sai code",U114)),ISNUMBER(SEARCH("ST nhận",U114)))),"Kho đông mát",IF(W114="Hao hụt","Chưa xác định",IF(OR(W114="VT giao sai điểm",W114="Không đạt nhiệt độ",W114="TX giao thiếu kiện",W114="Hàng không đạt CL"),"Kho đông mát",IF(W114="Chưa xác định","Chưa xác định",IF(N(P114)>0,"Chưa xác định","")))))))))))) -> Kho đông mát | AA114: Hoàn Thành | AC114: Đồng ý claim | AG114: {=XLOOKUP(F114,'CLV2'!A:A,'CLV2'!E:E)} -> 2.DELICA | AH114: {=XLOOKUP(F114,'CLV2'!A:A,'CLV2'!F:F)} -> 3.DESSERTS | AI114: =if(H114="KG","KG","Pack") -> Pack | AJ114: =K114/I114 -> 0.5 | AK114: {=XLOOKUP(F114,'GIÁ'!A:A,'GIÁ'!D:D)} -> 6650.00 | AL114: =VALUE(SUBSTITUTE(AK114, ".", ","))*K114 -> 6650 | AM114: =IF($X:$X="Hao hụt", VALUE(SUBSTITUTE($AK114, ".", ","))*O114, 0) -> 0 | AN114: =IF($Y:$Y="Siêu thị", VALUE(SUBSTITUTE(AK114, ".", ","))*P114, 0) -> 0 | AO114: =IF($Z:$Z="Kho đông mát", VALUE(SUBSTITUTE(AK114, ".", ","))*Q114, 0) -> 6650 | AP114: =IF($Z:$Z="Chưa xác định", VALUE(SUBSTITUTE(AK114, ".", ","))*Q114, 0) -> 0
A115: 46231 | B115: 0.49166667 | C115: KFM_HCM_BTA - 197 Đường số 1 An Lạc | D115: {=XLOOKUP(C115,'DS ST'!A:A,'DS ST'!B:B)} -> A139 | E115: {=XLOOKUP($F115,'GIÁ'!$A:$A,'GIÁ'!$E:$E)} -> MÁT | F115: 11542 | G115: HỖN HỢP SU SU VÀ CÀ RỐT 300G | H115: KHAY | I115: 3 | J115: 0 | K115: =I115-J115 -> 3 | L115: PT1580286 | M115: TRBA139001 | N115: TO224200 | Q115: =I115-J115-O115-P115 -> 3 | S115: x | V115: Thiếu Item trong kiện | W115: DC giao thiếu | X115: =IF(VALUE(O115)<=0,"",IF(TRIM(W115)="Hao hụt","Hao hụt","Hao hụt")) | Y115: =IF(AND(N(P115)>0,OR(W115="DC giao bù",W115="VT giao sai điểm",W115="ST nhập thiếu",W115="DC pick sai",W115="ST kiểm sai QT",W115="ST thông tin sai/không phản hồi",W115="DC thao tác sai")),"Siêu thị","") | Z115: =IF(N(Q115)<=0,"",IF(ISNUMBER(SEARCH("Thiếu kiện",V115)),"Kho đông mát",IF(AND(N(Q115)>0,N(P115)>0,OR(ISNUMBER(SEARCH("Hình KDB",U115)),ISNUMBER(SEARCH("Hình tele",U115)),ISNUMBER(SEARCH("sai code",U115)),ISNUMBER(SEARCH("ST nhận",U115)))),"Kho đông mát",IF(AND(W115="DC giao thiếu",OR(ISNUMBER(SEARCH("Hình KDB",U115)),ISNUMBER(SEARCH("Hình tele",U115)),ISNUMBER(SEARCH("sai code",U115)))),"Kho đông mát",IF(W115="DC giao thiếu","Chưa xác định",IF(AND(W115="DC pick sai",OR(ISNUMBER(SEARCH("Hình KDB",U115)),ISNUMBER(SEARCH("Hình tele",U115)),ISNUMBER(SEARCH("sai code",U115)),ISNUMBER(SEARCH("ST nhận",U115)))),"Kho đông mát",IF(W115="DC pick sai","Chưa xác định",IF(AND(W115="Hao hụt",N(O115)>0,OR(ISNUMBER(SEARCH("Hình KDB",U115)),ISNUMBER(SEARCH("Hình tele",U115)),ISNUMBER(SEARCH("sai code",U115)),ISNUMBER(SEARCH("ST nhận",U115)))),"Kho đông mát",IF(W115="Hao hụt","Chưa xác định",IF(OR(W115="VT giao sai điểm",W115="Không đạt nhiệt độ",W115="TX giao thiếu kiện",W115="Hàng không đạt CL"),"Kho đông mát",IF(W115="Chưa xác định","Chưa xác định",IF(N(P115)>0,"Chưa xác định","")))))))))))) -> Chưa xác định | AA115: Hoàn Thành | AG115: {=XLOOKUP(F115,'CLV2'!A:A,'CLV2'!E:E)} -> 2.VEGETABLES | AH115: {=XLOOKUP(F115,'CLV2'!A:A,'CLV2'!F:F)} -> 3.PROCESSED VEGGIES | AI115: =if(H115="KG","KG","Pack") -> Pack | AJ115: =K115/I115 -> 1 | AK115: {=XLOOKUP(F115,'GIÁ'!A:A,'GIÁ'!D:D)} -> 14473.30 | AL115: =VALUE(SUBSTITUTE(AK115, ".", ","))*K115 -> 43419.9 | AM115: =IF($X:$X="Hao hụt", VALUE(SUBSTITUTE($AK115, ".", ","))*O115, 0) -> 0 | AN115: =IF($Y:$Y="Siêu thị", VALUE(SUBSTITUTE(AK115, ".", ","))*P115, 0) -> 0 | AO115: =IF($Z:$Z="Kho đông mát", VALUE(SUBSTITUTE(AK115, ".", ","))*Q115, 0) -> 0 | AP115: =IF($Z:$Z="Chưa xác định", VALUE(SUBSTITUTE(AK115, ".", ","))*Q115, 0) -> 43419.9
A116: 46231 | B116: 0.47777778 | C116: KFM_HCM_BTA - 235 Đường Số 6 An Lạc | D116: {=XLOOKUP(C116,'DS ST'!A:A,'DS ST'!B:B)} -> A221 | E116: {=XLOOKUP($F116,'GIÁ'!$A:$A,'GIÁ'!$E:$E)} -> MÁT | F116: 8936176751014 | G116: TNT - CHÈ MÔN 140G | H116: LY | I116: 2 | J116: 1 | K116: =I116-J116 -> 1 | L116: PT1580244 | M116: TRBA221215 | N116: TO224138 | Q116: =I116-J116-O116-P116 -> 1 | V116: Thiếu Item trong kiện | W116: DC giao thiếu | X116: =IF(VALUE(O116)<=0,"",IF(TRIM(W116)="Hao hụt","Hao hụt","Hao hụt")) | Y116: =IF(AND(N(P116)>0,OR(W116="DC giao bù",W116="VT giao sai điểm",W116="ST nhập thiếu",W116="DC pick sai",W116="ST kiểm sai QT",W116="ST thông tin sai/không phản hồi",W116="DC thao tác sai")),"Siêu thị","") | Z116: =IF(N(Q116)<=0,"",IF(ISNUMBER(SEARCH("Thiếu kiện",V116)),"Kho đông mát",IF(AND(N(Q116)>0,N(P116)>0,OR(ISNUMBER(SEARCH("Hình KDB",U116)),ISNUMBER(SEARCH("Hình tele",U116)),ISNUMBER(SEARCH("sai code",U116)),ISNUMBER(SEARCH("ST nhận",U116)))),"Kho đông mát",IF(AND(W116="DC giao thiếu",OR(ISNUMBER(SEARCH("Hình KDB",U116)),ISNUMBER(SEARCH("Hình tele",U116)),ISNUMBER(SEARCH("sai code",U116)))),"Kho đông mát",IF(W116="DC giao thiếu","Chưa xác định",IF(AND(W116="DC pick sai",OR(ISNUMBER(SEARCH("Hình KDB",U116)),ISNUMBER(SEARCH("Hình tele",U116)),ISNUMBER(SEARCH("sai code",U116)),ISNUMBER(SEARCH("ST nhận",U116)))),"Kho đông mát",IF(W116="DC pick sai","Chưa xác định",IF(AND(W116="Hao hụt",N(O116)>0,OR(ISNUMBER(SEARCH("Hình KDB",U116)),ISNUMBER(SEARCH("Hình tele",U116)),ISNUMBER(SEARCH("sai code",U116)),ISNUMBER(SEARCH("ST nhận",U116)))),"Kho đông mát",IF(W116="Hao hụt","Chưa xác định",IF(OR(W116="VT giao sai điểm",W116="Không đạt nhiệt độ",W116="TX giao thiếu kiện",W116="Hàng không đạt CL"),"Kho đông mát",IF(W116="Chưa xác định","Chưa xác định",IF(N(P116)>0,"Chưa xác định","")))))))))))) -> Chưa xác định | AA116: Hoàn Thành | AG116: {=XLOOKUP(F116,'CLV2'!A:A,'CLV2'!E:E)} -> 2.DELICA | AH116: {=XLOOKUP(F116,'CLV2'!A:A,'CLV2'!F:F)} -> 3.DESSERTS | AI116: =if(H116="KG","KG","Pack") -> Pack | AJ116: =K116/I116 -> 0.5 | AK116: {=XLOOKUP(F116,'GIÁ'!A:A,'GIÁ'!D:D)} -> 6650.00 | AL116: =VALUE(SUBSTITUTE(AK116, ".", ","))*K116 -> 6650 | AM116: =IF($X:$X="Hao hụt", VALUE(SUBSTITUTE($AK116, ".", ","))*O116, 0) -> 0 | AN116: =IF($Y:$Y="Siêu thị", VALUE(SUBSTITUTE(AK116, ".", ","))*P116, 0) -> 0 | AO116: =IF($Z:$Z="Kho đông mát", VALUE(SUBSTITUTE(AK116, ".", ","))*Q116, 0) -> 0 | AP116: =IF($Z:$Z="Chưa xác định", VALUE(SUBSTITUTE(AK116, ".", ","))*Q116, 0) -> 6650
A117: 46231 | B117: 0.50416667 | C117: KFM_HCM_BTA - 4535 Nguyễn Cửu Phú | D117: {=XLOOKUP(C117,'DS ST'!A:A,'DS ST'!B:B)} -> A134 | E117: {=XLOOKUP($F117,'GIÁ'!$A:$A,'GIÁ'!$E:$E)} -> MÁT | F117: 8935007117098 | G117: LOTHAMILK - SỮA THANH TRÙNG CÓ ĐƯỜNG 857ML | H117: BÌNH | I117: 2 | J117: 1 | K117: =I117-J117 -> 1 | L117: PT1580233 | M117: TRBA134002 | N117: TO224222 | Q117: =I117-J117-O117-P117 -> 1 | S117: x | V117: Thiếu Item trong kiện | W117: DC giao thiếu | X117: =IF(VALUE(O117)<=0,"",IF(TRIM(W117)="Hao hụt","Hao hụt","Hao hụt")) | Y117: =IF(AND(N(P117)>0,OR(W117="DC giao bù",W117="VT giao sai điểm",W117="ST nhập thiếu",W117="DC pick sai",W117="ST kiểm sai QT",W117="ST thông tin sai/không phản hồi",W117="DC thao tác sai")),"Siêu thị","") | Z117: =IF(N(Q117)<=0,"",IF(ISNUMBER(SEARCH("Thiếu kiện",V117)),"Kho đông mát",IF(AND(N(Q117)>0,N(P117)>0,OR(ISNUMBER(SEARCH("Hình KDB",U117)),ISNUMBER(SEARCH("Hình tele",U117)),ISNUMBER(SEARCH("sai code",U117)),ISNUMBER(SEARCH("ST nhận",U117)))),"Kho đông mát",IF(AND(W117="DC giao thiếu",OR(ISNUMBER(SEARCH("Hình KDB",U117)),ISNUMBER(SEARCH("Hình tele",U117)),ISNUMBER(SEARCH("sai code",U117)))),"Kho đông mát",IF(W117="DC giao thiếu","Chưa xác định",IF(AND(W117="DC pick sai",OR(ISNUMBER(SEARCH("Hình KDB",U117)),ISNUMBER(SEARCH("Hình tele",U117)),ISNUMBER(SEARCH("sai code",U117)),ISNUMBER(SEARCH("ST nhận",U117)))),"Kho đông mát",IF(W117="DC pick sai","Chưa xác định",IF(AND(W117="Hao hụt",N(O117)>0,OR(ISNUMBER(SEARCH("Hình KDB",U117)),ISNUMBER(SEARCH("Hình tele",U117)),ISNUMBER(SEARCH("sai code",U117)),ISNUMBER(SEARCH("ST nhận",U117)))),"Kho đông mát",IF(W117="Hao hụt","Chưa xác định",IF(OR(W117="VT giao sai điểm",W117="Không đạt nhiệt độ",W117="TX giao thiếu kiện",W117="Hàng không đạt CL"),"Kho đông mát",IF(W117="Chưa xác định","Chưa xác định",IF(N(P117)>0,"Chưa xác định","")))))))))))) -> Chưa xác định | AA117: Hoàn Thành | AG117: {=XLOOKUP(F117,'CLV2'!A:A,'CLV2'!E:E)} -> 2.DAIRY | AH117: {=XLOOKUP(F117,'CLV2'!A:A,'CLV2'!F:F)} -> 3.FRESH MILK | AI117: =if(H117="KG","KG","Pack") -> Pack | AJ117: =K117/I117 -> 0.5 | AK117: {=XLOOKUP(F117,'GIÁ'!A:A,'GIÁ'!D:D)} -> 30354.96 | AL117: =VALUE(SUBSTITUTE(AK117, ".", ","))*K117 -> 30354.96 | AM117: =IF($X:$X="Hao hụt", VALUE(SUBSTITUTE($AK117, ".", ","))*O117, 0) -> 0 | AN117: =IF($Y:$Y="Siêu thị", VALUE(SUBSTITUTE(AK117, ".", ","))*P117, 0) -> 0 | AO117: =IF($Z:$Z="Kho đông mát", VALUE(SUBSTITUTE(AK117, ".", ","))*Q117, 0) -> 0 | AP117: =IF($Z:$Z="Chưa xác định", VALUE(SUBSTITUTE(AK117, ".", ","))*Q117, 0) -> 30354.96
A118: 46231 | B118: 0.50416667 | C118: KFM_HCM_BTA - 4535 Nguyễn Cửu Phú | D118: {=XLOOKUP(C118,'DS ST'!A:A,'DS ST'!B:B)} -> A134 | E118: {=XLOOKUP($F118,'GIÁ'!$A:$A,'GIÁ'!$E:$E)} -> MÁT | F118: 8936176750017 | G118: TNT - RAU CÂU NƯỚC DỪA 140G | H118: LY | I118: 3 | J118: 2 | K118: =I118-J118 -> 1 | L118: PT1580233 | M118: TRBA134003 | N118: TO224241 | Q118: =I118-J118-O118-P118 -> 1 | S118: x | V118: Thiếu Item trong kiện | W118: DC giao thiếu | X118: =IF(VALUE(O118)<=0,"",IF(TRIM(W118)="Hao hụt","Hao hụt","Hao hụt")) | Y118: =IF(AND(N(P118)>0,OR(W118="DC giao bù",W118="VT giao sai điểm",W118="ST nhập thiếu",W118="DC pick sai",W118="ST kiểm sai QT",W118="ST thông tin sai/không phản hồi",W118="DC thao tác sai")),"Siêu thị","") | Z118: =IF(N(Q118)<=0,"",IF(ISNUMBER(SEARCH("Thiếu kiện",V118)),"Kho đông mát",IF(AND(N(Q118)>0,N(P118)>0,OR(ISNUMBER(SEARCH("Hình KDB",U118)),ISNUMBER(SEARCH("Hình tele",U118)),ISNUMBER(SEARCH("sai code",U118)),ISNUMBER(SEARCH("ST nhận",U118)))),"Kho đông mát",IF(AND(W118="DC giao thiếu",OR(ISNUMBER(SEARCH("Hình KDB",U118)),ISNUMBER(SEARCH("Hình tele",U118)),ISNUMBER(SEARCH("sai code",U118)))),"Kho đông mát",IF(W118="DC giao thiếu","Chưa xác định",IF(AND(W118="DC pick sai",OR(ISNUMBER(SEARCH("Hình KDB",U118)),ISNUMBER(SEARCH("Hình tele",U118)),ISNUMBER(SEARCH("sai code",U118)),ISNUMBER(SEARCH("ST nhận",U118)))),"Kho đông mát",IF(W118="DC pick sai","Chưa xác định",IF(AND(W118="Hao hụt",N(O118)>0,OR(ISNUMBER(SEARCH("Hình KDB",U118)),ISNUMBER(SEARCH("Hình tele",U118)),ISNUMBER(SEARCH("sai code",U118)),ISNUMBER(SEARCH("ST nhận",U118)))),"Kho đông mát",IF(W118="Hao hụt","Chưa xác định",IF(OR(W118="VT giao sai điểm",W118="Không đạt nhiệt độ",W118="TX giao thiếu kiện",W118="Hàng không đạt CL"),"Kho đông mát",IF(W118="Chưa xác định","Chưa xác định",IF(N(P118)>0,"Chưa xác định","")))))))))))) -> Chưa xác định | AA118: Hoàn Thành | AG118: {=XLOOKUP(F118,'CLV2'!A:A,'CLV2'!E:E)} -> 2.DELICA | AH118: {=XLOOKUP(F118,'CLV2'!A:A,'CLV2'!F:F)} -> 3.DESSERTS | AI118: =if(H118="KG","KG","Pack") -> Pack | AJ118: =K118/I118 -> 0.33333333 | AK118: {=XLOOKUP(F118,'GIÁ'!A:A,'GIÁ'!D:D)} -> 6650.00 | AL118: =VALUE(SUBSTITUTE(AK118, ".", ","))*K118 -> 6650 | AM118: =IF($X:$X="Hao hụt", VALUE(SUBSTITUTE($AK118, ".", ","))*O118, 0) -> 0 | AN118: =IF($Y:$Y="Siêu thị", VALUE(SUBSTITUTE(AK118, ".", ","))*P118, 0) -> 0 | AO118: =IF($Z:$Z="Kho đông mát", VALUE(SUBSTITUTE(AK118, ".", ","))*Q118, 0) -> 0 | AP118: =IF($Z:$Z="Chưa xác định", VALUE(SUBSTITUTE(AK118, ".", ","))*Q118, 0) -> 6650
A119: 46231 | B119: 0.46666667 | C119: KFM_HCM_BTA - A10-0.02 Ehome 3 | D119: {=XLOOKUP(C119,'DS ST'!A:A,'DS ST'!B:B)} -> EH3 | E119: {=XLOOKUP($F119,'GIÁ'!$A:$A,'GIÁ'!$E:$E)} -> MÁT | F119: 8936176751021 | G119: TNT - CHÈ BẮP 140G | H119: LY | I119: 2 | J119: 1 | K119: =I119-J119 -> 1 | L119: PT1580427 | M119: TRBEH3194 | N119: TO224453 | Q119: =I119-J119-O119-P119 -> 1 | V119: Thiếu Item trong kiện | W119: DC giao thiếu | X119: =IF(VALUE(O119)<=0,"",IF(TRIM(W119)="Hao hụt","Hao hụt","Hao hụt")) | Y119: =IF(AND(N(P119)>0,OR(W119="DC giao bù",W119="VT giao sai điểm",W119="ST nhập thiếu",W119="DC pick sai",W119="ST kiểm sai QT",W119="ST thông tin sai/không phản hồi",W119="DC thao tác sai")),"Siêu thị","") | Z119: Kho đông mát | AA119: Hoàn Thành | AB119: EH3 (1).mp4 EH3 (2).mp4 | AG119: {=XLOOKUP(F119,'CLV2'!A:A,'CLV2'!E:E)} -> 2.DELICA | AH119: {=XLOOKUP(F119,'CLV2'!A:A,'CLV2'!F:F)} -> 3.DESSERTS | AI119: =if(H119="KG","KG","Pack") -> Pack | AJ119: =K119/I119 -> 0.5 | AK119: {=XLOOKUP(F119,'GIÁ'!A:A,'GIÁ'!D:D)} -> 6650.00 | AL119: =VALUE(SUBSTITUTE(AK119, ".", ","))*K119 -> 6650 | AM119: =IF($X:$X="Hao hụt", VALUE(SUBSTITUTE($AK119, ".", ","))*O119, 0) -> 0 | AN119: =IF($Y:$Y="Siêu thị", VALUE(SUBSTITUTE(AK119, ".", ","))*P119, 0) -> 0 | AO119: =IF($Z:$Z="Kho đông mát", VALUE(SUBSTITUTE(AK119, ".", ","))*Q119, 0) -> 6650 | AP119: =IF($Z:$Z="Chưa xác định", VALUE(SUBSTITUTE(AK119, ".", ","))*Q119, 0) -> 0
A120: 46231 | B120: 0.46666667 | C120: KFM_HCM_BTA - A10-0.02 Ehome 3 | D120: {=XLOOKUP(C120,'DS ST'!A:A,'DS ST'!B:B)} -> EH3 | E120: {=XLOOKUP($F120,'GIÁ'!$A:$A,'GIÁ'!$E:$E)} -> MÁT | F120: 8938500844157 | G120: VỊ NGUYÊN - ĐẬU HŨ CHIÊN LƯỚT VÁN 300G | H120: HỘP | I120: 8 | J120: 7 | K120: =I120-J120 -> 1 | L120: PT1580427 | M120: TRBEH3651 | N120: TO224126 | Q120: =I120-J120-O120-P120 -> 1 | V120: Thiếu Item trong kiện | W120: DC giao thiếu | X120: =IF(VALUE(O120)<=0,"",IF(TRIM(W120)="Hao hụt","Hao hụt","Hao hụt")) | Y120: =IF(AND(N(P120)>0,OR(W120="DC giao bù",W120="VT giao sai điểm",W120="ST nhập thiếu",W120="DC pick sai",W120="ST kiểm sai QT",W120="ST thông tin sai/không phản hồi",W120="DC thao tác sai")),"Siêu thị","") | Z120: Kho đông mát | AA120: Hoàn Thành | AB120: EH3 (1).mp4 EH3 (2).mp4 | AG120: {=XLOOKUP(F120,'CLV2'!A:A,'CLV2'!E:E)} -> 2.CHILLED FOODS | AH120: {=XLOOKUP(F120,'CLV2'!A:A,'CLV2'!F:F)} -> 3.OTHER CHILLED PRODUCTS | AI120: =if(H120="KG","KG","Pack") -> Pack | AJ120: =K120/I120 -> 0.125 | AK120: {=XLOOKUP(F120,'GIÁ'!A:A,'GIÁ'!D:D)} -> 9990.85 | AL120: =VALUE(SUBSTITUTE(AK120, ".", ","))*K120 -> 9990.85 | AM120: =IF($X:$X="Hao hụt", VALUE(SUBSTITUTE($AK120, ".", ","))*O120, 0) -> 0 | AN120: =IF($Y:$Y="Siêu thị", VALUE(SUBSTITUTE(AK120, ".", ","))*P120, 0) -> 0 | AO120: =IF($Z:$Z="Kho đông mát", VALUE(SUBSTITUTE(AK120, ".", ","))*Q120, 0) -> 9990.85 | AP120: =IF($Z:$Z="Chưa xác định", VALUE(SUBSTITUTE(AK120, ".", ","))*Q120, 0) -> 0
A121: 46231 | B121: 0.46666667 | C121: KFM_HCM_BTA - A10-0.02 Ehome 3 | D121: {=XLOOKUP(C121,'DS ST'!A:A,'DS ST'!B:B)} -> EH3 | E121: {=XLOOKUP($F121,'GIÁ'!$A:$A,'GIÁ'!$E:$E)} -> MÁT | F121: 8938562884191 | G121: MINH NHẬT - RAU CÂU FLAN PHOMAI CÀ PHÊ 300G | H121: HỘP | I121: 1 | J121: 0 | K121: =I121-J121 -> 1 | L121: PT1580427 | M121: TRBEH3652 | N121: TO224453 | Q121: =I121-J121-O121-P121 -> 1 | V121: Thiếu Item trong kiện | W121: DC giao thiếu | X121: =IF(VALUE(O121)<=0,"",IF(TRIM(W121)="Hao hụt","Hao hụt","Hao hụt")) | Y121: =IF(AND(N(P121)>0,OR(W121="DC giao bù",W121="VT giao sai điểm",W121="ST nhập thiếu",W121="DC pick sai",W121="ST kiểm sai QT",W121="ST thông tin sai/không phản hồi",W121="DC thao tác sai")),"Siêu thị","") | Z121: Kho đông mát | AA121: Hoàn Thành | AB121: EH3 (1).mp4 EH3 (2).mp4 | AG121: {=XLOOKUP(F121,'CLV2'!A:A,'CLV2'!E:E)} -> 2.DELICA | AH121: {=XLOOKUP(F121,'CLV2'!A:A,'CLV2'!F:F)} -> 3.DESSERTS | AI121: =if(H121="KG","KG","Pack") -> Pack | AJ121: =K121/I121 -> 1 | AK121: {=XLOOKUP(F121,'GIÁ'!A:A,'GIÁ'!D:D)} -> 22288.67 | AL121: =VALUE(SUBSTITUTE(AK121, ".", ","))*K121 -> 22288.67 | AM121: =IF($X:$X="Hao hụt", VALUE(SUBSTITUTE($AK121, ".", ","))*O121, 0) -> 0 | AN121: =IF($Y:$Y="Siêu thị", VALUE(SUBSTITUTE(AK121, ".", ","))*P121, 0) -> 0 | AO121: =IF($Z:$Z="Kho đông mát", VALUE(SUBSTITUTE(AK121, ".", ","))*Q121, 0) -> 22288.67 | AP121: =IF($Z:$Z="Chưa xác định", VALUE(SUBSTITUTE(AK121, ".", ","))*Q121, 0) -> 0
A122: 46231 | B122: 0.46666667 | C122: KFM_HCM_BTA - A10-0.02 Ehome 3 | D122: {=XLOOKUP(C122,'DS ST'!A:A,'DS ST'!B:B)} -> EH3 | E122: {=XLOOKUP($F122,'GIÁ'!$A:$A,'GIÁ'!$E:$E)} -> MÁT | F122: 8936176751014 | G122: TNT - CHÈ MÔN 140G | H122: LY | I122: 2 | J122: 1 | K122: =I122-J122 -> 1 | L122: PT1580427 | M122: TRBEH3654 | N122: TO224453 | Q122: =I122-J122-O122-P122 -> 1 | V122: Thiếu Item trong kiện | W122: DC giao thiếu | X122: =IF(VALUE(O122)<=0,"",IF(TRIM(W122)="Hao hụt","Hao hụt","Hao hụt")) | Y122: =IF(AND(N(P122)>0,OR(W122="DC giao bù",W122="VT giao sai điểm",W122="ST nhập thiếu",W122="DC pick sai",W122="ST kiểm sai QT",W122="ST thông tin sai/không phản hồi",W122="DC thao tác sai")),"Siêu thị","") | Z122: Kho đông mát | AA122: Hoàn Thành | AB122: EH3 (1).mp4 EH3 (2).mp4 | AG122: {=XLOOKUP(F122,'CLV2'!A:A,'CLV2'!E:E)} -> 2.DELICA | AH122: {=XLOOKUP(F122,'CLV2'!A:A,'CLV2'!F:F)} -> 3.DESSERTS | AI122: =if(H122="KG","KG","Pack") -> Pack | AJ122: =K122/I122 -> 0.5 | AK122: {=XLOOKUP(F122,'GIÁ'!A:A,'GIÁ'!D:D)} -> 6650.00 | AL122: =VALUE(SUBSTITUTE(AK122, ".", ","))*K122 -> 6650 | AM122: =IF($X:$X="Hao hụt", VALUE(SUBSTITUTE($AK122, ".", ","))*O122, 0) -> 0 | AN122: =IF($Y:$Y="Siêu thị", VALUE(SUBSTITUTE(AK122, ".", ","))*P122, 0) -> 0 | AO122: =IF($Z:$Z="Kho đông mát", VALUE(SUBSTITUTE(AK122, ".", ","))*Q122, 0) -> 6650 | AP122: =IF($Z:$Z="Chưa xác định", VALUE(SUBSTITUTE(AK122, ".", ","))*Q122, 0) -> 0
